backend,variant,nlev,N_e,N_c,N_v,cell_dist,config_label,TX,TY,BX,BY,run_id,time_ms
gpu,1,96,81920,81920,81920,exact,1x1_256x1,1,1,256,1,0,0.238721
gpu,1,96,81920,81920,81920,exact,1x1_256x1,1,1,256,1,1,0.151161
gpu,1,96,81920,81920,81920,exact,1x1_256x1,1,1,256,1,2,0.152120
gpu,1,96,81920,81920,81920,exact,1x1_256x1,1,1,256,1,3,0.151241
gpu,1,96,81920,81920,81920,exact,1x1_256x1,1,1,256,1,4,0.149961
gpu,1,96,81920,81920,81920,exact,1x1_256x1,1,1,256,1,5,0.150401
gpu,1,96,81920,81920,81920,exact,1x1_256x1,1,1,256,1,6,0.149201
gpu,1,96,81920,81920,81920,exact,1x1_256x1,1,1,256,1,7,0.147082
gpu,1,96,81920,81920,81920,exact,1x1_256x1,1,1,256,1,8,0.149041
gpu,1,96,81920,81920,81920,exact,1x1_256x1,1,1,256,1,9,0.147521
gpu,1,96,81920,81920,81920,exact,1x1_256x1,1,1,256,1,10,0.146000
gpu,1,96,81920,81920,81920,exact,1x1_256x1,1,1,256,1,11,0.145441
gpu,1,96,81920,81920,81920,exact,1x1_256x1,1,1,256,1,12,0.145240
gpu,1,96,81920,81920,81920,exact,1x1_256x1,1,1,256,1,13,0.146161
gpu,1,96,81920,81920,81920,exact,1x1_256x1,1,1,256,1,14,0.146840
gpu,1,96,81920,81920,81920,exact,1x1_256x1,1,1,256,1,15,0.147681
gpu,1,96,81920,81920,81920,exact,1x1_256x1,1,1,256,1,16,0.147800
gpu,1,96,81920,81920,81920,exact,1x1_256x1,1,1,256,1,17,0.147241
gpu,1,96,81920,81920,81920,exact,1x1_256x1,1,1,256,1,18,0.146960
gpu,1,96,81920,81920,81920,exact,1x1_256x1,1,1,256,1,19,0.147881
gpu,1,96,81920,81920,81920,exact,1x1_256x1,1,1,256,1,20,0.148280
gpu,1,96,81920,81920,81920,exact,1x1_256x1,1,1,256,1,21,0.149921
gpu,1,96,81920,81920,81920,exact,1x1_256x1,1,1,256,1,22,0.147120
gpu,1,96,81920,81920,81920,exact,1x1_256x1,1,1,256,1,23,0.146641
gpu,1,96,81920,81920,81920,exact,1x1_256x1,1,1,256,1,24,0.150720
gpu,1,96,81920,81920,81920,exact,1x1_256x1,1,1,256,1,25,0.148241
gpu,1,96,81920,81920,81920,exact,1x1_256x1,1,1,256,1,26,0.149400
gpu,1,96,81920,81920,81920,exact,1x1_256x1,1,1,256,1,27,0.148041
gpu,1,96,81920,81920,81920,exact,1x1_256x1,1,1,256,1,28,0.150520
gpu,1,96,81920,81920,81920,exact,1x1_256x1,1,1,256,1,29,0.146642
gpu,1,96,81920,81920,81920,exact,1x1_256x1,1,1,256,1,30,0.151160
gpu,1,96,81920,81920,81920,exact,1x1_256x1,1,1,256,1,31,0.148921
gpu,1,96,81920,81920,81920,exact,1x1_256x1,1,1,256,1,32,0.149160
gpu,1,96,81920,81920,81920,exact,1x1_256x1,1,1,256,1,33,0.150282
gpu,1,96,81920,81920,81920,exact,1x1_256x1,1,1,256,1,34,0.150280
gpu,1,96,81920,81920,81920,exact,1x1_256x1,1,1,256,1,35,0.152001
gpu,1,96,81920,81920,81920,exact,1x1_256x1,1,1,256,1,36,0.148080
gpu,1,96,81920,81920,81920,exact,1x1_256x1,1,1,256,1,37,0.150121
gpu,1,96,81920,81920,81920,exact,1x1_256x1,1,1,256,1,38,0.149000
gpu,1,96,81920,81920,81920,exact,1x1_256x1,1,1,256,1,39,0.148681
gpu,1,96,81920,81920,81920,exact,1x1_256x1,1,1,256,1,40,0.149080
gpu,1,96,81920,81920,81920,exact,1x1_256x1,1,1,256,1,41,0.148002
gpu,1,96,81920,81920,81920,exact,1x1_256x1,1,1,256,1,42,0.150720
gpu,1,96,81920,81920,81920,exact,1x1_256x1,1,1,256,1,43,0.149641
gpu,1,96,81920,81920,81920,exact,1x1_256x1,1,1,256,1,44,0.149480
gpu,1,96,81920,81920,81920,exact,1x1_256x1,1,1,256,1,45,0.149921
gpu,1,96,81920,81920,81920,exact,1x1_256x1,1,1,256,1,46,0.149680
gpu,1,96,81920,81920,81920,exact,1x1_256x1,1,1,256,1,47,0.148921
gpu,1,96,81920,81920,81920,exact,1x1_256x1,1,1,256,1,48,0.150160
gpu,1,96,81920,81920,81920,exact,1x1_256x1,1,1,256,1,49,0.150361
gpu,1,96,81920,81920,81920,exact,1x1_256x1,1,1,256,1,50,0.150280
gpu,1,96,81920,81920,81920,exact,1x1_256x1,1,1,256,1,51,0.151362
gpu,1,96,81920,81920,81920,exact,1x1_256x1,1,1,256,1,52,0.150400
gpu,1,96,81920,81920,81920,exact,1x1_256x1,1,1,256,1,53,0.150241
gpu,1,96,81920,81920,81920,exact,1x1_256x1,1,1,256,1,54,0.149360
gpu,1,96,81920,81920,81920,exact,1x1_256x1,1,1,256,1,55,0.150361
gpu,1,96,81920,81920,81920,exact,1x1_256x1,1,1,256,1,56,0.151320
gpu,1,96,81920,81920,81920,exact,1x1_256x1,1,1,256,1,57,0.149521
gpu,1,96,81920,81920,81920,exact,1x1_256x1,1,1,256,1,58,0.151000
gpu,1,96,81920,81920,81920,exact,1x1_256x1,1,1,256,1,59,0.150601
gpu,1,96,81920,81920,81920,exact,1x1_256x1,1,1,256,1,60,0.150040
gpu,1,96,81920,81920,81920,exact,1x1_256x1,1,1,256,1,61,0.150161
gpu,1,96,81920,81920,81920,exact,1x1_256x1,1,1,256,1,62,0.149800
gpu,1,96,81920,81920,81920,exact,1x1_256x1,1,1,256,1,63,0.151641
gpu,1,96,81920,81920,81920,exact,1x1_256x1,1,1,256,1,64,0.150920
gpu,1,96,81920,81920,81920,exact,1x1_256x1,1,1,256,1,65,0.150282
gpu,1,96,81920,81920,81920,exact,1x1_256x1,1,1,256,1,66,0.149120
gpu,1,96,81920,81920,81920,exact,1x1_256x1,1,1,256,1,67,0.151442
gpu,1,96,81920,81920,81920,exact,1x1_256x1,1,1,256,1,68,0.152800
gpu,1,96,81920,81920,81920,exact,1x1_256x1,1,1,256,1,69,0.149561
gpu,1,96,81920,81920,81920,exact,1x1_256x1,1,1,256,1,70,0.149281
gpu,1,96,81920,81920,81920,exact,1x1_256x1,1,1,256,1,71,0.150041
gpu,1,96,81920,81920,81920,exact,1x1_256x1,1,1,256,1,72,0.149560
gpu,1,96,81920,81920,81920,exact,1x1_256x1,1,1,256,1,73,0.149842
gpu,1,96,81920,81920,81920,exact,1x1_256x1,1,1,256,1,74,0.222421
gpu,1,96,81920,81920,81920,exact,1x1_256x1,1,1,256,1,75,0.151761
gpu,1,96,81920,81920,81920,exact,1x1_256x1,1,1,256,1,76,0.151160
gpu,1,96,81920,81920,81920,exact,1x1_256x1,1,1,256,1,77,0.149761
gpu,1,96,81920,81920,81920,exact,1x1_256x1,1,1,256,1,78,0.148800
gpu,1,96,81920,81920,81920,exact,1x1_256x1,1,1,256,1,79,0.150241
gpu,1,96,81920,81920,81920,exact,1x1_256x1,1,1,256,1,80,0.151160
gpu,1,96,81920,81920,81920,exact,1x1_256x1,1,1,256,1,81,0.150561
gpu,1,96,81920,81920,81920,exact,1x1_256x1,1,1,256,1,82,0.150360
gpu,1,96,81920,81920,81920,exact,1x1_256x1,1,1,256,1,83,0.150841
gpu,1,96,81920,81920,81920,exact,1x1_256x1,1,1,256,1,84,0.151480
gpu,1,96,81920,81920,81920,exact,1x1_256x1,1,1,256,1,85,0.149801
gpu,1,96,81920,81920,81920,exact,1x1_256x1,1,1,256,1,86,0.149720
gpu,1,96,81920,81920,81920,exact,1x1_256x1,1,1,256,1,87,0.151481
gpu,1,96,81920,81920,81920,exact,1x1_256x1,1,1,256,1,88,0.149040
gpu,1,96,81920,81920,81920,exact,1x1_256x1,1,1,256,1,89,0.150201
gpu,1,96,81920,81920,81920,exact,1x1_256x1,1,1,256,1,90,0.150520
gpu,1,96,81920,81920,81920,exact,1x1_256x1,1,1,256,1,91,0.149161
gpu,1,96,81920,81920,81920,exact,1x1_256x1,1,1,256,1,92,0.150560
gpu,1,96,81920,81920,81920,exact,1x1_256x1,1,1,256,1,93,0.150442
gpu,1,96,81920,81920,81920,exact,1x1_256x1,1,1,256,1,94,0.150600
gpu,1,96,81920,81920,81920,exact,1x1_256x1,1,1,256,1,95,0.151121
gpu,1,96,81920,81920,81920,exact,1x1_256x1,1,1,256,1,96,0.152240
gpu,1,96,81920,81920,81920,exact,1x1_256x1,1,1,256,1,97,0.149922
gpu,1,96,81920,81920,81920,exact,1x1_256x1,1,1,256,1,98,0.150120
gpu,1,96,81920,81920,81920,exact,1x1_256x1,1,1,256,1,99,0.148721
gpu,1,96,81920,81920,81920,exact,1x1_128x1,1,1,128,1,0,0.230761
gpu,1,96,81920,81920,81920,exact,1x1_128x1,1,1,128,1,1,0.150441
gpu,1,96,81920,81920,81920,exact,1x1_128x1,1,1,128,1,2,0.149760
gpu,1,96,81920,81920,81920,exact,1x1_128x1,1,1,128,1,3,0.149682
gpu,1,96,81920,81920,81920,exact,1x1_128x1,1,1,128,1,4,0.150720
gpu,1,96,81920,81920,81920,exact,1x1_128x1,1,1,128,1,5,0.150041
gpu,1,96,81920,81920,81920,exact,1x1_128x1,1,1,128,1,6,0.151120
gpu,1,96,81920,81920,81920,exact,1x1_128x1,1,1,128,1,7,0.227322
gpu,1,96,81920,81920,81920,exact,1x1_128x1,1,1,128,1,8,0.151400
gpu,1,96,81920,81920,81920,exact,1x1_128x1,1,1,128,1,9,0.151601
gpu,1,96,81920,81920,81920,exact,1x1_128x1,1,1,128,1,10,0.151920
gpu,1,96,81920,81920,81920,exact,1x1_128x1,1,1,128,1,11,0.151881
gpu,1,96,81920,81920,81920,exact,1x1_128x1,1,1,128,1,12,0.151440
gpu,1,96,81920,81920,81920,exact,1x1_128x1,1,1,128,1,13,0.149642
gpu,1,96,81920,81920,81920,exact,1x1_128x1,1,1,128,1,14,0.152280
gpu,1,96,81920,81920,81920,exact,1x1_128x1,1,1,128,1,15,0.151441
gpu,1,96,81920,81920,81920,exact,1x1_128x1,1,1,128,1,16,0.151120
gpu,1,96,81920,81920,81920,exact,1x1_128x1,1,1,128,1,17,0.151242
gpu,1,96,81920,81920,81920,exact,1x1_128x1,1,1,128,1,18,0.149760
gpu,1,96,81920,81920,81920,exact,1x1_128x1,1,1,128,1,19,0.151921
gpu,1,96,81920,81920,81920,exact,1x1_128x1,1,1,128,1,20,0.151920
gpu,1,96,81920,81920,81920,exact,1x1_128x1,1,1,128,1,21,0.151441
gpu,1,96,81920,81920,81920,exact,1x1_128x1,1,1,128,1,22,0.150920
gpu,1,96,81920,81920,81920,exact,1x1_128x1,1,1,128,1,23,0.151401
gpu,1,96,81920,81920,81920,exact,1x1_128x1,1,1,128,1,24,0.150480
gpu,1,96,81920,81920,81920,exact,1x1_128x1,1,1,128,1,25,0.152201
gpu,1,96,81920,81920,81920,exact,1x1_128x1,1,1,128,1,26,0.155200
gpu,1,96,81920,81920,81920,exact,1x1_128x1,1,1,128,1,27,0.151561
gpu,1,96,81920,81920,81920,exact,1x1_128x1,1,1,128,1,28,0.153360
gpu,1,96,81920,81920,81920,exact,1x1_128x1,1,1,128,1,29,0.151681
gpu,1,96,81920,81920,81920,exact,1x1_128x1,1,1,128,1,30,0.151480
gpu,1,96,81920,81920,81920,exact,1x1_128x1,1,1,128,1,31,0.146002
gpu,1,96,81920,81920,81920,exact,1x1_128x1,1,1,128,1,32,0.150800
gpu,1,96,81920,81920,81920,exact,1x1_128x1,1,1,128,1,33,0.151682
gpu,1,96,81920,81920,81920,exact,1x1_128x1,1,1,128,1,34,0.150960
gpu,1,96,81920,81920,81920,exact,1x1_128x1,1,1,128,1,35,0.150681
gpu,1,96,81920,81920,81920,exact,1x1_128x1,1,1,128,1,36,0.149840
gpu,1,96,81920,81920,81920,exact,1x1_128x1,1,1,128,1,37,0.149761
gpu,1,96,81920,81920,81920,exact,1x1_128x1,1,1,128,1,38,0.149920
gpu,1,96,81920,81920,81920,exact,1x1_128x1,1,1,128,1,39,0.150801
gpu,1,96,81920,81920,81920,exact,1x1_128x1,1,1,128,1,40,0.151640
gpu,1,96,81920,81920,81920,exact,1x1_128x1,1,1,128,1,41,0.150481
gpu,1,96,81920,81920,81920,exact,1x1_128x1,1,1,128,1,42,0.153280
gpu,1,96,81920,81920,81920,exact,1x1_128x1,1,1,128,1,43,0.151321
gpu,1,96,81920,81920,81920,exact,1x1_128x1,1,1,128,1,44,0.151720
gpu,1,96,81920,81920,81920,exact,1x1_128x1,1,1,128,1,45,0.149001
gpu,1,96,81920,81920,81920,exact,1x1_128x1,1,1,128,1,46,0.152400
gpu,1,96,81920,81920,81920,exact,1x1_128x1,1,1,128,1,47,0.150561
gpu,1,96,81920,81920,81920,exact,1x1_128x1,1,1,128,1,48,0.151640
gpu,1,96,81920,81920,81920,exact,1x1_128x1,1,1,128,1,49,0.151762
gpu,1,96,81920,81920,81920,exact,1x1_128x1,1,1,128,1,50,0.152280
gpu,1,96,81920,81920,81920,exact,1x1_128x1,1,1,128,1,51,0.150921
gpu,1,96,81920,81920,81920,exact,1x1_128x1,1,1,128,1,52,0.151400
gpu,1,96,81920,81920,81920,exact,1x1_128x1,1,1,128,1,53,0.151521
gpu,1,96,81920,81920,81920,exact,1x1_128x1,1,1,128,1,54,0.153360
gpu,1,96,81920,81920,81920,exact,1x1_128x1,1,1,128,1,55,0.150562
gpu,1,96,81920,81920,81920,exact,1x1_128x1,1,1,128,1,56,0.152280
gpu,1,96,81920,81920,81920,exact,1x1_128x1,1,1,128,1,57,0.150641
gpu,1,96,81920,81920,81920,exact,1x1_128x1,1,1,128,1,58,0.151160
gpu,1,96,81920,81920,81920,exact,1x1_128x1,1,1,128,1,59,0.149921
gpu,1,96,81920,81920,81920,exact,1x1_128x1,1,1,128,1,60,0.150720
gpu,1,96,81920,81920,81920,exact,1x1_128x1,1,1,128,1,61,0.151601
gpu,1,96,81920,81920,81920,exact,1x1_128x1,1,1,128,1,62,0.150920
gpu,1,96,81920,81920,81920,exact,1x1_128x1,1,1,128,1,63,0.152321
gpu,1,96,81920,81920,81920,exact,1x1_128x1,1,1,128,1,64,0.153320
gpu,1,96,81920,81920,81920,exact,1x1_128x1,1,1,128,1,65,0.153041
gpu,1,96,81920,81920,81920,exact,1x1_128x1,1,1,128,1,66,0.151920
gpu,1,96,81920,81920,81920,exact,1x1_128x1,1,1,128,1,67,0.150961
gpu,1,96,81920,81920,81920,exact,1x1_128x1,1,1,128,1,68,0.150640
gpu,1,96,81920,81920,81920,exact,1x1_128x1,1,1,128,1,69,0.151761
gpu,1,96,81920,81920,81920,exact,1x1_128x1,1,1,128,1,70,0.152040
gpu,1,96,81920,81920,81920,exact,1x1_128x1,1,1,128,1,71,0.152122
gpu,1,96,81920,81920,81920,exact,1x1_128x1,1,1,128,1,72,0.152920
gpu,1,96,81920,81920,81920,exact,1x1_128x1,1,1,128,1,73,0.150641
gpu,1,96,81920,81920,81920,exact,1x1_128x1,1,1,128,1,74,0.151800
gpu,1,96,81920,81920,81920,exact,1x1_128x1,1,1,128,1,75,0.150881
gpu,1,96,81920,81920,81920,exact,1x1_128x1,1,1,128,1,76,0.150960
gpu,1,96,81920,81920,81920,exact,1x1_128x1,1,1,128,1,77,0.152442
gpu,1,96,81920,81920,81920,exact,1x1_128x1,1,1,128,1,78,0.151200
gpu,1,96,81920,81920,81920,exact,1x1_128x1,1,1,128,1,79,0.153402
gpu,1,96,81920,81920,81920,exact,1x1_128x1,1,1,128,1,80,0.151240
gpu,1,96,81920,81920,81920,exact,1x1_128x1,1,1,128,1,81,0.149561
gpu,1,96,81920,81920,81920,exact,1x1_128x1,1,1,128,1,82,0.151800
gpu,1,96,81920,81920,81920,exact,1x1_128x1,1,1,128,1,83,0.151721
gpu,1,96,81920,81920,81920,exact,1x1_128x1,1,1,128,1,84,0.150440
gpu,1,96,81920,81920,81920,exact,1x1_128x1,1,1,128,1,85,0.151641
gpu,1,96,81920,81920,81920,exact,1x1_128x1,1,1,128,1,86,0.151320
gpu,1,96,81920,81920,81920,exact,1x1_128x1,1,1,128,1,87,0.150241
gpu,1,96,81920,81920,81920,exact,1x1_128x1,1,1,128,1,88,0.151120
gpu,1,96,81920,81920,81920,exact,1x1_128x1,1,1,128,1,89,0.151762
gpu,1,96,81920,81920,81920,exact,1x1_128x1,1,1,128,1,90,0.152480
gpu,1,96,81920,81920,81920,exact,1x1_128x1,1,1,128,1,91,0.150961
gpu,1,96,81920,81920,81920,exact,1x1_128x1,1,1,128,1,92,0.149800
gpu,1,96,81920,81920,81920,exact,1x1_128x1,1,1,128,1,93,0.150641
gpu,1,96,81920,81920,81920,exact,1x1_128x1,1,1,128,1,94,0.151480
gpu,1,96,81920,81920,81920,exact,1x1_128x1,1,1,128,1,95,0.149561
gpu,1,96,81920,81920,81920,exact,1x1_128x1,1,1,128,1,96,0.150240
gpu,1,96,81920,81920,81920,exact,1x1_128x1,1,1,128,1,97,0.151401
gpu,1,96,81920,81920,81920,exact,1x1_128x1,1,1,128,1,98,0.151040
gpu,1,96,81920,81920,81920,exact,1x1_128x1,1,1,128,1,99,0.149921
gpu,1,96,81920,81920,81920,exact,2x1_128x1,2,1,128,1,0,0.192521
gpu,1,96,81920,81920,81920,exact,2x1_128x1,2,1,128,1,1,0.188001
gpu,1,96,81920,81920,81920,exact,2x1_128x1,2,1,128,1,2,0.188201
gpu,1,96,81920,81920,81920,exact,2x1_128x1,2,1,128,1,3,0.187682
gpu,1,96,81920,81920,81920,exact,2x1_128x1,2,1,128,1,4,0.252721
gpu,1,96,81920,81920,81920,exact,2x1_128x1,2,1,128,1,5,0.186402
gpu,1,96,81920,81920,81920,exact,2x1_128x1,2,1,128,1,6,0.253001
gpu,1,96,81920,81920,81920,exact,2x1_128x1,2,1,128,1,7,0.253082
gpu,1,96,81920,81920,81920,exact,2x1_128x1,2,1,128,1,8,0.251041
gpu,1,96,81920,81920,81920,exact,2x1_128x1,2,1,128,1,9,0.186842
gpu,1,96,81920,81920,81920,exact,2x1_128x1,2,1,128,1,10,0.251121
gpu,1,96,81920,81920,81920,exact,2x1_128x1,2,1,128,1,11,0.251882
gpu,1,96,81920,81920,81920,exact,2x1_128x1,2,1,128,1,12,0.253921
gpu,1,96,81920,81920,81920,exact,2x1_128x1,2,1,128,1,13,0.187601
gpu,1,96,81920,81920,81920,exact,2x1_128x1,2,1,128,1,14,0.187881
gpu,1,96,81920,81920,81920,exact,2x1_128x1,2,1,128,1,15,0.186562
gpu,1,96,81920,81920,81920,exact,2x1_128x1,2,1,128,1,16,0.252281
gpu,1,96,81920,81920,81920,exact,2x1_128x1,2,1,128,1,17,0.250162
gpu,1,96,81920,81920,81920,exact,2x1_128x1,2,1,128,1,18,0.187760
gpu,1,96,81920,81920,81920,exact,2x1_128x1,2,1,128,1,19,0.187882
gpu,1,96,81920,81920,81920,exact,2x1_128x1,2,1,128,1,20,0.253721
gpu,1,96,81920,81920,81920,exact,2x1_128x1,2,1,128,1,21,0.246442
gpu,1,96,81920,81920,81920,exact,2x1_128x1,2,1,128,1,22,0.252721
gpu,1,96,81920,81920,81920,exact,2x1_128x1,2,1,128,1,23,0.254962
gpu,1,96,81920,81920,81920,exact,2x1_128x1,2,1,128,1,24,0.188160
gpu,1,96,81920,81920,81920,exact,2x1_128x1,2,1,128,1,25,0.188161
gpu,1,96,81920,81920,81920,exact,2x1_128x1,2,1,128,1,26,0.253961
gpu,1,96,81920,81920,81920,exact,2x1_128x1,2,1,128,1,27,0.252402
gpu,1,96,81920,81920,81920,exact,2x1_128x1,2,1,128,1,28,0.253081
gpu,1,96,81920,81920,81920,exact,2x1_128x1,2,1,128,1,29,0.188002
gpu,1,96,81920,81920,81920,exact,2x1_128x1,2,1,128,1,30,0.188521
gpu,1,96,81920,81920,81920,exact,2x1_128x1,2,1,128,1,31,0.250882
gpu,1,96,81920,81920,81920,exact,2x1_128x1,2,1,128,1,32,0.192161
gpu,1,96,81920,81920,81920,exact,2x1_128x1,2,1,128,1,33,0.187002
gpu,1,96,81920,81920,81920,exact,2x1_128x1,2,1,128,1,34,0.186961
gpu,1,96,81920,81920,81920,exact,2x1_128x1,2,1,128,1,35,0.187562
gpu,1,96,81920,81920,81920,exact,2x1_128x1,2,1,128,1,36,0.186681
gpu,1,96,81920,81920,81920,exact,2x1_128x1,2,1,128,1,37,0.187002
gpu,1,96,81920,81920,81920,exact,2x1_128x1,2,1,128,1,38,0.186721
gpu,1,96,81920,81920,81920,exact,2x1_128x1,2,1,128,1,39,0.249122
gpu,1,96,81920,81920,81920,exact,2x1_128x1,2,1,128,1,40,0.249641
gpu,1,96,81920,81920,81920,exact,2x1_128x1,2,1,128,1,41,0.266682
gpu,1,96,81920,81920,81920,exact,2x1_128x1,2,1,128,1,42,0.188520
gpu,1,96,81920,81920,81920,exact,2x1_128x1,2,1,128,1,43,0.187842
gpu,1,96,81920,81920,81920,exact,2x1_128x1,2,1,128,1,44,0.251681
gpu,1,96,81920,81920,81920,exact,2x1_128x1,2,1,128,1,45,0.188281
gpu,1,96,81920,81920,81920,exact,2x1_128x1,2,1,128,1,46,0.188281
gpu,1,96,81920,81920,81920,exact,2x1_128x1,2,1,128,1,47,0.252522
gpu,1,96,81920,81920,81920,exact,2x1_128x1,2,1,128,1,48,0.254881
gpu,1,96,81920,81920,81920,exact,2x1_128x1,2,1,128,1,49,0.188081
gpu,1,96,81920,81920,81920,exact,2x1_128x1,2,1,128,1,50,0.188601
gpu,1,96,81920,81920,81920,exact,2x1_128x1,2,1,128,1,51,0.255162
gpu,1,96,81920,81920,81920,exact,2x1_128x1,2,1,128,1,52,0.187721
gpu,1,96,81920,81920,81920,exact,2x1_128x1,2,1,128,1,53,0.187001
gpu,1,96,81920,81920,81920,exact,2x1_128x1,2,1,128,1,54,0.186561
gpu,1,96,81920,81920,81920,exact,2x1_128x1,2,1,128,1,55,0.189642
gpu,1,96,81920,81920,81920,exact,2x1_128x1,2,1,128,1,56,0.252801
gpu,1,96,81920,81920,81920,exact,2x1_128x1,2,1,128,1,57,0.189682
gpu,1,96,81920,81920,81920,exact,2x1_128x1,2,1,128,1,58,0.187041
gpu,1,96,81920,81920,81920,exact,2x1_128x1,2,1,128,1,59,0.188842
gpu,1,96,81920,81920,81920,exact,2x1_128x1,2,1,128,1,60,0.251081
gpu,1,96,81920,81920,81920,exact,2x1_128x1,2,1,128,1,61,0.186441
gpu,1,96,81920,81920,81920,exact,2x1_128x1,2,1,128,1,62,0.250281
gpu,1,96,81920,81920,81920,exact,2x1_128x1,2,1,128,1,63,0.188921
gpu,1,96,81920,81920,81920,exact,2x1_128x1,2,1,128,1,64,0.186401
gpu,1,96,81920,81920,81920,exact,2x1_128x1,2,1,128,1,65,0.187481
gpu,1,96,81920,81920,81920,exact,2x1_128x1,2,1,128,1,66,0.188961
gpu,1,96,81920,81920,81920,exact,2x1_128x1,2,1,128,1,67,0.251522
gpu,1,96,81920,81920,81920,exact,2x1_128x1,2,1,128,1,68,0.189241
gpu,1,96,81920,81920,81920,exact,2x1_128x1,2,1,128,1,69,0.187842
gpu,1,96,81920,81920,81920,exact,2x1_128x1,2,1,128,1,70,0.255081
gpu,1,96,81920,81920,81920,exact,2x1_128x1,2,1,128,1,71,0.188322
gpu,1,96,81920,81920,81920,exact,2x1_128x1,2,1,128,1,72,0.189041
gpu,1,96,81920,81920,81920,exact,2x1_128x1,2,1,128,1,73,0.188441
gpu,1,96,81920,81920,81920,exact,2x1_128x1,2,1,128,1,74,0.189640
gpu,1,96,81920,81920,81920,exact,2x1_128x1,2,1,128,1,75,0.251043
gpu,1,96,81920,81920,81920,exact,2x1_128x1,2,1,128,1,76,0.188961
gpu,1,96,81920,81920,81920,exact,2x1_128x1,2,1,128,1,77,0.188522
gpu,1,96,81920,81920,81920,exact,2x1_128x1,2,1,128,1,78,0.189081
gpu,1,96,81920,81920,81920,exact,2x1_128x1,2,1,128,1,79,0.187162
gpu,1,96,81920,81920,81920,exact,2x1_128x1,2,1,128,1,80,0.254921
gpu,1,96,81920,81920,81920,exact,2x1_128x1,2,1,128,1,81,0.189402
gpu,1,96,81920,81920,81920,exact,2x1_128x1,2,1,128,1,82,0.253641
gpu,1,96,81920,81920,81920,exact,2x1_128x1,2,1,128,1,83,0.188122
gpu,1,96,81920,81920,81920,exact,2x1_128x1,2,1,128,1,84,0.251801
gpu,1,96,81920,81920,81920,exact,2x1_128x1,2,1,128,1,85,0.255842
gpu,1,96,81920,81920,81920,exact,2x1_128x1,2,1,128,1,86,0.251721
gpu,1,96,81920,81920,81920,exact,2x1_128x1,2,1,128,1,87,0.254602
gpu,1,96,81920,81920,81920,exact,2x1_128x1,2,1,128,1,88,0.186641
gpu,1,96,81920,81920,81920,exact,2x1_128x1,2,1,128,1,89,0.250042
gpu,1,96,81920,81920,81920,exact,2x1_128x1,2,1,128,1,90,0.254681
gpu,1,96,81920,81920,81920,exact,2x1_128x1,2,1,128,1,91,0.251322
gpu,1,96,81920,81920,81920,exact,2x1_128x1,2,1,128,1,92,0.187601
gpu,1,96,81920,81920,81920,exact,2x1_128x1,2,1,128,1,93,0.188522
gpu,1,96,81920,81920,81920,exact,2x1_128x1,2,1,128,1,94,0.186001
gpu,1,96,81920,81920,81920,exact,2x1_128x1,2,1,128,1,95,0.252923
gpu,1,96,81920,81920,81920,exact,2x1_128x1,2,1,128,1,96,0.189041
gpu,1,96,81920,81920,81920,exact,2x1_128x1,2,1,128,1,97,0.187362
gpu,1,96,81920,81920,81920,exact,2x1_128x1,2,1,128,1,98,0.252281
gpu,1,96,81920,81920,81920,exact,2x1_128x1,2,1,128,1,99,0.187201
gpu,1,96,81920,81920,81920,exact,4x1_128x1,4,1,128,1,0,0.333802
gpu,1,96,81920,81920,81920,exact,4x1_128x1,4,1,128,1,1,0.315043
gpu,1,96,81920,81920,81920,exact,4x1_128x1,4,1,128,1,2,0.314722
gpu,1,96,81920,81920,81920,exact,4x1_128x1,4,1,128,1,3,0.320563
gpu,1,96,81920,81920,81920,exact,4x1_128x1,4,1,128,1,4,0.325162
gpu,1,96,81920,81920,81920,exact,4x1_128x1,4,1,128,1,5,0.316922
gpu,1,96,81920,81920,81920,exact,4x1_128x1,4,1,128,1,6,0.322922
gpu,1,96,81920,81920,81920,exact,4x1_128x1,4,1,128,1,7,0.323363
gpu,1,96,81920,81920,81920,exact,4x1_128x1,4,1,128,1,8,0.299002
gpu,1,96,81920,81920,81920,exact,4x1_128x1,4,1,128,1,9,0.318803
gpu,1,96,81920,81920,81920,exact,4x1_128x1,4,1,128,1,10,0.317402
gpu,1,96,81920,81920,81920,exact,4x1_128x1,4,1,128,1,11,0.320202
gpu,1,96,81920,81920,81920,exact,4x1_128x1,4,1,128,1,12,0.324922
gpu,1,96,81920,81920,81920,exact,4x1_128x1,4,1,128,1,13,0.300403
gpu,1,96,81920,81920,81920,exact,4x1_128x1,4,1,128,1,14,0.294761
gpu,1,96,81920,81920,81920,exact,4x1_128x1,4,1,128,1,15,0.323283
gpu,1,96,81920,81920,81920,exact,4x1_128x1,4,1,128,1,16,0.300322
gpu,1,96,81920,81920,81920,exact,4x1_128x1,4,1,128,1,17,0.315722
gpu,1,96,81920,81920,81920,exact,4x1_128x1,4,1,128,1,18,0.324522
gpu,1,96,81920,81920,81920,exact,4x1_128x1,4,1,128,1,19,0.321882
gpu,1,96,81920,81920,81920,exact,4x1_128x1,4,1,128,1,20,0.325002
gpu,1,96,81920,81920,81920,exact,4x1_128x1,4,1,128,1,21,0.317283
gpu,1,96,81920,81920,81920,exact,4x1_128x1,4,1,128,1,22,0.300561
gpu,1,96,81920,81920,81920,exact,4x1_128x1,4,1,128,1,23,0.298643
gpu,1,96,81920,81920,81920,exact,4x1_128x1,4,1,128,1,24,0.294762
gpu,1,96,81920,81920,81920,exact,4x1_128x1,4,1,128,1,25,0.321963
gpu,1,96,81920,81920,81920,exact,4x1_128x1,4,1,128,1,26,0.316482
gpu,1,96,81920,81920,81920,exact,4x1_128x1,4,1,128,1,27,0.322043
gpu,1,96,81920,81920,81920,exact,4x1_128x1,4,1,128,1,28,0.298241
gpu,1,96,81920,81920,81920,exact,4x1_128x1,4,1,128,1,29,0.324962
gpu,1,96,81920,81920,81920,exact,4x1_128x1,4,1,128,1,30,0.322602
gpu,1,96,81920,81920,81920,exact,4x1_128x1,4,1,128,1,31,0.326642
gpu,1,96,81920,81920,81920,exact,4x1_128x1,4,1,128,1,32,0.298922
gpu,1,96,81920,81920,81920,exact,4x1_128x1,4,1,128,1,33,0.322242
gpu,1,96,81920,81920,81920,exact,4x1_128x1,4,1,128,1,34,0.297162
gpu,1,96,81920,81920,81920,exact,4x1_128x1,4,1,128,1,35,0.300282
gpu,1,96,81920,81920,81920,exact,4x1_128x1,4,1,128,1,36,0.320562
gpu,1,96,81920,81920,81920,exact,4x1_128x1,4,1,128,1,37,0.317883
gpu,1,96,81920,81920,81920,exact,4x1_128x1,4,1,128,1,38,0.322962
gpu,1,96,81920,81920,81920,exact,4x1_128x1,4,1,128,1,39,0.324083
gpu,1,96,81920,81920,81920,exact,4x1_128x1,4,1,128,1,40,0.323882
gpu,1,96,81920,81920,81920,exact,4x1_128x1,4,1,128,1,41,0.301883
gpu,1,96,81920,81920,81920,exact,4x1_128x1,4,1,128,1,42,0.302602
gpu,1,96,81920,81920,81920,exact,4x1_128x1,4,1,128,1,43,0.321403
gpu,1,96,81920,81920,81920,exact,4x1_128x1,4,1,128,1,44,0.321002
gpu,1,96,81920,81920,81920,exact,4x1_128x1,4,1,128,1,45,0.297283
gpu,1,96,81920,81920,81920,exact,4x1_128x1,4,1,128,1,46,0.316522
gpu,1,96,81920,81920,81920,exact,4x1_128x1,4,1,128,1,47,0.325043
gpu,1,96,81920,81920,81920,exact,4x1_128x1,4,1,128,1,48,0.328562
gpu,1,96,81920,81920,81920,exact,4x1_128x1,4,1,128,1,49,0.320283
gpu,1,96,81920,81920,81920,exact,4x1_128x1,4,1,128,1,50,0.316402
gpu,1,96,81920,81920,81920,exact,4x1_128x1,4,1,128,1,51,0.297963
gpu,1,96,81920,81920,81920,exact,4x1_128x1,4,1,128,1,52,0.296402
gpu,1,96,81920,81920,81920,exact,4x1_128x1,4,1,128,1,53,0.335963
gpu,1,96,81920,81920,81920,exact,4x1_128x1,4,1,128,1,54,0.317002
gpu,1,96,81920,81920,81920,exact,4x1_128x1,4,1,128,1,55,0.323203
gpu,1,96,81920,81920,81920,exact,4x1_128x1,4,1,128,1,56,0.318282
gpu,1,96,81920,81920,81920,exact,4x1_128x1,4,1,128,1,57,0.323683
gpu,1,96,81920,81920,81920,exact,4x1_128x1,4,1,128,1,58,0.300562
gpu,1,96,81920,81920,81920,exact,4x1_128x1,4,1,128,1,59,0.323523
gpu,1,96,81920,81920,81920,exact,4x1_128x1,4,1,128,1,60,0.321602
gpu,1,96,81920,81920,81920,exact,4x1_128x1,4,1,128,1,61,0.297362
gpu,1,96,81920,81920,81920,exact,4x1_128x1,4,1,128,1,62,0.322002
gpu,1,96,81920,81920,81920,exact,4x1_128x1,4,1,128,1,63,0.298283
gpu,1,96,81920,81920,81920,exact,4x1_128x1,4,1,128,1,64,0.323722
gpu,1,96,81920,81920,81920,exact,4x1_128x1,4,1,128,1,65,0.319883
gpu,1,96,81920,81920,81920,exact,4x1_128x1,4,1,128,1,66,0.316522
gpu,1,96,81920,81920,81920,exact,4x1_128x1,4,1,128,1,67,0.329563
gpu,1,96,81920,81920,81920,exact,4x1_128x1,4,1,128,1,68,0.298282
gpu,1,96,81920,81920,81920,exact,4x1_128x1,4,1,128,1,69,0.298083
gpu,1,96,81920,81920,81920,exact,4x1_128x1,4,1,128,1,70,0.327042
gpu,1,96,81920,81920,81920,exact,4x1_128x1,4,1,128,1,71,0.324923
gpu,1,96,81920,81920,81920,exact,4x1_128x1,4,1,128,1,72,0.301362
gpu,1,96,81920,81920,81920,exact,4x1_128x1,4,1,128,1,73,0.297362
gpu,1,96,81920,81920,81920,exact,4x1_128x1,4,1,128,1,74,0.318042
gpu,1,96,81920,81920,81920,exact,4x1_128x1,4,1,128,1,75,0.320762
gpu,1,96,81920,81920,81920,exact,4x1_128x1,4,1,128,1,76,0.323922
gpu,1,96,81920,81920,81920,exact,4x1_128x1,4,1,128,1,77,0.325202
gpu,1,96,81920,81920,81920,exact,4x1_128x1,4,1,128,1,78,0.301202
gpu,1,96,81920,81920,81920,exact,4x1_128x1,4,1,128,1,79,0.321803
gpu,1,96,81920,81920,81920,exact,4x1_128x1,4,1,128,1,80,0.326922
gpu,1,96,81920,81920,81920,exact,4x1_128x1,4,1,128,1,81,0.319762
gpu,1,96,81920,81920,81920,exact,4x1_128x1,4,1,128,1,82,0.303522
gpu,1,96,81920,81920,81920,exact,4x1_128x1,4,1,128,1,83,0.328723
gpu,1,96,81920,81920,81920,exact,4x1_128x1,4,1,128,1,84,0.297322
gpu,1,96,81920,81920,81920,exact,4x1_128x1,4,1,128,1,85,0.326482
gpu,1,96,81920,81920,81920,exact,4x1_128x1,4,1,128,1,86,0.314962
gpu,1,96,81920,81920,81920,exact,4x1_128x1,4,1,128,1,87,0.298083
gpu,1,96,81920,81920,81920,exact,4x1_128x1,4,1,128,1,88,0.324522
gpu,1,96,81920,81920,81920,exact,4x1_128x1,4,1,128,1,89,0.301923
gpu,1,96,81920,81920,81920,exact,4x1_128x1,4,1,128,1,90,0.303282
gpu,1,96,81920,81920,81920,exact,4x1_128x1,4,1,128,1,91,0.299643
gpu,1,96,81920,81920,81920,exact,4x1_128x1,4,1,128,1,92,0.318562
gpu,1,96,81920,81920,81920,exact,4x1_128x1,4,1,128,1,93,0.324283
gpu,1,96,81920,81920,81920,exact,4x1_128x1,4,1,128,1,94,0.322202
gpu,1,96,81920,81920,81920,exact,4x1_128x1,4,1,128,1,95,0.317763
gpu,1,96,81920,81920,81920,exact,4x1_128x1,4,1,128,1,96,0.318842
gpu,1,96,81920,81920,81920,exact,4x1_128x1,4,1,128,1,97,0.325563
gpu,1,96,81920,81920,81920,exact,4x1_128x1,4,1,128,1,98,0.298722
gpu,1,96,81920,81920,81920,exact,4x1_128x1,4,1,128,1,99,0.299722
gpu,1,96,81920,81920,81920,exact,4x1_64x1,4,1,64,1,0,0.337802
gpu,1,96,81920,81920,81920,exact,4x1_64x1,4,1,64,1,1,0.325803
gpu,1,96,81920,81920,81920,exact,4x1_64x1,4,1,64,1,2,0.331802
gpu,1,96,81920,81920,81920,exact,4x1_64x1,4,1,64,1,3,0.324683
gpu,1,96,81920,81920,81920,exact,4x1_64x1,4,1,64,1,4,0.328642
gpu,1,96,81920,81920,81920,exact,4x1_64x1,4,1,64,1,5,0.328803
gpu,1,96,81920,81920,81920,exact,4x1_64x1,4,1,64,1,6,0.304482
gpu,1,96,81920,81920,81920,exact,4x1_64x1,4,1,64,1,7,0.306603
gpu,1,96,81920,81920,81920,exact,4x1_64x1,4,1,64,1,8,0.332962
gpu,1,96,81920,81920,81920,exact,4x1_64x1,4,1,64,1,9,0.329123
gpu,1,96,81920,81920,81920,exact,4x1_64x1,4,1,64,1,10,0.304762
gpu,1,96,81920,81920,81920,exact,4x1_64x1,4,1,64,1,11,0.322562
gpu,1,96,81920,81920,81920,exact,4x1_64x1,4,1,64,1,12,0.326442
gpu,1,96,81920,81920,81920,exact,4x1_64x1,4,1,64,1,13,0.330603
gpu,1,96,81920,81920,81920,exact,4x1_64x1,4,1,64,1,14,0.304842
gpu,1,96,81920,81920,81920,exact,4x1_64x1,4,1,64,1,15,0.334283
gpu,1,96,81920,81920,81920,exact,4x1_64x1,4,1,64,1,16,0.330322
gpu,1,96,81920,81920,81920,exact,4x1_64x1,4,1,64,1,17,0.307323
gpu,1,96,81920,81920,81920,exact,4x1_64x1,4,1,64,1,18,0.328522
gpu,1,96,81920,81920,81920,exact,4x1_64x1,4,1,64,1,19,0.328803
gpu,1,96,81920,81920,81920,exact,4x1_64x1,4,1,64,1,20,0.340042
gpu,1,96,81920,81920,81920,exact,4x1_64x1,4,1,64,1,21,0.305602
gpu,1,96,81920,81920,81920,exact,4x1_64x1,4,1,64,1,22,0.341362
gpu,1,96,81920,81920,81920,exact,4x1_64x1,4,1,64,1,23,0.331603
gpu,1,96,81920,81920,81920,exact,4x1_64x1,4,1,64,1,24,0.331242
gpu,1,96,81920,81920,81920,exact,4x1_64x1,4,1,64,1,25,0.329642
gpu,1,96,81920,81920,81920,exact,4x1_64x1,4,1,64,1,26,0.328002
gpu,1,96,81920,81920,81920,exact,4x1_64x1,4,1,64,1,27,0.327522
gpu,1,96,81920,81920,81920,exact,4x1_64x1,4,1,64,1,28,0.323602
gpu,1,96,81920,81920,81920,exact,4x1_64x1,4,1,64,1,29,0.329323
gpu,1,96,81920,81920,81920,exact,4x1_64x1,4,1,64,1,30,0.330522
gpu,1,96,81920,81920,81920,exact,4x1_64x1,4,1,64,1,31,0.305643
gpu,1,96,81920,81920,81920,exact,4x1_64x1,4,1,64,1,32,0.322362
gpu,1,96,81920,81920,81920,exact,4x1_64x1,4,1,64,1,33,0.326883
gpu,1,96,81920,81920,81920,exact,4x1_64x1,4,1,64,1,34,0.329002
gpu,1,96,81920,81920,81920,exact,4x1_64x1,4,1,64,1,35,0.329522
gpu,1,96,81920,81920,81920,exact,4x1_64x1,4,1,64,1,36,0.333682
gpu,1,96,81920,81920,81920,exact,4x1_64x1,4,1,64,1,37,0.327803
gpu,1,96,81920,81920,81920,exact,4x1_64x1,4,1,64,1,38,0.330082
gpu,1,96,81920,81920,81920,exact,4x1_64x1,4,1,64,1,39,0.304003
gpu,1,96,81920,81920,81920,exact,4x1_64x1,4,1,64,1,40,0.304722
gpu,1,96,81920,81920,81920,exact,4x1_64x1,4,1,64,1,41,0.326443
gpu,1,96,81920,81920,81920,exact,4x1_64x1,4,1,64,1,42,0.328682
gpu,1,96,81920,81920,81920,exact,4x1_64x1,4,1,64,1,43,0.307523
gpu,1,96,81920,81920,81920,exact,4x1_64x1,4,1,64,1,44,0.327882
gpu,1,96,81920,81920,81920,exact,4x1_64x1,4,1,64,1,45,0.325083
gpu,1,96,81920,81920,81920,exact,4x1_64x1,4,1,64,1,46,0.327882
gpu,1,96,81920,81920,81920,exact,4x1_64x1,4,1,64,1,47,0.330643
gpu,1,96,81920,81920,81920,exact,4x1_64x1,4,1,64,1,48,0.330002
gpu,1,96,81920,81920,81920,exact,4x1_64x1,4,1,64,1,49,0.325203
gpu,1,96,81920,81920,81920,exact,4x1_64x1,4,1,64,1,50,0.305802
gpu,1,96,81920,81920,81920,exact,4x1_64x1,4,1,64,1,51,0.329523
gpu,1,96,81920,81920,81920,exact,4x1_64x1,4,1,64,1,52,0.330082
gpu,1,96,81920,81920,81920,exact,4x1_64x1,4,1,64,1,53,0.305162
gpu,1,96,81920,81920,81920,exact,4x1_64x1,4,1,64,1,54,0.322802
gpu,1,96,81920,81920,81920,exact,4x1_64x1,4,1,64,1,55,0.337083
gpu,1,96,81920,81920,81920,exact,4x1_64x1,4,1,64,1,56,0.328842
gpu,1,96,81920,81920,81920,exact,4x1_64x1,4,1,64,1,57,0.305403
gpu,1,96,81920,81920,81920,exact,4x1_64x1,4,1,64,1,58,0.330922
gpu,1,96,81920,81920,81920,exact,4x1_64x1,4,1,64,1,59,0.306682
gpu,1,96,81920,81920,81920,exact,4x1_64x1,4,1,64,1,60,0.330842
gpu,1,96,81920,81920,81920,exact,4x1_64x1,4,1,64,1,61,0.309123
gpu,1,96,81920,81920,81920,exact,4x1_64x1,4,1,64,1,62,0.325162
gpu,1,96,81920,81920,81920,exact,4x1_64x1,4,1,64,1,63,0.328723
gpu,1,96,81920,81920,81920,exact,4x1_64x1,4,1,64,1,64,0.331122
gpu,1,96,81920,81920,81920,exact,4x1_64x1,4,1,64,1,65,0.327082
gpu,1,96,81920,81920,81920,exact,4x1_64x1,4,1,64,1,66,0.330922
gpu,1,96,81920,81920,81920,exact,4x1_64x1,4,1,64,1,67,0.329323
gpu,1,96,81920,81920,81920,exact,4x1_64x1,4,1,64,1,68,0.327682
gpu,1,96,81920,81920,81920,exact,4x1_64x1,4,1,64,1,69,0.304203
gpu,1,96,81920,81920,81920,exact,4x1_64x1,4,1,64,1,70,0.323282
gpu,1,96,81920,81920,81920,exact,4x1_64x1,4,1,64,1,71,0.329643
gpu,1,96,81920,81920,81920,exact,4x1_64x1,4,1,64,1,72,0.330682
gpu,1,96,81920,81920,81920,exact,4x1_64x1,4,1,64,1,73,0.332123
gpu,1,96,81920,81920,81920,exact,4x1_64x1,4,1,64,1,74,0.372122
gpu,1,96,81920,81920,81920,exact,4x1_64x1,4,1,64,1,75,0.306042
gpu,1,96,81920,81920,81920,exact,4x1_64x1,4,1,64,1,76,0.307042
gpu,1,96,81920,81920,81920,exact,4x1_64x1,4,1,64,1,77,0.306642
gpu,1,96,81920,81920,81920,exact,4x1_64x1,4,1,64,1,78,0.342322
gpu,1,96,81920,81920,81920,exact,4x1_64x1,4,1,64,1,79,0.321003
gpu,1,96,81920,81920,81920,exact,4x1_64x1,4,1,64,1,80,0.308082
gpu,1,96,81920,81920,81920,exact,4x1_64x1,4,1,64,1,81,0.331643
gpu,1,96,81920,81920,81920,exact,4x1_64x1,4,1,64,1,82,0.329162
gpu,1,96,81920,81920,81920,exact,4x1_64x1,4,1,64,1,83,0.328003
gpu,1,96,81920,81920,81920,exact,4x1_64x1,4,1,64,1,84,0.330202
gpu,1,96,81920,81920,81920,exact,4x1_64x1,4,1,64,1,85,0.325403
gpu,1,96,81920,81920,81920,exact,4x1_64x1,4,1,64,1,86,0.329402
gpu,1,96,81920,81920,81920,exact,4x1_64x1,4,1,64,1,87,0.308443
gpu,1,96,81920,81920,81920,exact,4x1_64x1,4,1,64,1,88,0.323202
gpu,1,96,81920,81920,81920,exact,4x1_64x1,4,1,64,1,89,0.332082
gpu,1,96,81920,81920,81920,exact,4x1_64x1,4,1,64,1,90,0.330202
gpu,1,96,81920,81920,81920,exact,4x1_64x1,4,1,64,1,91,0.331803
gpu,1,96,81920,81920,81920,exact,4x1_64x1,4,1,64,1,92,0.330402
gpu,1,96,81920,81920,81920,exact,4x1_64x1,4,1,64,1,93,0.327003
gpu,1,96,81920,81920,81920,exact,4x1_64x1,4,1,64,1,94,0.329522
gpu,1,96,81920,81920,81920,exact,4x1_64x1,4,1,64,1,95,0.329043
gpu,1,96,81920,81920,81920,exact,4x1_64x1,4,1,64,1,96,0.328922
gpu,1,96,81920,81920,81920,exact,4x1_64x1,4,1,64,1,97,0.331483
gpu,1,96,81920,81920,81920,exact,4x1_64x1,4,1,64,1,98,0.332922
gpu,1,96,81920,81920,81920,exact,4x1_64x1,4,1,64,1,99,0.325003
gpu,1,96,81920,81920,81920,exact,1x2_256x1,1,2,256,1,0,0.135720
gpu,1,96,81920,81920,81920,exact,1x2_256x1,1,2,256,1,1,0.127681
gpu,1,96,81920,81920,81920,exact,1x2_256x1,1,2,256,1,2,0.128160
gpu,1,96,81920,81920,81920,exact,1x2_256x1,1,2,256,1,3,0.127481
gpu,1,96,81920,81920,81920,exact,1x2_256x1,1,2,256,1,4,0.129360
gpu,1,96,81920,81920,81920,exact,1x2_256x1,1,2,256,1,5,0.129001
gpu,1,96,81920,81920,81920,exact,1x2_256x1,1,2,256,1,6,0.128240
gpu,1,96,81920,81920,81920,exact,1x2_256x1,1,2,256,1,7,0.129041
gpu,1,96,81920,81920,81920,exact,1x2_256x1,1,2,256,1,8,0.127160
gpu,1,96,81920,81920,81920,exact,1x2_256x1,1,2,256,1,9,0.128481
gpu,1,96,81920,81920,81920,exact,1x2_256x1,1,2,256,1,10,0.129000
gpu,1,96,81920,81920,81920,exact,1x2_256x1,1,2,256,1,11,0.128401
gpu,1,96,81920,81920,81920,exact,1x2_256x1,1,2,256,1,12,0.129080
gpu,1,96,81920,81920,81920,exact,1x2_256x1,1,2,256,1,13,0.127722
gpu,1,96,81920,81920,81920,exact,1x2_256x1,1,2,256,1,14,0.129920
gpu,1,96,81920,81920,81920,exact,1x2_256x1,1,2,256,1,15,0.129161
gpu,1,96,81920,81920,81920,exact,1x2_256x1,1,2,256,1,16,0.127480
gpu,1,96,81920,81920,81920,exact,1x2_256x1,1,2,256,1,17,0.128521
gpu,1,96,81920,81920,81920,exact,1x2_256x1,1,2,256,1,18,0.129080
gpu,1,96,81920,81920,81920,exact,1x2_256x1,1,2,256,1,19,0.129721
gpu,1,96,81920,81920,81920,exact,1x2_256x1,1,2,256,1,20,0.127160
gpu,1,96,81920,81920,81920,exact,1x2_256x1,1,2,256,1,21,0.129321
gpu,1,96,81920,81920,81920,exact,1x2_256x1,1,2,256,1,22,0.139520
gpu,1,96,81920,81920,81920,exact,1x2_256x1,1,2,256,1,23,0.127761
gpu,1,96,81920,81920,81920,exact,1x2_256x1,1,2,256,1,24,0.128440
gpu,1,96,81920,81920,81920,exact,1x2_256x1,1,2,256,1,25,0.127642
gpu,1,96,81920,81920,81920,exact,1x2_256x1,1,2,256,1,26,0.129960
gpu,1,96,81920,81920,81920,exact,1x2_256x1,1,2,256,1,27,0.132281
gpu,1,96,81920,81920,81920,exact,1x2_256x1,1,2,256,1,28,0.133200
gpu,1,96,81920,81920,81920,exact,1x2_256x1,1,2,256,1,29,0.129241
gpu,1,96,81920,81920,81920,exact,1x2_256x1,1,2,256,1,30,0.127360
gpu,1,96,81920,81920,81920,exact,1x2_256x1,1,2,256,1,31,0.128361
gpu,1,96,81920,81920,81920,exact,1x2_256x1,1,2,256,1,32,0.129240
gpu,1,96,81920,81920,81920,exact,1x2_256x1,1,2,256,1,33,0.130241
gpu,1,96,81920,81920,81920,exact,1x2_256x1,1,2,256,1,34,0.128520
gpu,1,96,81920,81920,81920,exact,1x2_256x1,1,2,256,1,35,0.130882
gpu,1,96,81920,81920,81920,exact,1x2_256x1,1,2,256,1,36,0.127600
gpu,1,96,81920,81920,81920,exact,1x2_256x1,1,2,256,1,37,0.127641
gpu,1,96,81920,81920,81920,exact,1x2_256x1,1,2,256,1,38,0.128600
gpu,1,96,81920,81920,81920,exact,1x2_256x1,1,2,256,1,39,0.129041
gpu,1,96,81920,81920,81920,exact,1x2_256x1,1,2,256,1,40,0.130480
gpu,1,96,81920,81920,81920,exact,1x2_256x1,1,2,256,1,41,0.128801
gpu,1,96,81920,81920,81920,exact,1x2_256x1,1,2,256,1,42,0.129920
gpu,1,96,81920,81920,81920,exact,1x2_256x1,1,2,256,1,43,0.130161
gpu,1,96,81920,81920,81920,exact,1x2_256x1,1,2,256,1,44,0.129200
gpu,1,96,81920,81920,81920,exact,1x2_256x1,1,2,256,1,45,0.130281
gpu,1,96,81920,81920,81920,exact,1x2_256x1,1,2,256,1,46,0.129160
gpu,1,96,81920,81920,81920,exact,1x2_256x1,1,2,256,1,47,0.129961
gpu,1,96,81920,81920,81920,exact,1x2_256x1,1,2,256,1,48,0.128000
gpu,1,96,81920,81920,81920,exact,1x2_256x1,1,2,256,1,49,0.128961
gpu,1,96,81920,81920,81920,exact,1x2_256x1,1,2,256,1,50,0.129440
gpu,1,96,81920,81920,81920,exact,1x2_256x1,1,2,256,1,51,0.129122
gpu,1,96,81920,81920,81920,exact,1x2_256x1,1,2,256,1,52,0.127600
gpu,1,96,81920,81920,81920,exact,1x2_256x1,1,2,256,1,53,0.130681
gpu,1,96,81920,81920,81920,exact,1x2_256x1,1,2,256,1,54,0.128800
gpu,1,96,81920,81920,81920,exact,1x2_256x1,1,2,256,1,55,0.128401
gpu,1,96,81920,81920,81920,exact,1x2_256x1,1,2,256,1,56,0.130280
gpu,1,96,81920,81920,81920,exact,1x2_256x1,1,2,256,1,57,0.129841
gpu,1,96,81920,81920,81920,exact,1x2_256x1,1,2,256,1,58,0.129360
gpu,1,96,81920,81920,81920,exact,1x2_256x1,1,2,256,1,59,0.128321
gpu,1,96,81920,81920,81920,exact,1x2_256x1,1,2,256,1,60,0.128520
gpu,1,96,81920,81920,81920,exact,1x2_256x1,1,2,256,1,61,0.128761
gpu,1,96,81920,81920,81920,exact,1x2_256x1,1,2,256,1,62,0.129360
gpu,1,96,81920,81920,81920,exact,1x2_256x1,1,2,256,1,63,0.128841
gpu,1,96,81920,81920,81920,exact,1x2_256x1,1,2,256,1,64,0.128720
gpu,1,96,81920,81920,81920,exact,1x2_256x1,1,2,256,1,65,0.127961
gpu,1,96,81920,81920,81920,exact,1x2_256x1,1,2,256,1,66,0.129560
gpu,1,96,81920,81920,81920,exact,1x2_256x1,1,2,256,1,67,0.130281
gpu,1,96,81920,81920,81920,exact,1x2_256x1,1,2,256,1,68,0.128320
gpu,1,96,81920,81920,81920,exact,1x2_256x1,1,2,256,1,69,0.129881
gpu,1,96,81920,81920,81920,exact,1x2_256x1,1,2,256,1,70,0.133600
gpu,1,96,81920,81920,81920,exact,1x2_256x1,1,2,256,1,71,0.128761
gpu,1,96,81920,81920,81920,exact,1x2_256x1,1,2,256,1,72,0.128440
gpu,1,96,81920,81920,81920,exact,1x2_256x1,1,2,256,1,73,0.129321
gpu,1,96,81920,81920,81920,exact,1x2_256x1,1,2,256,1,74,0.130560
gpu,1,96,81920,81920,81920,exact,1x2_256x1,1,2,256,1,75,0.130761
gpu,1,96,81920,81920,81920,exact,1x2_256x1,1,2,256,1,76,0.129080
gpu,1,96,81920,81920,81920,exact,1x2_256x1,1,2,256,1,77,0.130641
gpu,1,96,81920,81920,81920,exact,1x2_256x1,1,2,256,1,78,0.128240
gpu,1,96,81920,81920,81920,exact,1x2_256x1,1,2,256,1,79,0.130001
gpu,1,96,81920,81920,81920,exact,1x2_256x1,1,2,256,1,80,0.130000
gpu,1,96,81920,81920,81920,exact,1x2_256x1,1,2,256,1,81,0.128241
gpu,1,96,81920,81920,81920,exact,1x2_256x1,1,2,256,1,82,0.129920
gpu,1,96,81920,81920,81920,exact,1x2_256x1,1,2,256,1,83,0.128441
gpu,1,96,81920,81920,81920,exact,1x2_256x1,1,2,256,1,84,0.128800
gpu,1,96,81920,81920,81920,exact,1x2_256x1,1,2,256,1,85,0.130041
gpu,1,96,81920,81920,81920,exact,1x2_256x1,1,2,256,1,86,0.129160
gpu,1,96,81920,81920,81920,exact,1x2_256x1,1,2,256,1,87,0.129721
gpu,1,96,81920,81920,81920,exact,1x2_256x1,1,2,256,1,88,0.133320
gpu,1,96,81920,81920,81920,exact,1x2_256x1,1,2,256,1,89,0.128801
gpu,1,96,81920,81920,81920,exact,1x2_256x1,1,2,256,1,90,0.127440
gpu,1,96,81920,81920,81920,exact,1x2_256x1,1,2,256,1,91,0.127481
gpu,1,96,81920,81920,81920,exact,1x2_256x1,1,2,256,1,92,0.126880
gpu,1,96,81920,81920,81920,exact,1x2_256x1,1,2,256,1,93,0.127041
gpu,1,96,81920,81920,81920,exact,1x2_256x1,1,2,256,1,94,0.130160
gpu,1,96,81920,81920,81920,exact,1x2_256x1,1,2,256,1,95,0.128841
gpu,1,96,81920,81920,81920,exact,1x2_256x1,1,2,256,1,96,0.130640
gpu,1,96,81920,81920,81920,exact,1x2_256x1,1,2,256,1,97,0.129481
gpu,1,96,81920,81920,81920,exact,1x2_256x1,1,2,256,1,98,0.130160
gpu,1,96,81920,81920,81920,exact,1x2_256x1,1,2,256,1,99,0.129241
gpu,1,96,81920,81920,81920,exact,1x4_256x1,1,4,256,1,0,0.126920
gpu,1,96,81920,81920,81920,exact,1x4_256x1,1,4,256,1,1,0.119081
gpu,1,96,81920,81920,81920,exact,1x4_256x1,1,4,256,1,2,0.117880
gpu,1,96,81920,81920,81920,exact,1x4_256x1,1,4,256,1,3,0.119801
gpu,1,96,81920,81920,81920,exact,1x4_256x1,1,4,256,1,4,0.118880
gpu,1,96,81920,81920,81920,exact,1x4_256x1,1,4,256,1,5,0.118561
gpu,1,96,81920,81920,81920,exact,1x4_256x1,1,4,256,1,6,0.120240
gpu,1,96,81920,81920,81920,exact,1x4_256x1,1,4,256,1,7,0.120721
gpu,1,96,81920,81920,81920,exact,1x4_256x1,1,4,256,1,8,0.118920
gpu,1,96,81920,81920,81920,exact,1x4_256x1,1,4,256,1,9,0.119322
gpu,1,96,81920,81920,81920,exact,1x4_256x1,1,4,256,1,10,0.118000
gpu,1,96,81920,81920,81920,exact,1x4_256x1,1,4,256,1,11,0.118681
gpu,1,96,81920,81920,81920,exact,1x4_256x1,1,4,256,1,12,0.118760
gpu,1,96,81920,81920,81920,exact,1x4_256x1,1,4,256,1,13,0.120041
gpu,1,96,81920,81920,81920,exact,1x4_256x1,1,4,256,1,14,0.119440
gpu,1,96,81920,81920,81920,exact,1x4_256x1,1,4,256,1,15,0.119121
gpu,1,96,81920,81920,81920,exact,1x4_256x1,1,4,256,1,16,0.121120
gpu,1,96,81920,81920,81920,exact,1x4_256x1,1,4,256,1,17,0.178882
gpu,1,96,81920,81920,81920,exact,1x4_256x1,1,4,256,1,18,0.120280
gpu,1,96,81920,81920,81920,exact,1x4_256x1,1,4,256,1,19,0.119761
gpu,1,96,81920,81920,81920,exact,1x4_256x1,1,4,256,1,20,0.125600
gpu,1,96,81920,81920,81920,exact,1x4_256x1,1,4,256,1,21,0.119041
gpu,1,96,81920,81920,81920,exact,1x4_256x1,1,4,256,1,22,0.118880
gpu,1,96,81920,81920,81920,exact,1x4_256x1,1,4,256,1,23,0.120041
gpu,1,96,81920,81920,81920,exact,1x4_256x1,1,4,256,1,24,0.118280
gpu,1,96,81920,81920,81920,exact,1x4_256x1,1,4,256,1,25,0.120521
gpu,1,96,81920,81920,81920,exact,1x4_256x1,1,4,256,1,26,0.178921
gpu,1,96,81920,81920,81920,exact,1x4_256x1,1,4,256,1,27,0.118361
gpu,1,96,81920,81920,81920,exact,1x4_256x1,1,4,256,1,28,0.119680
gpu,1,96,81920,81920,81920,exact,1x4_256x1,1,4,256,1,29,0.120721
gpu,1,96,81920,81920,81920,exact,1x4_256x1,1,4,256,1,30,0.121120
gpu,1,96,81920,81920,81920,exact,1x4_256x1,1,4,256,1,31,0.121321
gpu,1,96,81920,81920,81920,exact,1x4_256x1,1,4,256,1,32,0.120960
gpu,1,96,81920,81920,81920,exact,1x4_256x1,1,4,256,1,33,0.179601
gpu,1,96,81920,81920,81920,exact,1x4_256x1,1,4,256,1,34,0.119120
gpu,1,96,81920,81920,81920,exact,1x4_256x1,1,4,256,1,35,0.118641
gpu,1,96,81920,81920,81920,exact,1x4_256x1,1,4,256,1,36,0.121560
gpu,1,96,81920,81920,81920,exact,1x4_256x1,1,4,256,1,37,0.119401
gpu,1,96,81920,81920,81920,exact,1x4_256x1,1,4,256,1,38,0.121280
gpu,1,96,81920,81920,81920,exact,1x4_256x1,1,4,256,1,39,0.119721
gpu,1,96,81920,81920,81920,exact,1x4_256x1,1,4,256,1,40,0.119000
gpu,1,96,81920,81920,81920,exact,1x4_256x1,1,4,256,1,41,0.119241
gpu,1,96,81920,81920,81920,exact,1x4_256x1,1,4,256,1,42,0.118440
gpu,1,96,81920,81920,81920,exact,1x4_256x1,1,4,256,1,43,0.117681
gpu,1,96,81920,81920,81920,exact,1x4_256x1,1,4,256,1,44,0.118760
gpu,1,96,81920,81920,81920,exact,1x4_256x1,1,4,256,1,45,0.119201
gpu,1,96,81920,81920,81920,exact,1x4_256x1,1,4,256,1,46,0.119880
gpu,1,96,81920,81920,81920,exact,1x4_256x1,1,4,256,1,47,0.118241
gpu,1,96,81920,81920,81920,exact,1x4_256x1,1,4,256,1,48,0.119640
gpu,1,96,81920,81920,81920,exact,1x4_256x1,1,4,256,1,49,0.119641
gpu,1,96,81920,81920,81920,exact,1x4_256x1,1,4,256,1,50,0.118680
gpu,1,96,81920,81920,81920,exact,1x4_256x1,1,4,256,1,51,0.118921
gpu,1,96,81920,81920,81920,exact,1x4_256x1,1,4,256,1,52,0.120760
gpu,1,96,81920,81920,81920,exact,1x4_256x1,1,4,256,1,53,0.120041
gpu,1,96,81920,81920,81920,exact,1x4_256x1,1,4,256,1,54,0.119280
gpu,1,96,81920,81920,81920,exact,1x4_256x1,1,4,256,1,55,0.122081
gpu,1,96,81920,81920,81920,exact,1x4_256x1,1,4,256,1,56,0.118280
gpu,1,96,81920,81920,81920,exact,1x4_256x1,1,4,256,1,57,0.119481
gpu,1,96,81920,81920,81920,exact,1x4_256x1,1,4,256,1,58,0.118240
gpu,1,96,81920,81920,81920,exact,1x4_256x1,1,4,256,1,59,0.118401
gpu,1,96,81920,81920,81920,exact,1x4_256x1,1,4,256,1,60,0.119680
gpu,1,96,81920,81920,81920,exact,1x4_256x1,1,4,256,1,61,0.119121
gpu,1,96,81920,81920,81920,exact,1x4_256x1,1,4,256,1,62,0.119760
gpu,1,96,81920,81920,81920,exact,1x4_256x1,1,4,256,1,63,0.118801
gpu,1,96,81920,81920,81920,exact,1x4_256x1,1,4,256,1,64,0.118600
gpu,1,96,81920,81920,81920,exact,1x4_256x1,1,4,256,1,65,0.121281
gpu,1,96,81920,81920,81920,exact,1x4_256x1,1,4,256,1,66,0.120000
gpu,1,96,81920,81920,81920,exact,1x4_256x1,1,4,256,1,67,0.120321
gpu,1,96,81920,81920,81920,exact,1x4_256x1,1,4,256,1,68,0.118800
gpu,1,96,81920,81920,81920,exact,1x4_256x1,1,4,256,1,69,0.118161
gpu,1,96,81920,81920,81920,exact,1x4_256x1,1,4,256,1,70,0.119000
gpu,1,96,81920,81920,81920,exact,1x4_256x1,1,4,256,1,71,0.120401
gpu,1,96,81920,81920,81920,exact,1x4_256x1,1,4,256,1,72,0.119840
gpu,1,96,81920,81920,81920,exact,1x4_256x1,1,4,256,1,73,0.120361
gpu,1,96,81920,81920,81920,exact,1x4_256x1,1,4,256,1,74,0.121600
gpu,1,96,81920,81920,81920,exact,1x4_256x1,1,4,256,1,75,0.119242
gpu,1,96,81920,81920,81920,exact,1x4_256x1,1,4,256,1,76,0.120240
gpu,1,96,81920,81920,81920,exact,1x4_256x1,1,4,256,1,77,0.118521
gpu,1,96,81920,81920,81920,exact,1x4_256x1,1,4,256,1,78,0.118240
gpu,1,96,81920,81920,81920,exact,1x4_256x1,1,4,256,1,79,0.118921
gpu,1,96,81920,81920,81920,exact,1x4_256x1,1,4,256,1,80,0.118780
gpu,1,96,81920,81920,81920,exact,1x4_256x1,1,4,256,1,81,0.119921
gpu,1,96,81920,81920,81920,exact,1x4_256x1,1,4,256,1,82,0.119520
gpu,1,96,81920,81920,81920,exact,1x4_256x1,1,4,256,1,83,0.120321
gpu,1,96,81920,81920,81920,exact,1x4_256x1,1,4,256,1,84,0.120000
gpu,1,96,81920,81920,81920,exact,1x4_256x1,1,4,256,1,85,0.119921
gpu,1,96,81920,81920,81920,exact,1x4_256x1,1,4,256,1,86,0.118560
gpu,1,96,81920,81920,81920,exact,1x4_256x1,1,4,256,1,87,0.119361
gpu,1,96,81920,81920,81920,exact,1x4_256x1,1,4,256,1,88,0.121480
gpu,1,96,81920,81920,81920,exact,1x4_256x1,1,4,256,1,89,0.119681
gpu,1,96,81920,81920,81920,exact,1x4_256x1,1,4,256,1,90,0.122920
gpu,1,96,81920,81920,81920,exact,1x4_256x1,1,4,256,1,91,0.118802
gpu,1,96,81920,81920,81920,exact,1x4_256x1,1,4,256,1,92,0.119140
gpu,1,96,81920,81920,81920,exact,1x4_256x1,1,4,256,1,93,0.118361
gpu,1,96,81920,81920,81920,exact,1x4_256x1,1,4,256,1,94,0.119280
gpu,1,96,81920,81920,81920,exact,1x4_256x1,1,4,256,1,95,0.120201
gpu,1,96,81920,81920,81920,exact,1x4_256x1,1,4,256,1,96,0.119120
gpu,1,96,81920,81920,81920,exact,1x4_256x1,1,4,256,1,97,0.121001
gpu,1,96,81920,81920,81920,exact,1x4_256x1,1,4,256,1,98,0.117320
gpu,1,96,81920,81920,81920,exact,1x4_256x1,1,4,256,1,99,0.119721
gpu,1,96,81920,81920,81920,exact,2x2_128x1,2,2,128,1,0,0.214521
gpu,1,96,81920,81920,81920,exact,2x2_128x1,2,2,128,1,1,0.211682
gpu,1,96,81920,81920,81920,exact,2x2_128x1,2,2,128,1,2,0.151400
gpu,1,96,81920,81920,81920,exact,2x2_128x1,2,2,128,1,3,0.153962
gpu,1,96,81920,81920,81920,exact,2x2_128x1,2,2,128,1,4,0.209621
gpu,1,96,81920,81920,81920,exact,2x2_128x1,2,2,128,1,5,0.208002
gpu,1,96,81920,81920,81920,exact,2x2_128x1,2,2,128,1,6,0.155800
gpu,1,96,81920,81920,81920,exact,2x2_128x1,2,2,128,1,7,0.152002
gpu,1,96,81920,81920,81920,exact,2x2_128x1,2,2,128,1,8,0.211561
gpu,1,96,81920,81920,81920,exact,2x2_128x1,2,2,128,1,9,0.153882
gpu,1,96,81920,81920,81920,exact,2x2_128x1,2,2,128,1,10,0.152920
gpu,1,96,81920,81920,81920,exact,2x2_128x1,2,2,128,1,11,0.152082
gpu,1,96,81920,81920,81920,exact,2x2_128x1,2,2,128,1,12,0.210241
gpu,1,96,81920,81920,81920,exact,2x2_128x1,2,2,128,1,13,0.208802
gpu,1,96,81920,81920,81920,exact,2x2_128x1,2,2,128,1,14,0.154560
gpu,1,96,81920,81920,81920,exact,2x2_128x1,2,2,128,1,15,0.210001
gpu,1,96,81920,81920,81920,exact,2x2_128x1,2,2,128,1,16,0.209941
gpu,1,96,81920,81920,81920,exact,2x2_128x1,2,2,128,1,17,0.209362
gpu,1,96,81920,81920,81920,exact,2x2_128x1,2,2,128,1,18,0.206801
gpu,1,96,81920,81920,81920,exact,2x2_128x1,2,2,128,1,19,0.210442
gpu,1,96,81920,81920,81920,exact,2x2_128x1,2,2,128,1,20,0.154040
gpu,1,96,81920,81920,81920,exact,2x2_128x1,2,2,128,1,21,0.153051
gpu,1,96,81920,81920,81920,exact,2x2_128x1,2,2,128,1,22,0.155440
gpu,1,96,81920,81920,81920,exact,2x2_128x1,2,2,128,1,23,0.207601
gpu,1,96,81920,81920,81920,exact,2x2_128x1,2,2,128,1,24,0.207921
gpu,1,96,81920,81920,81920,exact,2x2_128x1,2,2,128,1,25,0.150921
gpu,1,96,81920,81920,81920,exact,2x2_128x1,2,2,128,1,26,0.207281
gpu,1,96,81920,81920,81920,exact,2x2_128x1,2,2,128,1,27,0.213881
gpu,1,96,81920,81920,81920,exact,2x2_128x1,2,2,128,1,28,0.208761
gpu,1,96,81920,81920,81920,exact,2x2_128x1,2,2,128,1,29,0.209602
gpu,1,96,81920,81920,81920,exact,2x2_128x1,2,2,128,1,30,0.208361
gpu,1,96,81920,81920,81920,exact,2x2_128x1,2,2,128,1,31,0.154241
gpu,1,96,81920,81920,81920,exact,2x2_128x1,2,2,128,1,32,0.209441
gpu,1,96,81920,81920,81920,exact,2x2_128x1,2,2,128,1,33,0.210332
gpu,1,96,81920,81920,81920,exact,2x2_128x1,2,2,128,1,34,0.210121
gpu,1,96,81920,81920,81920,exact,2x2_128x1,2,2,128,1,35,0.207042
gpu,1,96,81920,81920,81920,exact,2x2_128x1,2,2,128,1,36,0.154520
gpu,1,96,81920,81920,81920,exact,2x2_128x1,2,2,128,1,37,0.209042
gpu,1,96,81920,81920,81920,exact,2x2_128x1,2,2,128,1,38,0.210221
gpu,1,96,81920,81920,81920,exact,2x2_128x1,2,2,128,1,39,0.152201
gpu,1,96,81920,81920,81920,exact,2x2_128x1,2,2,128,1,40,0.210241
gpu,1,96,81920,81920,81920,exact,2x2_128x1,2,2,128,1,41,0.153682
gpu,1,96,81920,81920,81920,exact,2x2_128x1,2,2,128,1,42,0.208521
gpu,1,96,81920,81920,81920,exact,2x2_128x1,2,2,128,1,43,0.209482
gpu,1,96,81920,81920,81920,exact,2x2_128x1,2,2,128,1,44,0.153770
gpu,1,96,81920,81920,81920,exact,2x2_128x1,2,2,128,1,45,0.154442
gpu,1,96,81920,81920,81920,exact,2x2_128x1,2,2,128,1,46,0.209441
gpu,1,96,81920,81920,81920,exact,2x2_128x1,2,2,128,1,47,0.209802
gpu,1,96,81920,81920,81920,exact,2x2_128x1,2,2,128,1,48,0.153280
gpu,1,96,81920,81920,81920,exact,2x2_128x1,2,2,128,1,49,0.208442
gpu,1,96,81920,81920,81920,exact,2x2_128x1,2,2,128,1,50,0.210881
gpu,1,96,81920,81920,81920,exact,2x2_128x1,2,2,128,1,51,0.208161
gpu,1,96,81920,81920,81920,exact,2x2_128x1,2,2,128,1,52,0.212121
gpu,1,96,81920,81920,81920,exact,2x2_128x1,2,2,128,1,53,0.210121
gpu,1,96,81920,81920,81920,exact,2x2_128x1,2,2,128,1,54,0.209201
gpu,1,96,81920,81920,81920,exact,2x2_128x1,2,2,128,1,55,0.210082
gpu,1,96,81920,81920,81920,exact,2x2_128x1,2,2,128,1,56,0.209361
gpu,1,96,81920,81920,81920,exact,2x2_128x1,2,2,128,1,57,0.208521
gpu,1,96,81920,81920,81920,exact,2x2_128x1,2,2,128,1,58,0.154600
gpu,1,96,81920,81920,81920,exact,2x2_128x1,2,2,128,1,59,0.155011
gpu,1,96,81920,81920,81920,exact,2x2_128x1,2,2,128,1,60,0.211081
gpu,1,96,81920,81920,81920,exact,2x2_128x1,2,2,128,1,61,0.211562
gpu,1,96,81920,81920,81920,exact,2x2_128x1,2,2,128,1,62,0.208881
gpu,1,96,81920,81920,81920,exact,2x2_128x1,2,2,128,1,63,0.207561
gpu,1,96,81920,81920,81920,exact,2x2_128x1,2,2,128,1,64,0.210221
gpu,1,96,81920,81920,81920,exact,2x2_128x1,2,2,128,1,65,0.207202
gpu,1,96,81920,81920,81920,exact,2x2_128x1,2,2,128,1,66,0.209171
gpu,1,96,81920,81920,81920,exact,2x2_128x1,2,2,128,1,67,0.151321
gpu,1,96,81920,81920,81920,exact,2x2_128x1,2,2,128,1,68,0.154770
gpu,1,96,81920,81920,81920,exact,2x2_128x1,2,2,128,1,69,0.208282
gpu,1,96,81920,81920,81920,exact,2x2_128x1,2,2,128,1,70,0.210641
gpu,1,96,81920,81920,81920,exact,2x2_128x1,2,2,128,1,71,0.208732
gpu,1,96,81920,81920,81920,exact,2x2_128x1,2,2,128,1,72,0.211511
gpu,1,96,81920,81920,81920,exact,2x2_128x1,2,2,128,1,73,0.153642
gpu,1,96,81920,81920,81920,exact,2x2_128x1,2,2,128,1,74,0.208081
gpu,1,96,81920,81920,81920,exact,2x2_128x1,2,2,128,1,75,0.210092
gpu,1,96,81920,81920,81920,exact,2x2_128x1,2,2,128,1,76,0.209321
gpu,1,96,81920,81920,81920,exact,2x2_128x1,2,2,128,1,77,0.212482
gpu,1,96,81920,81920,81920,exact,2x2_128x1,2,2,128,1,78,0.153160
gpu,1,96,81920,81920,81920,exact,2x2_128x1,2,2,128,1,79,0.152642
gpu,1,96,81920,81920,81920,exact,2x2_128x1,2,2,128,1,80,0.152720
gpu,1,96,81920,81920,81920,exact,2x2_128x1,2,2,128,1,81,0.210602
gpu,1,96,81920,81920,81920,exact,2x2_128x1,2,2,128,1,82,0.152800
gpu,1,96,81920,81920,81920,exact,2x2_128x1,2,2,128,1,83,0.209922
gpu,1,96,81920,81920,81920,exact,2x2_128x1,2,2,128,1,84,0.210601
gpu,1,96,81920,81920,81920,exact,2x2_128x1,2,2,128,1,85,0.207442
gpu,1,96,81920,81920,81920,exact,2x2_128x1,2,2,128,1,86,0.208441
gpu,1,96,81920,81920,81920,exact,2x2_128x1,2,2,128,1,87,0.207522
gpu,1,96,81920,81920,81920,exact,2x2_128x1,2,2,128,1,88,0.151320
gpu,1,96,81920,81920,81920,exact,2x2_128x1,2,2,128,1,89,0.152082
gpu,1,96,81920,81920,81920,exact,2x2_128x1,2,2,128,1,90,0.209401
gpu,1,96,81920,81920,81920,exact,2x2_128x1,2,2,128,1,91,0.151321
gpu,1,96,81920,81920,81920,exact,2x2_128x1,2,2,128,1,92,0.210041
gpu,1,96,81920,81920,81920,exact,2x2_128x1,2,2,128,1,93,0.208632
gpu,1,96,81920,81920,81920,exact,2x2_128x1,2,2,128,1,94,0.210361
gpu,1,96,81920,81920,81920,exact,2x2_128x1,2,2,128,1,95,0.154042
gpu,1,96,81920,81920,81920,exact,2x2_128x1,2,2,128,1,96,0.209521
gpu,1,96,81920,81920,81920,exact,2x2_128x1,2,2,128,1,97,0.210562
gpu,1,96,81920,81920,81920,exact,2x2_128x1,2,2,128,1,98,0.210401
gpu,1,96,81920,81920,81920,exact,2x2_128x1,2,2,128,1,99,0.152121
gpu,1,96,81920,81920,81920,exact,2x4_128x1,2,4,128,1,0,0.148400
gpu,1,96,81920,81920,81920,exact,2x4_128x1,2,4,128,1,1,0.146171
gpu,1,96,81920,81920,81920,exact,2x4_128x1,2,4,128,1,2,0.146970
gpu,1,96,81920,81920,81920,exact,2x4_128x1,2,4,128,1,3,0.145721
gpu,1,96,81920,81920,81920,exact,2x4_128x1,2,4,128,1,4,0.148050
gpu,1,96,81920,81920,81920,exact,2x4_128x1,2,4,128,1,5,0.146041
gpu,1,96,81920,81920,81920,exact,2x4_128x1,2,4,128,1,6,0.148530
gpu,1,96,81920,81920,81920,exact,2x4_128x1,2,4,128,1,7,0.150251
gpu,1,96,81920,81920,81920,exact,2x4_128x1,2,4,128,1,8,0.154610
gpu,1,96,81920,81920,81920,exact,2x4_128x1,2,4,128,1,9,0.147041
gpu,1,96,81920,81920,81920,exact,2x4_128x1,2,4,128,1,10,0.146210
gpu,1,96,81920,81920,81920,exact,2x4_128x1,2,4,128,1,11,0.148181
gpu,1,96,81920,81920,81920,exact,2x4_128x1,2,4,128,1,12,0.150030
gpu,1,96,81920,81920,81920,exact,2x4_128x1,2,4,128,1,13,0.147852
gpu,1,96,81920,81920,81920,exact,2x4_128x1,2,4,128,1,14,0.148930
gpu,1,96,81920,81920,81920,exact,2x4_128x1,2,4,128,1,15,0.146391
gpu,1,96,81920,81920,81920,exact,2x4_128x1,2,4,128,1,16,0.145460
gpu,1,96,81920,81920,81920,exact,2x4_128x1,2,4,128,1,17,0.147431
gpu,1,96,81920,81920,81920,exact,2x4_128x1,2,4,128,1,18,0.147840
gpu,1,96,81920,81920,81920,exact,2x4_128x1,2,4,128,1,19,0.146082
gpu,1,96,81920,81920,81920,exact,2x4_128x1,2,4,128,1,20,0.144280
gpu,1,96,81920,81920,81920,exact,2x4_128x1,2,4,128,1,21,0.144281
gpu,1,96,81920,81920,81920,exact,2x4_128x1,2,4,128,1,22,0.147880
gpu,1,96,81920,81920,81920,exact,2x4_128x1,2,4,128,1,23,0.145662
gpu,1,96,81920,81920,81920,exact,2x4_128x1,2,4,128,1,24,0.147390
gpu,1,96,81920,81920,81920,exact,2x4_128x1,2,4,128,1,25,0.155351
gpu,1,96,81920,81920,81920,exact,2x4_128x1,2,4,128,1,26,0.147210
gpu,1,96,81920,81920,81920,exact,2x4_128x1,2,4,128,1,27,0.150111
gpu,1,96,81920,81920,81920,exact,2x4_128x1,2,4,128,1,28,0.147280
gpu,1,96,81920,81920,81920,exact,2x4_128x1,2,4,128,1,29,0.146662
gpu,1,96,81920,81920,81920,exact,2x4_128x1,2,4,128,1,30,0.148020
gpu,1,96,81920,81920,81920,exact,2x4_128x1,2,4,128,1,31,0.147191
gpu,1,96,81920,81920,81920,exact,2x4_128x1,2,4,128,1,32,0.146450
gpu,1,96,81920,81920,81920,exact,2x4_128x1,2,4,128,1,33,0.146411
gpu,1,96,81920,81920,81920,exact,2x4_128x1,2,4,128,1,34,0.148810
gpu,1,96,81920,81920,81920,exact,2x4_128x1,2,4,128,1,35,0.148281
gpu,1,96,81920,81920,81920,exact,2x4_128x1,2,4,128,1,36,0.146800
gpu,1,96,81920,81920,81920,exact,2x4_128x1,2,4,128,1,37,0.150281
gpu,1,96,81920,81920,81920,exact,2x4_128x1,2,4,128,1,38,0.147280
gpu,1,96,81920,81920,81920,exact,2x4_128x1,2,4,128,1,39,0.147831
gpu,1,96,81920,81920,81920,exact,2x4_128x1,2,4,128,1,40,0.147390
gpu,1,96,81920,81920,81920,exact,2x4_128x1,2,4,128,1,41,0.147521
gpu,1,96,81920,81920,81920,exact,2x4_128x1,2,4,128,1,42,0.146680
gpu,1,96,81920,81920,81920,exact,2x4_128x1,2,4,128,1,43,0.147422
gpu,1,96,81920,81920,81920,exact,2x4_128x1,2,4,128,1,44,0.146520
gpu,1,96,81920,81920,81920,exact,2x4_128x1,2,4,128,1,45,0.147481
gpu,1,96,81920,81920,81920,exact,2x4_128x1,2,4,128,1,46,0.146880
gpu,1,96,81920,81920,81920,exact,2x4_128x1,2,4,128,1,47,0.147401
gpu,1,96,81920,81920,81920,exact,2x4_128x1,2,4,128,1,48,0.146760
gpu,1,96,81920,81920,81920,exact,2x4_128x1,2,4,128,1,49,0.152461
gpu,1,96,81920,81920,81920,exact,2x4_128x1,2,4,128,1,50,0.144390
gpu,1,96,81920,81920,81920,exact,2x4_128x1,2,4,128,1,51,0.148921
gpu,1,96,81920,81920,81920,exact,2x4_128x1,2,4,128,1,52,0.145790
gpu,1,96,81920,81920,81920,exact,2x4_128x1,2,4,128,1,53,0.145282
gpu,1,96,81920,81920,81920,exact,2x4_128x1,2,4,128,1,54,0.145760
gpu,1,96,81920,81920,81920,exact,2x4_128x1,2,4,128,1,55,0.148642
gpu,1,96,81920,81920,81920,exact,2x4_128x1,2,4,128,1,56,0.150430
gpu,1,96,81920,81920,81920,exact,2x4_128x1,2,4,128,1,57,0.144921
gpu,1,96,81920,81920,81920,exact,2x4_128x1,2,4,128,1,58,0.145680
gpu,1,96,81920,81920,81920,exact,2x4_128x1,2,4,128,1,59,0.148632
gpu,1,96,81920,81920,81920,exact,2x4_128x1,2,4,128,1,60,0.151080
gpu,1,96,81920,81920,81920,exact,2x4_128x1,2,4,128,1,61,0.148771
gpu,1,96,81920,81920,81920,exact,2x4_128x1,2,4,128,1,62,0.145750
gpu,1,96,81920,81920,81920,exact,2x4_128x1,2,4,128,1,63,0.149041
gpu,1,96,81920,81920,81920,exact,2x4_128x1,2,4,128,1,64,0.147300
gpu,1,96,81920,81920,81920,exact,2x4_128x1,2,4,128,1,65,0.148202
gpu,1,96,81920,81920,81920,exact,2x4_128x1,2,4,128,1,66,0.146490
gpu,1,96,81920,81920,81920,exact,2x4_128x1,2,4,128,1,67,0.146601
gpu,1,96,81920,81920,81920,exact,2x4_128x1,2,4,128,1,68,0.145870
gpu,1,96,81920,81920,81920,exact,2x4_128x1,2,4,128,1,69,0.147141
gpu,1,96,81920,81920,81920,exact,2x4_128x1,2,4,128,1,70,0.145580
gpu,1,96,81920,81920,81920,exact,2x4_128x1,2,4,128,1,71,0.146891
gpu,1,96,81920,81920,81920,exact,2x4_128x1,2,4,128,1,72,0.146580
gpu,1,96,81920,81920,81920,exact,2x4_128x1,2,4,128,1,73,0.150561
gpu,1,96,81920,81920,81920,exact,2x4_128x1,2,4,128,1,74,0.150440
gpu,1,96,81920,81920,81920,exact,2x4_128x1,2,4,128,1,75,0.149231
gpu,1,96,81920,81920,81920,exact,2x4_128x1,2,4,128,1,76,0.146920
gpu,1,96,81920,81920,81920,exact,2x4_128x1,2,4,128,1,77,0.148002
gpu,1,96,81920,81920,81920,exact,2x4_128x1,2,4,128,1,78,0.150100
gpu,1,96,81920,81920,81920,exact,2x4_128x1,2,4,128,1,79,0.148202
gpu,1,96,81920,81920,81920,exact,2x4_128x1,2,4,128,1,80,0.145490
gpu,1,96,81920,81920,81920,exact,2x4_128x1,2,4,128,1,81,0.148322
gpu,1,96,81920,81920,81920,exact,2x4_128x1,2,4,128,1,82,0.147860
gpu,1,96,81920,81920,81920,exact,2x4_128x1,2,4,128,1,83,0.147452
gpu,1,96,81920,81920,81920,exact,2x4_128x1,2,4,128,1,84,0.148870
gpu,1,96,81920,81920,81920,exact,2x4_128x1,2,4,128,1,85,0.147762
gpu,1,96,81920,81920,81920,exact,2x4_128x1,2,4,128,1,86,0.146800
gpu,1,96,81920,81920,81920,exact,2x4_128x1,2,4,128,1,87,0.148651
gpu,1,96,81920,81920,81920,exact,2x4_128x1,2,4,128,1,88,0.149450
gpu,1,96,81920,81920,81920,exact,2x4_128x1,2,4,128,1,89,0.146621
gpu,1,96,81920,81920,81920,exact,2x4_128x1,2,4,128,1,90,0.146260
gpu,1,96,81920,81920,81920,exact,2x4_128x1,2,4,128,1,91,0.144242
gpu,1,96,81920,81920,81920,exact,2x4_128x1,2,4,128,1,92,0.147330
gpu,1,96,81920,81920,81920,exact,2x4_128x1,2,4,128,1,93,0.144402
gpu,1,96,81920,81920,81920,exact,2x4_128x1,2,4,128,1,94,0.148810
gpu,1,96,81920,81920,81920,exact,2x4_128x1,2,4,128,1,95,0.149282
gpu,1,96,81920,81920,81920,exact,2x4_128x1,2,4,128,1,96,0.149940
gpu,1,96,81920,81920,81920,exact,2x4_128x1,2,4,128,1,97,0.146021
gpu,1,96,81920,81920,81920,exact,2x4_128x1,2,4,128,1,98,0.146790
gpu,1,96,81920,81920,81920,exact,2x4_128x1,2,4,128,1,99,0.146361
gpu,1,96,81920,81920,81920,exact,4x2_64x1,4,2,64,1,0,0.270042
gpu,1,96,81920,81920,81920,exact,4x2_64x1,4,2,64,1,1,0.268322
gpu,1,96,81920,81920,81920,exact,4x2_64x1,4,2,64,1,2,0.268081
gpu,1,96,81920,81920,81920,exact,4x2_64x1,4,2,64,1,3,0.267283
gpu,1,96,81920,81920,81920,exact,4x2_64x1,4,2,64,1,4,0.265081
gpu,1,96,81920,81920,81920,exact,4x2_64x1,4,2,64,1,5,0.265802
gpu,1,96,81920,81920,81920,exact,4x2_64x1,4,2,64,1,6,0.269401
gpu,1,96,81920,81920,81920,exact,4x2_64x1,4,2,64,1,7,0.266562
gpu,1,96,81920,81920,81920,exact,4x2_64x1,4,2,64,1,8,0.267361
gpu,1,96,81920,81920,81920,exact,4x2_64x1,4,2,64,1,9,0.269162
gpu,1,96,81920,81920,81920,exact,4x2_64x1,4,2,64,1,10,0.268361
gpu,1,96,81920,81920,81920,exact,4x2_64x1,4,2,64,1,11,0.267682
gpu,1,96,81920,81920,81920,exact,4x2_64x1,4,2,64,1,12,0.265721
gpu,1,96,81920,81920,81920,exact,4x2_64x1,4,2,64,1,13,0.273402
gpu,1,96,81920,81920,81920,exact,4x2_64x1,4,2,64,1,14,0.267841
gpu,1,96,81920,81920,81920,exact,4x2_64x1,4,2,64,1,15,0.268603
gpu,1,96,81920,81920,81920,exact,4x2_64x1,4,2,64,1,16,0.267001
gpu,1,96,81920,81920,81920,exact,4x2_64x1,4,2,64,1,17,0.265643
gpu,1,96,81920,81920,81920,exact,4x2_64x1,4,2,64,1,18,0.265801
gpu,1,96,81920,81920,81920,exact,4x2_64x1,4,2,64,1,19,0.266722
gpu,1,96,81920,81920,81920,exact,4x2_64x1,4,2,64,1,20,0.268201
gpu,1,96,81920,81920,81920,exact,4x2_64x1,4,2,64,1,21,0.266363
gpu,1,96,81920,81920,81920,exact,4x2_64x1,4,2,64,1,22,0.262761
gpu,1,96,81920,81920,81920,exact,4x2_64x1,4,2,64,1,23,0.267402
gpu,1,96,81920,81920,81920,exact,4x2_64x1,4,2,64,1,24,0.268041
gpu,1,96,81920,81920,81920,exact,4x2_64x1,4,2,64,1,25,0.265882
gpu,1,96,81920,81920,81920,exact,4x2_64x1,4,2,64,1,26,0.266321
gpu,1,96,81920,81920,81920,exact,4x2_64x1,4,2,64,1,27,0.266003
gpu,1,96,81920,81920,81920,exact,4x2_64x1,4,2,64,1,28,0.268921
gpu,1,96,81920,81920,81920,exact,4x2_64x1,4,2,64,1,29,0.268203
gpu,1,96,81920,81920,81920,exact,4x2_64x1,4,2,64,1,30,0.267001
gpu,1,96,81920,81920,81920,exact,4x2_64x1,4,2,64,1,31,0.270803
gpu,1,96,81920,81920,81920,exact,4x2_64x1,4,2,64,1,32,0.266521
gpu,1,96,81920,81920,81920,exact,4x2_64x1,4,2,64,1,33,0.268122
gpu,1,96,81920,81920,81920,exact,4x2_64x1,4,2,64,1,34,0.267641
gpu,1,96,81920,81920,81920,exact,4x2_64x1,4,2,64,1,35,0.267883
gpu,1,96,81920,81920,81920,exact,4x2_64x1,4,2,64,1,36,0.266921
gpu,1,96,81920,81920,81920,exact,4x2_64x1,4,2,64,1,37,0.270243
gpu,1,96,81920,81920,81920,exact,4x2_64x1,4,2,64,1,38,0.267681
gpu,1,96,81920,81920,81920,exact,4x2_64x1,4,2,64,1,39,0.264682
gpu,1,96,81920,81920,81920,exact,4x2_64x1,4,2,64,1,40,0.269321
gpu,1,96,81920,81920,81920,exact,4x2_64x1,4,2,64,1,41,0.266403
gpu,1,96,81920,81920,81920,exact,4x2_64x1,4,2,64,1,42,0.266841
gpu,1,96,81920,81920,81920,exact,4x2_64x1,4,2,64,1,43,0.266402
gpu,1,96,81920,81920,81920,exact,4x2_64x1,4,2,64,1,44,0.268561
gpu,1,96,81920,81920,81920,exact,4x2_64x1,4,2,64,1,45,0.266482
gpu,1,96,81920,81920,81920,exact,4x2_64x1,4,2,64,1,46,0.265441
gpu,1,96,81920,81920,81920,exact,4x2_64x1,4,2,64,1,47,0.267523
gpu,1,96,81920,81920,81920,exact,4x2_64x1,4,2,64,1,48,0.267001
gpu,1,96,81920,81920,81920,exact,4x2_64x1,4,2,64,1,49,0.268002
gpu,1,96,81920,81920,81920,exact,4x2_64x1,4,2,64,1,50,0.266721
gpu,1,96,81920,81920,81920,exact,4x2_64x1,4,2,64,1,51,0.266523
gpu,1,96,81920,81920,81920,exact,4x2_64x1,4,2,64,1,52,0.267001
gpu,1,96,81920,81920,81920,exact,4x2_64x1,4,2,64,1,53,0.268802
gpu,1,96,81920,81920,81920,exact,4x2_64x1,4,2,64,1,54,0.268241
gpu,1,96,81920,81920,81920,exact,4x2_64x1,4,2,64,1,55,0.267363
gpu,1,96,81920,81920,81920,exact,4x2_64x1,4,2,64,1,56,0.267601
gpu,1,96,81920,81920,81920,exact,4x2_64x1,4,2,64,1,57,0.265362
gpu,1,96,81920,81920,81920,exact,4x2_64x1,4,2,64,1,58,0.267401
gpu,1,96,81920,81920,81920,exact,4x2_64x1,4,2,64,1,59,0.266523
gpu,1,96,81920,81920,81920,exact,4x2_64x1,4,2,64,1,60,0.268641
gpu,1,96,81920,81920,81920,exact,4x2_64x1,4,2,64,1,61,0.267402
gpu,1,96,81920,81920,81920,exact,4x2_64x1,4,2,64,1,62,0.267401
gpu,1,96,81920,81920,81920,exact,4x2_64x1,4,2,64,1,63,0.267442
gpu,1,96,81920,81920,81920,exact,4x2_64x1,4,2,64,1,64,0.267761
gpu,1,96,81920,81920,81920,exact,4x2_64x1,4,2,64,1,65,0.265322
gpu,1,96,81920,81920,81920,exact,4x2_64x1,4,2,64,1,66,0.266561
gpu,1,96,81920,81920,81920,exact,4x2_64x1,4,2,64,1,67,0.267922
gpu,1,96,81920,81920,81920,exact,4x2_64x1,4,2,64,1,68,0.268081
gpu,1,96,81920,81920,81920,exact,4x2_64x1,4,2,64,1,69,0.265882
gpu,1,96,81920,81920,81920,exact,4x2_64x1,4,2,64,1,70,0.265441
gpu,1,96,81920,81920,81920,exact,4x2_64x1,4,2,64,1,71,0.267362
gpu,1,96,81920,81920,81920,exact,4x2_64x1,4,2,64,1,72,0.269441
gpu,1,96,81920,81920,81920,exact,4x2_64x1,4,2,64,1,73,0.265482
gpu,1,96,81920,81920,81920,exact,4x2_64x1,4,2,64,1,74,0.267721
gpu,1,96,81920,81920,81920,exact,4x2_64x1,4,2,64,1,75,0.267722
gpu,1,96,81920,81920,81920,exact,4x2_64x1,4,2,64,1,76,0.267801
gpu,1,96,81920,81920,81920,exact,4x2_64x1,4,2,64,1,77,0.265282
gpu,1,96,81920,81920,81920,exact,4x2_64x1,4,2,64,1,78,0.266041
gpu,1,96,81920,81920,81920,exact,4x2_64x1,4,2,64,1,79,0.265883
gpu,1,96,81920,81920,81920,exact,4x2_64x1,4,2,64,1,80,0.265561
gpu,1,96,81920,81920,81920,exact,4x2_64x1,4,2,64,1,81,0.266762
gpu,1,96,81920,81920,81920,exact,4x2_64x1,4,2,64,1,82,0.266681
gpu,1,96,81920,81920,81920,exact,4x2_64x1,4,2,64,1,83,0.265482
gpu,1,96,81920,81920,81920,exact,4x2_64x1,4,2,64,1,84,0.267121
gpu,1,96,81920,81920,81920,exact,4x2_64x1,4,2,64,1,85,0.264683
gpu,1,96,81920,81920,81920,exact,4x2_64x1,4,2,64,1,86,0.266561
gpu,1,96,81920,81920,81920,exact,4x2_64x1,4,2,64,1,87,0.266482
gpu,1,96,81920,81920,81920,exact,4x2_64x1,4,2,64,1,88,0.266281
gpu,1,96,81920,81920,81920,exact,4x2_64x1,4,2,64,1,89,0.267523
gpu,1,96,81920,81920,81920,exact,4x2_64x1,4,2,64,1,90,0.267561
gpu,1,96,81920,81920,81920,exact,4x2_64x1,4,2,64,1,91,0.265002
gpu,1,96,81920,81920,81920,exact,4x2_64x1,4,2,64,1,92,0.266521
gpu,1,96,81920,81920,81920,exact,4x2_64x1,4,2,64,1,93,0.266682
gpu,1,96,81920,81920,81920,exact,4x2_64x1,4,2,64,1,94,0.266521
gpu,1,96,81920,81920,81920,exact,4x2_64x1,4,2,64,1,95,0.267522
gpu,1,96,81920,81920,81920,exact,4x2_64x1,4,2,64,1,96,0.267561
gpu,1,96,81920,81920,81920,exact,4x2_64x1,4,2,64,1,97,0.266522
gpu,1,96,81920,81920,81920,exact,4x2_64x1,4,2,64,1,98,0.266521
gpu,1,96,81920,81920,81920,exact,4x2_64x1,4,2,64,1,99,0.267602
gpu,1,96,81920,81920,81920,exact,1x1_32x16,1,1,32,16,0,0.161721
gpu,1,96,81920,81920,81920,exact,1x1_32x16,1,1,32,16,1,0.151161
gpu,1,96,81920,81920,81920,exact,1x1_32x16,1,1,32,16,2,0.150960
gpu,1,96,81920,81920,81920,exact,1x1_32x16,1,1,32,16,3,0.152881
gpu,1,96,81920,81920,81920,exact,1x1_32x16,1,1,32,16,4,0.150440
gpu,1,96,81920,81920,81920,exact,1x1_32x16,1,1,32,16,5,0.152201
gpu,1,96,81920,81920,81920,exact,1x1_32x16,1,1,32,16,6,0.152000
gpu,1,96,81920,81920,81920,exact,1x1_32x16,1,1,32,16,7,0.152721
gpu,1,96,81920,81920,81920,exact,1x1_32x16,1,1,32,16,8,0.151920
gpu,1,96,81920,81920,81920,exact,1x1_32x16,1,1,32,16,9,0.150321
gpu,1,96,81920,81920,81920,exact,1x1_32x16,1,1,32,16,10,0.151280
gpu,1,96,81920,81920,81920,exact,1x1_32x16,1,1,32,16,11,0.153241
gpu,1,96,81920,81920,81920,exact,1x1_32x16,1,1,32,16,12,0.154200
gpu,1,96,81920,81920,81920,exact,1x1_32x16,1,1,32,16,13,0.152001
gpu,1,96,81920,81920,81920,exact,1x1_32x16,1,1,32,16,14,0.151760
gpu,1,96,81920,81920,81920,exact,1x1_32x16,1,1,32,16,15,0.151562
gpu,1,96,81920,81920,81920,exact,1x1_32x16,1,1,32,16,16,0.152240
gpu,1,96,81920,81920,81920,exact,1x1_32x16,1,1,32,16,17,0.152762
gpu,1,96,81920,81920,81920,exact,1x1_32x16,1,1,32,16,18,0.152440
gpu,1,96,81920,81920,81920,exact,1x1_32x16,1,1,32,16,19,0.151201
gpu,1,96,81920,81920,81920,exact,1x1_32x16,1,1,32,16,20,0.151320
gpu,1,96,81920,81920,81920,exact,1x1_32x16,1,1,32,16,21,0.151561
gpu,1,96,81920,81920,81920,exact,1x1_32x16,1,1,32,16,22,0.152880
gpu,1,96,81920,81920,81920,exact,1x1_32x16,1,1,32,16,23,0.150361
gpu,1,96,81920,81920,81920,exact,1x1_32x16,1,1,32,16,24,0.150960
gpu,1,96,81920,81920,81920,exact,1x1_32x16,1,1,32,16,25,0.154001
gpu,1,96,81920,81920,81920,exact,1x1_32x16,1,1,32,16,26,0.152080
gpu,1,96,81920,81920,81920,exact,1x1_32x16,1,1,32,16,27,0.151961
gpu,1,96,81920,81920,81920,exact,1x1_32x16,1,1,32,16,28,0.151120
gpu,1,96,81920,81920,81920,exact,1x1_32x16,1,1,32,16,29,0.152161
gpu,1,96,81920,81920,81920,exact,1x1_32x16,1,1,32,16,30,0.150520
gpu,1,96,81920,81920,81920,exact,1x1_32x16,1,1,32,16,31,0.151082
gpu,1,96,81920,81920,81920,exact,1x1_32x16,1,1,32,16,32,0.152040
gpu,1,96,81920,81920,81920,exact,1x1_32x16,1,1,32,16,33,0.151921
gpu,1,96,81920,81920,81920,exact,1x1_32x16,1,1,32,16,34,0.151720
gpu,1,96,81920,81920,81920,exact,1x1_32x16,1,1,32,16,35,0.151921
gpu,1,96,81920,81920,81920,exact,1x1_32x16,1,1,32,16,36,0.153480
gpu,1,96,81920,81920,81920,exact,1x1_32x16,1,1,32,16,37,0.152281
gpu,1,96,81920,81920,81920,exact,1x1_32x16,1,1,32,16,38,0.152280
gpu,1,96,81920,81920,81920,exact,1x1_32x16,1,1,32,16,39,0.152441
gpu,1,96,81920,81920,81920,exact,1x1_32x16,1,1,32,16,40,0.151560
gpu,1,96,81920,81920,81920,exact,1x1_32x16,1,1,32,16,41,0.150681
gpu,1,96,81920,81920,81920,exact,1x1_32x16,1,1,32,16,42,0.150520
gpu,1,96,81920,81920,81920,exact,1x1_32x16,1,1,32,16,43,0.151081
gpu,1,96,81920,81920,81920,exact,1x1_32x16,1,1,32,16,44,0.151640
gpu,1,96,81920,81920,81920,exact,1x1_32x16,1,1,32,16,45,0.152121
gpu,1,96,81920,81920,81920,exact,1x1_32x16,1,1,32,16,46,0.152760
gpu,1,96,81920,81920,81920,exact,1x1_32x16,1,1,32,16,47,0.152241
gpu,1,96,81920,81920,81920,exact,1x1_32x16,1,1,32,16,48,0.150760
gpu,1,96,81920,81920,81920,exact,1x1_32x16,1,1,32,16,49,0.152321
gpu,1,96,81920,81920,81920,exact,1x1_32x16,1,1,32,16,50,0.153320
gpu,1,96,81920,81920,81920,exact,1x1_32x16,1,1,32,16,51,0.152401
gpu,1,96,81920,81920,81920,exact,1x1_32x16,1,1,32,16,52,0.152800
gpu,1,96,81920,81920,81920,exact,1x1_32x16,1,1,32,16,53,0.153081
gpu,1,96,81920,81920,81920,exact,1x1_32x16,1,1,32,16,54,0.151560
gpu,1,96,81920,81920,81920,exact,1x1_32x16,1,1,32,16,55,0.151962
gpu,1,96,81920,81920,81920,exact,1x1_32x16,1,1,32,16,56,0.151560
gpu,1,96,81920,81920,81920,exact,1x1_32x16,1,1,32,16,57,0.153121
gpu,1,96,81920,81920,81920,exact,1x1_32x16,1,1,32,16,58,0.150280
gpu,1,96,81920,81920,81920,exact,1x1_32x16,1,1,32,16,59,0.152282
gpu,1,96,81920,81920,81920,exact,1x1_32x16,1,1,32,16,60,0.152640
gpu,1,96,81920,81920,81920,exact,1x1_32x16,1,1,32,16,61,0.151962
gpu,1,96,81920,81920,81920,exact,1x1_32x16,1,1,32,16,62,0.153120
gpu,1,96,81920,81920,81920,exact,1x1_32x16,1,1,32,16,63,0.151921
gpu,1,96,81920,81920,81920,exact,1x1_32x16,1,1,32,16,64,0.151000
gpu,1,96,81920,81920,81920,exact,1x1_32x16,1,1,32,16,65,0.154521
gpu,1,96,81920,81920,81920,exact,1x1_32x16,1,1,32,16,66,0.151920
gpu,1,96,81920,81920,81920,exact,1x1_32x16,1,1,32,16,67,0.151802
gpu,1,96,81920,81920,81920,exact,1x1_32x16,1,1,32,16,68,0.152680
gpu,1,96,81920,81920,81920,exact,1x1_32x16,1,1,32,16,69,0.153721
gpu,1,96,81920,81920,81920,exact,1x1_32x16,1,1,32,16,70,0.153240
gpu,1,96,81920,81920,81920,exact,1x1_32x16,1,1,32,16,71,0.151842
gpu,1,96,81920,81920,81920,exact,1x1_32x16,1,1,32,16,72,0.151880
gpu,1,96,81920,81920,81920,exact,1x1_32x16,1,1,32,16,73,0.153722
gpu,1,96,81920,81920,81920,exact,1x1_32x16,1,1,32,16,74,0.151920
gpu,1,96,81920,81920,81920,exact,1x1_32x16,1,1,32,16,75,0.153841
gpu,1,96,81920,81920,81920,exact,1x1_32x16,1,1,32,16,76,0.151640
gpu,1,96,81920,81920,81920,exact,1x1_32x16,1,1,32,16,77,0.152042
gpu,1,96,81920,81920,81920,exact,1x1_32x16,1,1,32,16,78,0.151240
gpu,1,96,81920,81920,81920,exact,1x1_32x16,1,1,32,16,79,0.151961
gpu,1,96,81920,81920,81920,exact,1x1_32x16,1,1,32,16,80,0.152720
gpu,1,96,81920,81920,81920,exact,1x1_32x16,1,1,32,16,81,0.151042
gpu,1,96,81920,81920,81920,exact,1x1_32x16,1,1,32,16,82,0.152520
gpu,1,96,81920,81920,81920,exact,1x1_32x16,1,1,32,16,83,0.150322
gpu,1,96,81920,81920,81920,exact,1x1_32x16,1,1,32,16,84,0.149720
gpu,1,96,81920,81920,81920,exact,1x1_32x16,1,1,32,16,85,0.151082
gpu,1,96,81920,81920,81920,exact,1x1_32x16,1,1,32,16,86,0.151000
gpu,1,96,81920,81920,81920,exact,1x1_32x16,1,1,32,16,87,0.152722
gpu,1,96,81920,81920,81920,exact,1x1_32x16,1,1,32,16,88,0.151120
gpu,1,96,81920,81920,81920,exact,1x1_32x16,1,1,32,16,89,0.151241
gpu,1,96,81920,81920,81920,exact,1x1_32x16,1,1,32,16,90,0.152520
gpu,1,96,81920,81920,81920,exact,1x1_32x16,1,1,32,16,91,0.151561
gpu,1,96,81920,81920,81920,exact,1x1_32x16,1,1,32,16,92,0.151720
gpu,1,96,81920,81920,81920,exact,1x1_32x16,1,1,32,16,93,0.152002
gpu,1,96,81920,81920,81920,exact,1x1_32x16,1,1,32,16,94,0.152480
gpu,1,96,81920,81920,81920,exact,1x1_32x16,1,1,32,16,95,0.150162
gpu,1,96,81920,81920,81920,exact,1x1_32x16,1,1,32,16,96,0.152040
gpu,1,96,81920,81920,81920,exact,1x1_32x16,1,1,32,16,97,0.150321
gpu,1,96,81920,81920,81920,exact,1x1_32x16,1,1,32,16,98,0.151320
gpu,1,96,81920,81920,81920,exact,1x1_32x16,1,1,32,16,99,0.151201
gpu,1,96,81920,81920,81920,exact,1x1_32x8,1,1,32,8,0,0.158321
gpu,1,96,81920,81920,81920,exact,1x1_32x8,1,1,32,8,1,0.148082
gpu,1,96,81920,81920,81920,exact,1x1_32x8,1,1,32,8,2,0.151080
gpu,1,96,81920,81920,81920,exact,1x1_32x8,1,1,32,8,3,0.150122
gpu,1,96,81920,81920,81920,exact,1x1_32x8,1,1,32,8,4,0.150560
gpu,1,96,81920,81920,81920,exact,1x1_32x8,1,1,32,8,5,0.150761
gpu,1,96,81920,81920,81920,exact,1x1_32x8,1,1,32,8,6,0.150120
gpu,1,96,81920,81920,81920,exact,1x1_32x8,1,1,32,8,7,0.151642
gpu,1,96,81920,81920,81920,exact,1x1_32x8,1,1,32,8,8,0.151280
gpu,1,96,81920,81920,81920,exact,1x1_32x8,1,1,32,8,9,0.151921
gpu,1,96,81920,81920,81920,exact,1x1_32x8,1,1,32,8,10,0.149880
gpu,1,96,81920,81920,81920,exact,1x1_32x8,1,1,32,8,11,0.149521
gpu,1,96,81920,81920,81920,exact,1x1_32x8,1,1,32,8,12,0.150400
gpu,1,96,81920,81920,81920,exact,1x1_32x8,1,1,32,8,13,0.150281
gpu,1,96,81920,81920,81920,exact,1x1_32x8,1,1,32,8,14,0.151680
gpu,1,96,81920,81920,81920,exact,1x1_32x8,1,1,32,8,15,0.152682
gpu,1,96,81920,81920,81920,exact,1x1_32x8,1,1,32,8,16,0.152360
gpu,1,96,81920,81920,81920,exact,1x1_32x8,1,1,32,8,17,0.150161
gpu,1,96,81920,81920,81920,exact,1x1_32x8,1,1,32,8,18,0.152600
gpu,1,96,81920,81920,81920,exact,1x1_32x8,1,1,32,8,19,0.150082
gpu,1,96,81920,81920,81920,exact,1x1_32x8,1,1,32,8,20,0.151560
gpu,1,96,81920,81920,81920,exact,1x1_32x8,1,1,32,8,21,0.151961
gpu,1,96,81920,81920,81920,exact,1x1_32x8,1,1,32,8,22,0.151200
gpu,1,96,81920,81920,81920,exact,1x1_32x8,1,1,32,8,23,0.152482
gpu,1,96,81920,81920,81920,exact,1x1_32x8,1,1,32,8,24,0.151360
gpu,1,96,81920,81920,81920,exact,1x1_32x8,1,1,32,8,25,0.150482
gpu,1,96,81920,81920,81920,exact,1x1_32x8,1,1,32,8,26,0.152880
gpu,1,96,81920,81920,81920,exact,1x1_32x8,1,1,32,8,27,0.150042
gpu,1,96,81920,81920,81920,exact,1x1_32x8,1,1,32,8,28,0.151600
gpu,1,96,81920,81920,81920,exact,1x1_32x8,1,1,32,8,29,0.149761
gpu,1,96,81920,81920,81920,exact,1x1_32x8,1,1,32,8,30,0.151280
gpu,1,96,81920,81920,81920,exact,1x1_32x8,1,1,32,8,31,0.151561
gpu,1,96,81920,81920,81920,exact,1x1_32x8,1,1,32,8,32,0.151360
gpu,1,96,81920,81920,81920,exact,1x1_32x8,1,1,32,8,33,0.151282
gpu,1,96,81920,81920,81920,exact,1x1_32x8,1,1,32,8,34,0.150801
gpu,1,96,81920,81920,81920,exact,1x1_32x8,1,1,32,8,35,0.149641
gpu,1,96,81920,81920,81920,exact,1x1_32x8,1,1,32,8,36,0.151000
gpu,1,96,81920,81920,81920,exact,1x1_32x8,1,1,32,8,37,0.152041
gpu,1,96,81920,81920,81920,exact,1x1_32x8,1,1,32,8,38,0.150920
gpu,1,96,81920,81920,81920,exact,1x1_32x8,1,1,32,8,39,0.224082
gpu,1,96,81920,81920,81920,exact,1x1_32x8,1,1,32,8,40,0.150440
gpu,1,96,81920,81920,81920,exact,1x1_32x8,1,1,32,8,41,0.149362
gpu,1,96,81920,81920,81920,exact,1x1_32x8,1,1,32,8,42,0.150400
gpu,1,96,81920,81920,81920,exact,1x1_32x8,1,1,32,8,43,0.150562
gpu,1,96,81920,81920,81920,exact,1x1_32x8,1,1,32,8,44,0.152920
gpu,1,96,81920,81920,81920,exact,1x1_32x8,1,1,32,8,45,0.150641
gpu,1,96,81920,81920,81920,exact,1x1_32x8,1,1,32,8,46,0.151960
gpu,1,96,81920,81920,81920,exact,1x1_32x8,1,1,32,8,47,0.151441
gpu,1,96,81920,81920,81920,exact,1x1_32x8,1,1,32,8,48,0.150720
gpu,1,96,81920,81920,81920,exact,1x1_32x8,1,1,32,8,49,0.151961
gpu,1,96,81920,81920,81920,exact,1x1_32x8,1,1,32,8,50,0.151840
gpu,1,96,81920,81920,81920,exact,1x1_32x8,1,1,32,8,51,0.151161
gpu,1,96,81920,81920,81920,exact,1x1_32x8,1,1,32,8,52,0.151040
gpu,1,96,81920,81920,81920,exact,1x1_32x8,1,1,32,8,53,0.151761
gpu,1,96,81920,81920,81920,exact,1x1_32x8,1,1,32,8,54,0.163240
gpu,1,96,81920,81920,81920,exact,1x1_32x8,1,1,32,8,55,0.152361
gpu,1,96,81920,81920,81920,exact,1x1_32x8,1,1,32,8,56,0.149400
gpu,1,96,81920,81920,81920,exact,1x1_32x8,1,1,32,8,57,0.150561
gpu,1,96,81920,81920,81920,exact,1x1_32x8,1,1,32,8,58,0.150200
gpu,1,96,81920,81920,81920,exact,1x1_32x8,1,1,32,8,59,0.149722
gpu,1,96,81920,81920,81920,exact,1x1_32x8,1,1,32,8,60,0.150200
gpu,1,96,81920,81920,81920,exact,1x1_32x8,1,1,32,8,61,0.150002
gpu,1,96,81920,81920,81920,exact,1x1_32x8,1,1,32,8,62,0.151120
gpu,1,96,81920,81920,81920,exact,1x1_32x8,1,1,32,8,63,0.151041
gpu,1,96,81920,81920,81920,exact,1x1_32x8,1,1,32,8,64,0.150440
gpu,1,96,81920,81920,81920,exact,1x1_32x8,1,1,32,8,65,0.154281
gpu,1,96,81920,81920,81920,exact,1x1_32x8,1,1,32,8,66,0.150400
gpu,1,96,81920,81920,81920,exact,1x1_32x8,1,1,32,8,67,0.151241
gpu,1,96,81920,81920,81920,exact,1x1_32x8,1,1,32,8,68,0.151080
gpu,1,96,81920,81920,81920,exact,1x1_32x8,1,1,32,8,69,0.150722
gpu,1,96,81920,81920,81920,exact,1x1_32x8,1,1,32,8,70,0.151160
gpu,1,96,81920,81920,81920,exact,1x1_32x8,1,1,32,8,71,0.150681
gpu,1,96,81920,81920,81920,exact,1x1_32x8,1,1,32,8,72,0.152720
gpu,1,96,81920,81920,81920,exact,1x1_32x8,1,1,32,8,73,0.150481
gpu,1,96,81920,81920,81920,exact,1x1_32x8,1,1,32,8,74,0.151960
gpu,1,96,81920,81920,81920,exact,1x1_32x8,1,1,32,8,75,0.150241
gpu,1,96,81920,81920,81920,exact,1x1_32x8,1,1,32,8,76,0.150600
gpu,1,96,81920,81920,81920,exact,1x1_32x8,1,1,32,8,77,0.151041
gpu,1,96,81920,81920,81920,exact,1x1_32x8,1,1,32,8,78,0.149800
gpu,1,96,81920,81920,81920,exact,1x1_32x8,1,1,32,8,79,0.151521
gpu,1,96,81920,81920,81920,exact,1x1_32x8,1,1,32,8,80,0.150240
gpu,1,96,81920,81920,81920,exact,1x1_32x8,1,1,32,8,81,0.150042
gpu,1,96,81920,81920,81920,exact,1x1_32x8,1,1,32,8,82,0.149880
gpu,1,96,81920,81920,81920,exact,1x1_32x8,1,1,32,8,83,0.225802
gpu,1,96,81920,81920,81920,exact,1x1_32x8,1,1,32,8,84,0.152440
gpu,1,96,81920,81920,81920,exact,1x1_32x8,1,1,32,8,85,0.151761
gpu,1,96,81920,81920,81920,exact,1x1_32x8,1,1,32,8,86,0.154240
gpu,1,96,81920,81920,81920,exact,1x1_32x8,1,1,32,8,87,0.150562
gpu,1,96,81920,81920,81920,exact,1x1_32x8,1,1,32,8,88,0.151760
gpu,1,96,81920,81920,81920,exact,1x1_32x8,1,1,32,8,89,0.151081
gpu,1,96,81920,81920,81920,exact,1x1_32x8,1,1,32,8,90,0.150760
gpu,1,96,81920,81920,81920,exact,1x1_32x8,1,1,32,8,91,0.149561
gpu,1,96,81920,81920,81920,exact,1x1_32x8,1,1,32,8,92,0.150120
gpu,1,96,81920,81920,81920,exact,1x1_32x8,1,1,32,8,93,0.152642
gpu,1,96,81920,81920,81920,exact,1x1_32x8,1,1,32,8,94,0.229561
gpu,1,96,81920,81920,81920,exact,1x1_32x8,1,1,32,8,95,0.152242
gpu,1,96,81920,81920,81920,exact,1x1_32x8,1,1,32,8,96,0.151320
gpu,1,96,81920,81920,81920,exact,1x1_32x8,1,1,32,8,97,0.156121
gpu,1,96,81920,81920,81920,exact,1x1_32x8,1,1,32,8,98,0.150720
gpu,1,96,81920,81920,81920,exact,1x1_32x8,1,1,32,8,99,0.149841
gpu,1,96,81920,81920,81920,exact,1x1_32x4,1,1,32,4,0,0.159241
gpu,1,96,81920,81920,81920,exact,1x1_32x4,1,1,32,4,1,0.151162
gpu,1,96,81920,81920,81920,exact,1x1_32x4,1,1,32,4,2,0.150240
gpu,1,96,81920,81920,81920,exact,1x1_32x4,1,1,32,4,3,0.152841
gpu,1,96,81920,81920,81920,exact,1x1_32x4,1,1,32,4,4,0.161600
gpu,1,96,81920,81920,81920,exact,1x1_32x4,1,1,32,4,5,0.152281
gpu,1,96,81920,81920,81920,exact,1x1_32x4,1,1,32,4,6,0.225161
gpu,1,96,81920,81920,81920,exact,1x1_32x4,1,1,32,4,7,0.151881
gpu,1,96,81920,81920,81920,exact,1x1_32x4,1,1,32,4,8,0.150520
gpu,1,96,81920,81920,81920,exact,1x1_32x4,1,1,32,4,9,0.149881
gpu,1,96,81920,81920,81920,exact,1x1_32x4,1,1,32,4,10,0.152840
gpu,1,96,81920,81920,81920,exact,1x1_32x4,1,1,32,4,11,0.152562
gpu,1,96,81920,81920,81920,exact,1x1_32x4,1,1,32,4,12,0.150840
gpu,1,96,81920,81920,81920,exact,1x1_32x4,1,1,32,4,13,0.152761
gpu,1,96,81920,81920,81920,exact,1x1_32x4,1,1,32,4,14,0.151560
gpu,1,96,81920,81920,81920,exact,1x1_32x4,1,1,32,4,15,0.152521
gpu,1,96,81920,81920,81920,exact,1x1_32x4,1,1,32,4,16,0.150800
gpu,1,96,81920,81920,81920,exact,1x1_32x4,1,1,32,4,17,0.154362
gpu,1,96,81920,81920,81920,exact,1x1_32x4,1,1,32,4,18,0.151240
gpu,1,96,81920,81920,81920,exact,1x1_32x4,1,1,32,4,19,0.151842
gpu,1,96,81920,81920,81920,exact,1x1_32x4,1,1,32,4,20,0.152640
gpu,1,96,81920,81920,81920,exact,1x1_32x4,1,1,32,4,21,0.151561
gpu,1,96,81920,81920,81920,exact,1x1_32x4,1,1,32,4,22,0.154160
gpu,1,96,81920,81920,81920,exact,1x1_32x4,1,1,32,4,23,0.150681
gpu,1,96,81920,81920,81920,exact,1x1_32x4,1,1,32,4,24,0.151520
gpu,1,96,81920,81920,81920,exact,1x1_32x4,1,1,32,4,25,0.152602
gpu,1,96,81920,81920,81920,exact,1x1_32x4,1,1,32,4,26,0.152200
gpu,1,96,81920,81920,81920,exact,1x1_32x4,1,1,32,4,27,0.150002
gpu,1,96,81920,81920,81920,exact,1x1_32x4,1,1,32,4,28,0.151520
gpu,1,96,81920,81920,81920,exact,1x1_32x4,1,1,32,4,29,0.151481
gpu,1,96,81920,81920,81920,exact,1x1_32x4,1,1,32,4,30,0.151880
gpu,1,96,81920,81920,81920,exact,1x1_32x4,1,1,32,4,31,0.152961
gpu,1,96,81920,81920,81920,exact,1x1_32x4,1,1,32,4,32,0.161360
gpu,1,96,81920,81920,81920,exact,1x1_32x4,1,1,32,4,33,0.151041
gpu,1,96,81920,81920,81920,exact,1x1_32x4,1,1,32,4,34,0.152000
gpu,1,96,81920,81920,81920,exact,1x1_32x4,1,1,32,4,35,0.151401
gpu,1,96,81920,81920,81920,exact,1x1_32x4,1,1,32,4,36,0.152320
gpu,1,96,81920,81920,81920,exact,1x1_32x4,1,1,32,4,37,0.150081
gpu,1,96,81920,81920,81920,exact,1x1_32x4,1,1,32,4,38,0.151680
gpu,1,96,81920,81920,81920,exact,1x1_32x4,1,1,32,4,39,0.151882
gpu,1,96,81920,81920,81920,exact,1x1_32x4,1,1,32,4,40,0.149040
gpu,1,96,81920,81920,81920,exact,1x1_32x4,1,1,32,4,41,0.152041
gpu,1,96,81920,81920,81920,exact,1x1_32x4,1,1,32,4,42,0.150960
gpu,1,96,81920,81920,81920,exact,1x1_32x4,1,1,32,4,43,0.150522
gpu,1,96,81920,81920,81920,exact,1x1_32x4,1,1,32,4,44,0.151560
gpu,1,96,81920,81920,81920,exact,1x1_32x4,1,1,32,4,45,0.151641
gpu,1,96,81920,81920,81920,exact,1x1_32x4,1,1,32,4,46,0.150840
gpu,1,96,81920,81920,81920,exact,1x1_32x4,1,1,32,4,47,0.229082
gpu,1,96,81920,81920,81920,exact,1x1_32x4,1,1,32,4,48,0.151400
gpu,1,96,81920,81920,81920,exact,1x1_32x4,1,1,32,4,49,0.151001
gpu,1,96,81920,81920,81920,exact,1x1_32x4,1,1,32,4,50,0.152760
gpu,1,96,81920,81920,81920,exact,1x1_32x4,1,1,32,4,51,0.152041
gpu,1,96,81920,81920,81920,exact,1x1_32x4,1,1,32,4,52,0.152000
gpu,1,96,81920,81920,81920,exact,1x1_32x4,1,1,32,4,53,0.152081
gpu,1,96,81920,81920,81920,exact,1x1_32x4,1,1,32,4,54,0.151240
gpu,1,96,81920,81920,81920,exact,1x1_32x4,1,1,32,4,55,0.151242
gpu,1,96,81920,81920,81920,exact,1x1_32x4,1,1,32,4,56,0.150120
gpu,1,96,81920,81920,81920,exact,1x1_32x4,1,1,32,4,57,0.153561
gpu,1,96,81920,81920,81920,exact,1x1_32x4,1,1,32,4,58,0.150920
gpu,1,96,81920,81920,81920,exact,1x1_32x4,1,1,32,4,59,0.152082
gpu,1,96,81920,81920,81920,exact,1x1_32x4,1,1,32,4,60,0.152680
gpu,1,96,81920,81920,81920,exact,1x1_32x4,1,1,32,4,61,0.151841
gpu,1,96,81920,81920,81920,exact,1x1_32x4,1,1,32,4,62,0.151480
gpu,1,96,81920,81920,81920,exact,1x1_32x4,1,1,32,4,63,0.151481
gpu,1,96,81920,81920,81920,exact,1x1_32x4,1,1,32,4,64,0.152000
gpu,1,96,81920,81920,81920,exact,1x1_32x4,1,1,32,4,65,0.150401
gpu,1,96,81920,81920,81920,exact,1x1_32x4,1,1,32,4,66,0.150800
gpu,1,96,81920,81920,81920,exact,1x1_32x4,1,1,32,4,67,0.153921
gpu,1,96,81920,81920,81920,exact,1x1_32x4,1,1,32,4,68,0.151440
gpu,1,96,81920,81920,81920,exact,1x1_32x4,1,1,32,4,69,0.151562
gpu,1,96,81920,81920,81920,exact,1x1_32x4,1,1,32,4,70,0.150920
gpu,1,96,81920,81920,81920,exact,1x1_32x4,1,1,32,4,71,0.151402
gpu,1,96,81920,81920,81920,exact,1x1_32x4,1,1,32,4,72,0.151240
gpu,1,96,81920,81920,81920,exact,1x1_32x4,1,1,32,4,73,0.151721
gpu,1,96,81920,81920,81920,exact,1x1_32x4,1,1,32,4,74,0.161960
gpu,1,96,81920,81920,81920,exact,1x1_32x4,1,1,32,4,75,0.152362
gpu,1,96,81920,81920,81920,exact,1x1_32x4,1,1,32,4,76,0.151640
gpu,1,96,81920,81920,81920,exact,1x1_32x4,1,1,32,4,77,0.154881
gpu,1,96,81920,81920,81920,exact,1x1_32x4,1,1,32,4,78,0.152840
gpu,1,96,81920,81920,81920,exact,1x1_32x4,1,1,32,4,79,0.151842
gpu,1,96,81920,81920,81920,exact,1x1_32x4,1,1,32,4,80,0.152080
gpu,1,96,81920,81920,81920,exact,1x1_32x4,1,1,32,4,81,0.150762
gpu,1,96,81920,81920,81920,exact,1x1_32x4,1,1,32,4,82,0.151280
gpu,1,96,81920,81920,81920,exact,1x1_32x4,1,1,32,4,83,0.151241
gpu,1,96,81920,81920,81920,exact,1x1_32x4,1,1,32,4,84,0.151760
gpu,1,96,81920,81920,81920,exact,1x1_32x4,1,1,32,4,85,0.153361
gpu,1,96,81920,81920,81920,exact,1x1_32x4,1,1,32,4,86,0.150960
gpu,1,96,81920,81920,81920,exact,1x1_32x4,1,1,32,4,87,0.151321
gpu,1,96,81920,81920,81920,exact,1x1_32x4,1,1,32,4,88,0.151400
gpu,1,96,81920,81920,81920,exact,1x1_32x4,1,1,32,4,89,0.152401
gpu,1,96,81920,81920,81920,exact,1x1_32x4,1,1,32,4,90,0.152360
gpu,1,96,81920,81920,81920,exact,1x1_32x4,1,1,32,4,91,0.152281
gpu,1,96,81920,81920,81920,exact,1x1_32x4,1,1,32,4,92,0.152800
gpu,1,96,81920,81920,81920,exact,1x1_32x4,1,1,32,4,93,0.151001
gpu,1,96,81920,81920,81920,exact,1x1_32x4,1,1,32,4,94,0.151720
gpu,1,96,81920,81920,81920,exact,1x1_32x4,1,1,32,4,95,0.166042
gpu,1,96,81920,81920,81920,exact,1x1_32x4,1,1,32,4,96,0.151760
gpu,1,96,81920,81920,81920,exact,1x1_32x4,1,1,32,4,97,0.153121
gpu,1,96,81920,81920,81920,exact,1x1_32x4,1,1,32,4,98,0.151400
gpu,1,96,81920,81920,81920,exact,1x1_32x4,1,1,32,4,99,0.151642
gpu,1,96,81920,81920,81920,exact,2x1_32x16,2,1,32,16,0,0.200601
gpu,1,96,81920,81920,81920,exact,2x1_32x16,2,1,32,16,1,0.193362
gpu,1,96,81920,81920,81920,exact,2x1_32x16,2,1,32,16,2,0.195041
gpu,1,96,81920,81920,81920,exact,2x1_32x16,2,1,32,16,3,0.194281
gpu,1,96,81920,81920,81920,exact,2x1_32x16,2,1,32,16,4,0.194321
gpu,1,96,81920,81920,81920,exact,2x1_32x16,2,1,32,16,5,0.193402
gpu,1,96,81920,81920,81920,exact,2x1_32x16,2,1,32,16,6,0.196321
gpu,1,96,81920,81920,81920,exact,2x1_32x16,2,1,32,16,7,0.195922
gpu,1,96,81920,81920,81920,exact,2x1_32x16,2,1,32,16,8,0.194401
gpu,1,96,81920,81920,81920,exact,2x1_32x16,2,1,32,16,9,0.195122
gpu,1,96,81920,81920,81920,exact,2x1_32x16,2,1,32,16,10,0.194681
gpu,1,96,81920,81920,81920,exact,2x1_32x16,2,1,32,16,11,0.194202
gpu,1,96,81920,81920,81920,exact,2x1_32x16,2,1,32,16,12,0.195841
gpu,1,96,81920,81920,81920,exact,2x1_32x16,2,1,32,16,13,0.194562
gpu,1,96,81920,81920,81920,exact,2x1_32x16,2,1,32,16,14,0.195081
gpu,1,96,81920,81920,81920,exact,2x1_32x16,2,1,32,16,15,0.195681
gpu,1,96,81920,81920,81920,exact,2x1_32x16,2,1,32,16,16,0.197201
gpu,1,96,81920,81920,81920,exact,2x1_32x16,2,1,32,16,17,0.196402
gpu,1,96,81920,81920,81920,exact,2x1_32x16,2,1,32,16,18,0.196601
gpu,1,96,81920,81920,81920,exact,2x1_32x16,2,1,32,16,19,0.195042
gpu,1,96,81920,81920,81920,exact,2x1_32x16,2,1,32,16,20,0.194961
gpu,1,96,81920,81920,81920,exact,2x1_32x16,2,1,32,16,21,0.195202
gpu,1,96,81920,81920,81920,exact,2x1_32x16,2,1,32,16,22,0.195321
gpu,1,96,81920,81920,81920,exact,2x1_32x16,2,1,32,16,23,0.196641
gpu,1,96,81920,81920,81920,exact,2x1_32x16,2,1,32,16,24,0.205121
gpu,1,96,81920,81920,81920,exact,2x1_32x16,2,1,32,16,25,0.194522
gpu,1,96,81920,81920,81920,exact,2x1_32x16,2,1,32,16,26,0.195441
gpu,1,96,81920,81920,81920,exact,2x1_32x16,2,1,32,16,27,0.192482
gpu,1,96,81920,81920,81920,exact,2x1_32x16,2,1,32,16,28,0.195201
gpu,1,96,81920,81920,81920,exact,2x1_32x16,2,1,32,16,29,0.194121
gpu,1,96,81920,81920,81920,exact,2x1_32x16,2,1,32,16,30,0.194041
gpu,1,96,81920,81920,81920,exact,2x1_32x16,2,1,32,16,31,0.195001
gpu,1,96,81920,81920,81920,exact,2x1_32x16,2,1,32,16,32,0.194441
gpu,1,96,81920,81920,81920,exact,2x1_32x16,2,1,32,16,33,0.196681
gpu,1,96,81920,81920,81920,exact,2x1_32x16,2,1,32,16,34,0.194481
gpu,1,96,81920,81920,81920,exact,2x1_32x16,2,1,32,16,35,0.195882
gpu,1,96,81920,81920,81920,exact,2x1_32x16,2,1,32,16,36,0.194841
gpu,1,96,81920,81920,81920,exact,2x1_32x16,2,1,32,16,37,0.195042
gpu,1,96,81920,81920,81920,exact,2x1_32x16,2,1,32,16,38,0.193801
gpu,1,96,81920,81920,81920,exact,2x1_32x16,2,1,32,16,39,0.193801
gpu,1,96,81920,81920,81920,exact,2x1_32x16,2,1,32,16,40,0.194601
gpu,1,96,81920,81920,81920,exact,2x1_32x16,2,1,32,16,41,0.193241
gpu,1,96,81920,81920,81920,exact,2x1_32x16,2,1,32,16,42,0.195761
gpu,1,96,81920,81920,81920,exact,2x1_32x16,2,1,32,16,43,0.194042
gpu,1,96,81920,81920,81920,exact,2x1_32x16,2,1,32,16,44,0.194481
gpu,1,96,81920,81920,81920,exact,2x1_32x16,2,1,32,16,45,0.195842
gpu,1,96,81920,81920,81920,exact,2x1_32x16,2,1,32,16,46,0.195640
gpu,1,96,81920,81920,81920,exact,2x1_32x16,2,1,32,16,47,0.195762
gpu,1,96,81920,81920,81920,exact,2x1_32x16,2,1,32,16,48,0.193001
gpu,1,96,81920,81920,81920,exact,2x1_32x16,2,1,32,16,49,0.194602
gpu,1,96,81920,81920,81920,exact,2x1_32x16,2,1,32,16,50,0.194761
gpu,1,96,81920,81920,81920,exact,2x1_32x16,2,1,32,16,51,0.193921
gpu,1,96,81920,81920,81920,exact,2x1_32x16,2,1,32,16,52,0.194201
gpu,1,96,81920,81920,81920,exact,2x1_32x16,2,1,32,16,53,0.194481
gpu,1,96,81920,81920,81920,exact,2x1_32x16,2,1,32,16,54,0.197601
gpu,1,96,81920,81920,81920,exact,2x1_32x16,2,1,32,16,55,0.195241
gpu,1,96,81920,81920,81920,exact,2x1_32x16,2,1,32,16,56,0.197121
gpu,1,96,81920,81920,81920,exact,2x1_32x16,2,1,32,16,57,0.195402
gpu,1,96,81920,81920,81920,exact,2x1_32x16,2,1,32,16,58,0.194961
gpu,1,96,81920,81920,81920,exact,2x1_32x16,2,1,32,16,59,0.194081
gpu,1,96,81920,81920,81920,exact,2x1_32x16,2,1,32,16,60,0.194161
gpu,1,96,81920,81920,81920,exact,2x1_32x16,2,1,32,16,61,0.195442
gpu,1,96,81920,81920,81920,exact,2x1_32x16,2,1,32,16,62,0.194441
gpu,1,96,81920,81920,81920,exact,2x1_32x16,2,1,32,16,63,0.194922
gpu,1,96,81920,81920,81920,exact,2x1_32x16,2,1,32,16,64,0.193721
gpu,1,96,81920,81920,81920,exact,2x1_32x16,2,1,32,16,65,0.194482
gpu,1,96,81920,81920,81920,exact,2x1_32x16,2,1,32,16,66,0.194241
gpu,1,96,81920,81920,81920,exact,2x1_32x16,2,1,32,16,67,0.194602
gpu,1,96,81920,81920,81920,exact,2x1_32x16,2,1,32,16,68,0.194521
gpu,1,96,81920,81920,81920,exact,2x1_32x16,2,1,32,16,69,0.194442
gpu,1,96,81920,81920,81920,exact,2x1_32x16,2,1,32,16,70,0.196161
gpu,1,96,81920,81920,81920,exact,2x1_32x16,2,1,32,16,71,0.194722
gpu,1,96,81920,81920,81920,exact,2x1_32x16,2,1,32,16,72,0.194521
gpu,1,96,81920,81920,81920,exact,2x1_32x16,2,1,32,16,73,0.194201
gpu,1,96,81920,81920,81920,exact,2x1_32x16,2,1,32,16,74,0.192761
gpu,1,96,81920,81920,81920,exact,2x1_32x16,2,1,32,16,75,0.194522
gpu,1,96,81920,81920,81920,exact,2x1_32x16,2,1,32,16,76,0.195121
gpu,1,96,81920,81920,81920,exact,2x1_32x16,2,1,32,16,77,0.202682
gpu,1,96,81920,81920,81920,exact,2x1_32x16,2,1,32,16,78,0.195001
gpu,1,96,81920,81920,81920,exact,2x1_32x16,2,1,32,16,79,0.194601
gpu,1,96,81920,81920,81920,exact,2x1_32x16,2,1,32,16,80,0.196721
gpu,1,96,81920,81920,81920,exact,2x1_32x16,2,1,32,16,81,0.193962
gpu,1,96,81920,81920,81920,exact,2x1_32x16,2,1,32,16,82,0.195081
gpu,1,96,81920,81920,81920,exact,2x1_32x16,2,1,32,16,83,0.194202
gpu,1,96,81920,81920,81920,exact,2x1_32x16,2,1,32,16,84,0.195521
gpu,1,96,81920,81920,81920,exact,2x1_32x16,2,1,32,16,85,0.193881
gpu,1,96,81920,81920,81920,exact,2x1_32x16,2,1,32,16,86,0.201281
gpu,1,96,81920,81920,81920,exact,2x1_32x16,2,1,32,16,87,0.192962
gpu,1,96,81920,81920,81920,exact,2x1_32x16,2,1,32,16,88,0.194321
gpu,1,96,81920,81920,81920,exact,2x1_32x16,2,1,32,16,89,0.195042
gpu,1,96,81920,81920,81920,exact,2x1_32x16,2,1,32,16,90,0.196841
gpu,1,96,81920,81920,81920,exact,2x1_32x16,2,1,32,16,91,0.195241
gpu,1,96,81920,81920,81920,exact,2x1_32x16,2,1,32,16,92,0.194121
gpu,1,96,81920,81920,81920,exact,2x1_32x16,2,1,32,16,93,0.192842
gpu,1,96,81920,81920,81920,exact,2x1_32x16,2,1,32,16,94,0.195441
gpu,1,96,81920,81920,81920,exact,2x1_32x16,2,1,32,16,95,0.194361
gpu,1,96,81920,81920,81920,exact,2x1_32x16,2,1,32,16,96,0.196001
gpu,1,96,81920,81920,81920,exact,2x1_32x16,2,1,32,16,97,0.195042
gpu,1,96,81920,81920,81920,exact,2x1_32x16,2,1,32,16,98,0.195561
gpu,1,96,81920,81920,81920,exact,2x1_32x16,2,1,32,16,99,0.194722
gpu,1,96,81920,81920,81920,exact,2x1_32x8,2,1,32,8,0,0.193201
gpu,1,96,81920,81920,81920,exact,2x1_32x8,2,1,32,8,1,0.255962
gpu,1,96,81920,81920,81920,exact,2x1_32x8,2,1,32,8,2,0.249761
gpu,1,96,81920,81920,81920,exact,2x1_32x8,2,1,32,8,3,0.255722
gpu,1,96,81920,81920,81920,exact,2x1_32x8,2,1,32,8,4,0.254161
gpu,1,96,81920,81920,81920,exact,2x1_32x8,2,1,32,8,5,0.255562
gpu,1,96,81920,81920,81920,exact,2x1_32x8,2,1,32,8,6,0.251721
gpu,1,96,81920,81920,81920,exact,2x1_32x8,2,1,32,8,7,0.253883
gpu,1,96,81920,81920,81920,exact,2x1_32x8,2,1,32,8,8,0.255121
gpu,1,96,81920,81920,81920,exact,2x1_32x8,2,1,32,8,9,0.188121
gpu,1,96,81920,81920,81920,exact,2x1_32x8,2,1,32,8,10,0.189081
gpu,1,96,81920,81920,81920,exact,2x1_32x8,2,1,32,8,11,0.253802
gpu,1,96,81920,81920,81920,exact,2x1_32x8,2,1,32,8,12,0.255441
gpu,1,96,81920,81920,81920,exact,2x1_32x8,2,1,32,8,13,0.254082
gpu,1,96,81920,81920,81920,exact,2x1_32x8,2,1,32,8,14,0.187121
gpu,1,96,81920,81920,81920,exact,2x1_32x8,2,1,32,8,15,0.254602
gpu,1,96,81920,81920,81920,exact,2x1_32x8,2,1,32,8,16,0.256361
gpu,1,96,81920,81920,81920,exact,2x1_32x8,2,1,32,8,17,0.188962
gpu,1,96,81920,81920,81920,exact,2x1_32x8,2,1,32,8,18,0.251121
gpu,1,96,81920,81920,81920,exact,2x1_32x8,2,1,32,8,19,0.184482
gpu,1,96,81920,81920,81920,exact,2x1_32x8,2,1,32,8,20,0.188921
gpu,1,96,81920,81920,81920,exact,2x1_32x8,2,1,32,8,21,0.253843
gpu,1,96,81920,81920,81920,exact,2x1_32x8,2,1,32,8,22,0.192041
gpu,1,96,81920,81920,81920,exact,2x1_32x8,2,1,32,8,23,0.255482
gpu,1,96,81920,81920,81920,exact,2x1_32x8,2,1,32,8,24,0.255161
gpu,1,96,81920,81920,81920,exact,2x1_32x8,2,1,32,8,25,0.251163
gpu,1,96,81920,81920,81920,exact,2x1_32x8,2,1,32,8,26,0.260401
gpu,1,96,81920,81920,81920,exact,2x1_32x8,2,1,32,8,27,0.188242
gpu,1,96,81920,81920,81920,exact,2x1_32x8,2,1,32,8,28,0.186961
gpu,1,96,81920,81920,81920,exact,2x1_32x8,2,1,32,8,29,0.254362
gpu,1,96,81920,81920,81920,exact,2x1_32x8,2,1,32,8,30,0.255201
gpu,1,96,81920,81920,81920,exact,2x1_32x8,2,1,32,8,31,0.253082
gpu,1,96,81920,81920,81920,exact,2x1_32x8,2,1,32,8,32,0.250801
gpu,1,96,81920,81920,81920,exact,2x1_32x8,2,1,32,8,33,0.188522
gpu,1,96,81920,81920,81920,exact,2x1_32x8,2,1,32,8,34,0.255441
gpu,1,96,81920,81920,81920,exact,2x1_32x8,2,1,32,8,35,0.254042
gpu,1,96,81920,81920,81920,exact,2x1_32x8,2,1,32,8,36,0.187041
gpu,1,96,81920,81920,81920,exact,2x1_32x8,2,1,32,8,37,0.253882
gpu,1,96,81920,81920,81920,exact,2x1_32x8,2,1,32,8,38,0.254641
gpu,1,96,81920,81920,81920,exact,2x1_32x8,2,1,32,8,39,0.189482
gpu,1,96,81920,81920,81920,exact,2x1_32x8,2,1,32,8,40,0.255321
gpu,1,96,81920,81920,81920,exact,2x1_32x8,2,1,32,8,41,0.254682
gpu,1,96,81920,81920,81920,exact,2x1_32x8,2,1,32,8,42,0.189081
gpu,1,96,81920,81920,81920,exact,2x1_32x8,2,1,32,8,43,0.254682
gpu,1,96,81920,81920,81920,exact,2x1_32x8,2,1,32,8,44,0.253681
gpu,1,96,81920,81920,81920,exact,2x1_32x8,2,1,32,8,45,0.187521
gpu,1,96,81920,81920,81920,exact,2x1_32x8,2,1,32,8,46,0.188641
gpu,1,96,81920,81920,81920,exact,2x1_32x8,2,1,32,8,47,0.252403
gpu,1,96,81920,81920,81920,exact,2x1_32x8,2,1,32,8,48,0.187841
gpu,1,96,81920,81920,81920,exact,2x1_32x8,2,1,32,8,49,0.256322
gpu,1,96,81920,81920,81920,exact,2x1_32x8,2,1,32,8,50,0.254601
gpu,1,96,81920,81920,81920,exact,2x1_32x8,2,1,32,8,51,0.188961
gpu,1,96,81920,81920,81920,exact,2x1_32x8,2,1,32,8,52,0.188481
gpu,1,96,81920,81920,81920,exact,2x1_32x8,2,1,32,8,53,0.256602
gpu,1,96,81920,81920,81920,exact,2x1_32x8,2,1,32,8,54,0.187121
gpu,1,96,81920,81920,81920,exact,2x1_32x8,2,1,32,8,55,0.255723
gpu,1,96,81920,81920,81920,exact,2x1_32x8,2,1,32,8,56,0.255801
gpu,1,96,81920,81920,81920,exact,2x1_32x8,2,1,32,8,57,0.251962
gpu,1,96,81920,81920,81920,exact,2x1_32x8,2,1,32,8,58,0.253881
gpu,1,96,81920,81920,81920,exact,2x1_32x8,2,1,32,8,59,0.268362
gpu,1,96,81920,81920,81920,exact,2x1_32x8,2,1,32,8,60,0.254121
gpu,1,96,81920,81920,81920,exact,2x1_32x8,2,1,32,8,61,0.188242
gpu,1,96,81920,81920,81920,exact,2x1_32x8,2,1,32,8,62,0.186601
gpu,1,96,81920,81920,81920,exact,2x1_32x8,2,1,32,8,63,0.249723
gpu,1,96,81920,81920,81920,exact,2x1_32x8,2,1,32,8,64,0.254241
gpu,1,96,81920,81920,81920,exact,2x1_32x8,2,1,32,8,65,0.256842
gpu,1,96,81920,81920,81920,exact,2x1_32x8,2,1,32,8,66,0.256321
gpu,1,96,81920,81920,81920,exact,2x1_32x8,2,1,32,8,67,0.190841
gpu,1,96,81920,81920,81920,exact,2x1_32x8,2,1,32,8,68,0.257681
gpu,1,96,81920,81920,81920,exact,2x1_32x8,2,1,32,8,69,0.255202
gpu,1,96,81920,81920,81920,exact,2x1_32x8,2,1,32,8,70,0.191121
gpu,1,96,81920,81920,81920,exact,2x1_32x8,2,1,32,8,71,0.253162
gpu,1,96,81920,81920,81920,exact,2x1_32x8,2,1,32,8,72,0.188561
gpu,1,96,81920,81920,81920,exact,2x1_32x8,2,1,32,8,73,0.188282
gpu,1,96,81920,81920,81920,exact,2x1_32x8,2,1,32,8,74,0.189761
gpu,1,96,81920,81920,81920,exact,2x1_32x8,2,1,32,8,75,0.254122
gpu,1,96,81920,81920,81920,exact,2x1_32x8,2,1,32,8,76,0.188961
gpu,1,96,81920,81920,81920,exact,2x1_32x8,2,1,32,8,77,0.188801
gpu,1,96,81920,81920,81920,exact,2x1_32x8,2,1,32,8,78,0.264601
gpu,1,96,81920,81920,81920,exact,2x1_32x8,2,1,32,8,79,0.255602
gpu,1,96,81920,81920,81920,exact,2x1_32x8,2,1,32,8,80,0.257361
gpu,1,96,81920,81920,81920,exact,2x1_32x8,2,1,32,8,81,0.256683
gpu,1,96,81920,81920,81920,exact,2x1_32x8,2,1,32,8,82,0.261521
gpu,1,96,81920,81920,81920,exact,2x1_32x8,2,1,32,8,83,0.188801
gpu,1,96,81920,81920,81920,exact,2x1_32x8,2,1,32,8,84,0.253921
gpu,1,96,81920,81920,81920,exact,2x1_32x8,2,1,32,8,85,0.252122
gpu,1,96,81920,81920,81920,exact,2x1_32x8,2,1,32,8,86,0.251641
gpu,1,96,81920,81920,81920,exact,2x1_32x8,2,1,32,8,87,0.253602
gpu,1,96,81920,81920,81920,exact,2x1_32x8,2,1,32,8,88,0.255401
gpu,1,96,81920,81920,81920,exact,2x1_32x8,2,1,32,8,89,0.250162
gpu,1,96,81920,81920,81920,exact,2x1_32x8,2,1,32,8,90,0.189361
gpu,1,96,81920,81920,81920,exact,2x1_32x8,2,1,32,8,91,0.188121
gpu,1,96,81920,81920,81920,exact,2x1_32x8,2,1,32,8,92,0.256521
gpu,1,96,81920,81920,81920,exact,2x1_32x8,2,1,32,8,93,0.267082
gpu,1,96,81920,81920,81920,exact,2x1_32x8,2,1,32,8,94,0.255841
gpu,1,96,81920,81920,81920,exact,2x1_32x8,2,1,32,8,95,0.253482
gpu,1,96,81920,81920,81920,exact,2x1_32x8,2,1,32,8,96,0.254201
gpu,1,96,81920,81920,81920,exact,2x1_32x8,2,1,32,8,97,0.255322
gpu,1,96,81920,81920,81920,exact,2x1_32x8,2,1,32,8,98,0.253921
gpu,1,96,81920,81920,81920,exact,2x1_32x8,2,1,32,8,99,0.188722
gpu,1,96,81920,81920,81920,exact,2x1_32x4,2,1,32,4,0,0.192641
gpu,1,96,81920,81920,81920,exact,2x1_32x4,2,1,32,4,1,0.187081
gpu,1,96,81920,81920,81920,exact,2x1_32x4,2,1,32,4,2,0.187801
gpu,1,96,81920,81920,81920,exact,2x1_32x4,2,1,32,4,3,0.188282
gpu,1,96,81920,81920,81920,exact,2x1_32x4,2,1,32,4,4,0.253841
gpu,1,96,81920,81920,81920,exact,2x1_32x4,2,1,32,4,5,0.187642
gpu,1,96,81920,81920,81920,exact,2x1_32x4,2,1,32,4,6,0.187401
gpu,1,96,81920,81920,81920,exact,2x1_32x4,2,1,32,4,7,0.198401
gpu,1,96,81920,81920,81920,exact,2x1_32x4,2,1,32,4,8,0.187361
gpu,1,96,81920,81920,81920,exact,2x1_32x4,2,1,32,4,9,0.187802
gpu,1,96,81920,81920,81920,exact,2x1_32x4,2,1,32,4,10,0.186121
gpu,1,96,81920,81920,81920,exact,2x1_32x4,2,1,32,4,11,0.187922
gpu,1,96,81920,81920,81920,exact,2x1_32x4,2,1,32,4,12,0.253161
gpu,1,96,81920,81920,81920,exact,2x1_32x4,2,1,32,4,13,0.253563
gpu,1,96,81920,81920,81920,exact,2x1_32x4,2,1,32,4,14,0.187201
gpu,1,96,81920,81920,81920,exact,2x1_32x4,2,1,32,4,15,0.187202
gpu,1,96,81920,81920,81920,exact,2x1_32x4,2,1,32,4,16,0.187401
gpu,1,96,81920,81920,81920,exact,2x1_32x4,2,1,32,4,17,0.252722
gpu,1,96,81920,81920,81920,exact,2x1_32x4,2,1,32,4,18,0.187521
gpu,1,96,81920,81920,81920,exact,2x1_32x4,2,1,32,4,19,0.250483
gpu,1,96,81920,81920,81920,exact,2x1_32x4,2,1,32,4,20,0.187001
gpu,1,96,81920,81920,81920,exact,2x1_32x4,2,1,32,4,21,0.188202
gpu,1,96,81920,81920,81920,exact,2x1_32x4,2,1,32,4,22,0.187081
gpu,1,96,81920,81920,81920,exact,2x1_32x4,2,1,32,4,23,0.187842
gpu,1,96,81920,81920,81920,exact,2x1_32x4,2,1,32,4,24,0.187841
gpu,1,96,81920,81920,81920,exact,2x1_32x4,2,1,32,4,25,0.189402
gpu,1,96,81920,81920,81920,exact,2x1_32x4,2,1,32,4,26,0.255041
gpu,1,96,81920,81920,81920,exact,2x1_32x4,2,1,32,4,27,0.185882
gpu,1,96,81920,81920,81920,exact,2x1_32x4,2,1,32,4,28,0.187561
gpu,1,96,81920,81920,81920,exact,2x1_32x4,2,1,32,4,29,