nlev,variant,blocking,tile_y,cell_dist,schedule,target,block_bytes,vector_width,mu,delta,delta_numa,delta_max,mu_delta,mu_delta_numa,l1_ratio,beta,alpha,gamma,P_NUMA,T
90,3,0,0,uniform,omp_collapse2,gpu_warp32,128,32,233.891797,2076.587016,1418.839752,185307.213861,485696.668462,331854.979385,0.000000,0.6000,0.4000,0.0500,4,230400
90,1,0,0,normal_var4,omp_collapse2,cpu_scalar,64,1,3.267627,1759.676767,1741.055041,3981.068908,5749.967713,5689.118854,0.000000,0.6000,0.4000,0.0500,4,7372800
90,3,0,0,exact,omp_for,cpu_scalar,64,1,0.901681,17.736746,10.454574,985.057419,15.992856,9.426602,0.000000,0.6000,0.4000,0.0500,4,11059200
90,2,0,0,exact,omp_for,cpu_scalar,64,1,1.802433,39.048390,38.957848,66.619506,70.382117,70.218921,0.000000,0.6000,0.4000,0.0500,4,11059200
90,2,0,0,exact,omp_for,gpu_warp32,128,32,20.005208,8.683523,7.600922,40.787730,173.715690,152.058037,0.000000,0.6000,0.4000,0.0500,4,345600
90,2,0,0,exact,omp_for,gpu_scalar,128,1,1.011410,21.417252,21.371400,30.746415,21.661612,21.615238,0.000000,0.6000,0.4000,0.0500,4,11059200
90,1,0,0,normal_var1,omp_collapse2,cpu_scalar,64,1,3.169593,1825.238827,1805.921710,4128.739243,5785.263398,5724.036009,0.000000,0.6000,0.4000,0.0500,4,7372800
90,2,0,0,normal_var4,omp_for,gpu_warp32,128,32,80.856641,32.695672,32.401560,2926.202999,2643.662190,2619.881323,0.000000,0.6000,0.4000,0.0500,4,230400
90,2,0,0,normal_var1,omp_collapse2,gpu_scalar,128,1,2.584815,988.509871,978.046580,2179.311391,2555.114869,2528.069200,0.000000,0.6000,0.4000,0.0500,4,7372800
90,2,0,0,uniform,omp_for,cpu_scalar,64,1,4.998914,1955.806337,1955.733787,4299.734797,9776.906849,9776.544177,0.000000,0.6000,0.4000,0.0500,4,7372800
90,1,0,0,uniform,omp_for,cpu_avx512,64,8,39.927930,256.110766,255.956729,5930.268995,10225.972653,10219.822261,0.000000,0.6000,0.4000,0.0500,4,921600
90,1,0,0,sequential,omp_for,cpu_avx512,64,8,24.969531,205.865095,205.628898,4948.660303,5140.354928,5134.457199,0.000000,0.6000,0.4000,0.0500,4,921600
90,2,0,0,normal_var1,omp_collapse2,cpu_avx512,64,8,24.962016,204.448765,202.017421,4538.793919,5103.453366,5042.762110,0.000000,0.6000,0.4000,0.0500,4,921600
90,2,0,0,sequential,omp_for,cpu_scalar,64,1,3.124744,1834.837976,1834.754786,4028.743289,5733.398318,5733.138370,0.000000,0.6000,0.4000,0.0500,4,7372800
90,1,0,0,sequential,omp_for,gpu_scalar,128,1,2.561829,993.170833,993.136414,2207.963456,2544.333458,2544.245283,0.000000,0.6000,0.4000,0.0500,4,7372800
90,4,0,0,uniform,omp_collapse2,gpu_warp32,128,32,233.891797,2076.620618,1418.849413,185263.501412,485704.527804,331857.238947,0.000000,0.6000,0.4000,0.0500,4,230400
90,1,0,0,exact,omp_for,gpu_warp32,128,32,20.005208,8.353563,7.506000,813.911738,167.114772,150.159093,0.000000,0.6000,0.4000,0.0500,4,345600
90,1,0,0,sequential,omp_collapse2,cpu_avx512,64,8,24.969533,205.875357,203.463499,4948.674672,5140.611611,5080.388644,0.000000,0.6000,0.4000,0.0500,4,921600
90,1,0,0,uniform,omp_collapse2,cpu_scalar,64,1,4.998914,1958.459331,1937.728242,4396.810478,9790.168934,9686.536015,0.000000,0.6000,0.4000,0.0500,4,7372800
90,1,0,0,exact,omp_for,cpu_avx512,64,8,10.509440,14.057344,13.553776,1297.179690,147.734811,142.442594,0.000000,0.6000,0.4000,0.0500,4,1382400
90,2,0,0,normal_var4,omp_collapse2,cpu_scalar,64,1,3.267627,1757.686786,1739.074340,3872.995303,5743.465195,5682.646660,0.000000,0.6000,0.4000,0.0500,4,7372800
90,1,0,0,normal_var1,omp_collapse2,gpu_scalar,128,1,2.584815,989.020468,978.558124,2206.443162,2556.434668,2529.391446,0.000000,0.6000,0.4000,0.0500,4,7372800
90,2,0,0,sequential,omp_for,gpu_warp32,128,32,80.851172,32.942582,32.646516,2925.849078,2663.446352,2639.509097,0.000000,0.6000,0.4000,0.0500,4,230400
90,1,0,0,sequential,omp_collapse2,gpu_warp32,128,32,80.851189,32.870739,32.292462,3052.360001,2657.638308,2610.883953,0.000000,0.6000,0.4000,0.0500,4,230400
90,1,0,0,normal_var1,omp_for,gpu_scalar,128,1,2.584814,989.019920,988.987046,2206.442307,2556.432985,2556.348010,0.000000,0.6000,0.4000,0.0500,4,7372800
90,2,0,0,normal_var1,omp_for,gpu_scalar,128,1,2.584814,988.509117,988.469776,2179.310261,2555.112652,2555.010964,0.000000,0.6000,0.4000,0.0500,4,7372800
90,1,0,0,uniform,omp_collapse2,gpu_warp32,128,32,141.650417,36.947496,36.419634,3410.087095,5233.628182,5158.856370,0.000000,0.6000,0.4000,0.0500,4,230400
90,2,0,0,sequential,omp_for,cpu_avx512,64,8,24.969531,204.588943,204.315415,4539.568905,5108.490016,5101.660143,0.000000,0.6000,0.4000,0.0500,4,921600
90,1,0,0,uniform,omp_for,cpu_scalar,64,1,4.998914,1958.457983,1958.398057,4396.809239,9790.162198,9789.862629,0.000000,0.6000,0.4000,0.0500,4,7372800
90,3,0,0,normal_var4,omp_collapse2,cpu_scalar,64,1,7.096277,56618.203963,48177.329122,124878.484497,401778.450036,341879.665749,0.000000,0.6000,0.4000,0.0500,4,7372800
90,1,0,0,exact,omp_collapse2,gpu_scalar,128,1,1.011410,21.408660,21.269356,76.867589,21.652926,21.512027,0.000000,0.6000,0.4000,0.0500,4,11059200
90,1,0,0,exact,omp_collapse2,cpu_avx512,64,8,10.509447,14.066863,13.474496,1297.188214,147.834946,141.609406,0.000000,0.6000,0.4000,0.0500,4,1382400
90,1,0,0,exact,omp_collapse2,gpu_warp32,128,32,20.005231,8.373708,7.470067,813.930786,167.517968,149.440365,0.000000,0.6000,0.4000,0.0500,4,345600
90,2,0,0,normal_var4,omp_collapse2,gpu_warp32,128,32,80.856658,32.718493,32.072043,2926.235733,2645.507997,2593.238150,0.000000,0.6000,0.4000,0.0500,4,230400
90,1,0,0,uniform,omp_collapse2,cpu_avx512,64,8,39.927930,256.121749,253.269613,5930.285169,10226.411169,10112.531290,0.000000,0.6000,0.4000,0.0500,4,921600
90,3,0,0,uniform,omp_for,gpu_warp32,128,32,17.218909,27068.932104,7807.254492,103412.530671,466097.580013,134433.395109,0.000000,0.6000,0.4000,0.0500,4,163840
90,3,0,0,normal_var4,omp_for,cpu_scalar,64,1,0.896909,1056.283393,303.176221,45038.676700,947.390620,271.912043,0.000000,0.6000,0.4000,0.0500,4,7372800
90,4,0,0,exact,omp_collapse2,cpu_scalar,64,1,6.097404,729.890703,623.250594,2034.222275,4450.438637,3800.210112,0.000000,0.6000,0.4000,0.0500,4,11059200
90,3,0,0,sequential,omp_for,gpu_warp32,128,32,14.781244,15767.819740,4543.944529,60198.385579,233067.978800,67164.841124,0.000000,0.6000,0.4000,0.0500,4,163840
90,4,0,0,normal_var4,omp_collapse2,cpu_scalar,64,1,7.096277,56485.979047,48064.789750,124486.163433,400840.145418,341081.055229,0.000000,0.6000,0.4000,0.0500,4,7372800
90,3,0,0,uniform,omp_for,cpu_avx512,64,8,7.397657,10988.605055,3170.609016,183773.873668,81289.940271,23455.212704,0.000000,0.6000,0.4000,0.0500,4,901120
90,4,0,0,normal_var1,omp_collapse2,cpu_avx512,64,8,52.232650,8833.366539,7516.221325,195727.820300,461390.140353,392592.155617,0.000000,0.6000,0.4000,0.0500,4,921600
90,4,0,0,normal_var1,omp_collapse2,gpu_warp32,128,32,198.907895,1304.207580,891.505024,109179.346063,259417.184337,177327.387031,0.000000,0.6000,0.4000,0.0500,4,230400
90,4,0,0,exact,omp_collapse2,gpu_warp32,128,32,146.230312,375.506396,257.546753,4459.164955,54910.417538,37661.141865,0.000000,0.6000,0.4000,0.0500,4,345600
90,2,0,0,sequential,omp_collapse2,gpu_scalar,128,1,2.561829,992.661070,982.146231,2180.118324,2543.027803,2516.090584,0.000000,0.6000,0.4000,0.0500,4,7372800
90,2,0,0,sequential,omp_collapse2,gpu_warp32,128,32,80.851189,32.966107,32.319880,2925.882904,2665.348926,2613.100746,0.000000,0.6000,0.4000,0.0500,4,230400
90,2,0,0,sequential,omp_collapse2,cpu_avx512,64,8,24.969533,204.600851,202.166127,4539.585266,5108.787791,5047.993870,0.000000,0.6000,0.4000,0.0500,4,921600
90,3,0,0,normal_var1,omp_for,gpu_warp32,128,32,16.693811,14114.911760,4070.085335,53535.972298,235631.634130,67945.251276,0.000000,0.6000,0.4000,0.0500,4,163840
90,4,0,0,exact,omp_collapse2,cpu_avx512,64,8,40.891547,484.603021,411.312837,4831.517154,19816.166940,16819.216988,0.000000,0.6000,0.4000,0.0500,4,1382400
90,4,0,0,normal_var4,omp_collapse2,cpu_avx512,64,8,52.070545,8843.386685,7525.750797,196436.748590,460479.961781,391869.943318,0.000000,0.6000,0.4000,0.0500,4,921600
90,4,0,0,normal_var4,omp_collapse2,gpu_warp32,128,32,198.246194,1301.504028,889.542023,109544.462322,258018.219455,176348.319435,0.000000,0.6000,0.4000,0.0500,4,230400
90,3,0,0,uniform,omp_collapse2,cpu_scalar,64,1,7.624927,104250.971126,88707.571073,229294.292629,794906.019268,676388.732292,0.000000,0.6000,0.4000,0.0500,4,7372800
90,3,0,0,sequential,omp_for,cpu_avx512,64,8,6.284090,6954.393032,2003.415987,108181.645028,43702.038177,12589.723842,0.000000,0.6000,0.4000,0.0500,4,901120
90,3,0,0,normal_var1,omp_for,gpu_scalar,128,1,0.465594,623.095158,179.783386,15768.756111,290.108921,83.706702,0.000000,0.6000,0.4000,0.0500,4,7372800
90,2,0,0,exact,omp_collapse2,gpu_warp32,128,32,20.005231,8.709015,7.566467,40.813235,174.225860,151.368863,0.000000,0.6000,0.4000,0.0500,4,345600
90,4,0,0,sequential,omp_collapse2,gpu_warp32,128,32,201.962565,1288.102202,880.442805,107493.064860,260148.424906,177816.487382,0.000000,0.6000,0.4000,0.0500,4,230400
90,4,0,0,sequential,omp_collapse2,cpu_avx512,64,8,52.998340,8713.968401,7414.915801,192924.903416,461825.858719,392978.227530,0.000000,0.6000,0.4000,0.0500,4,921600
90,3,0,0,normal_var1,omp_for,cpu_avx512,64,8,7.251012,5782.498915,1669.217058,94183.932291,41928.952707,12103.534204,0.000000,0.6000,0.4000,0.0500,4,901120
90,3,0,0,exact,omp_collapse2,cpu_avx512,64,8,40.891547,484.886884,411.473644,5182.342522,19827.774551,16825.792618,0.000000,0.6000,0.4000,0.0500,4,1382400
90,3,0,0,exact,omp_collapse2,gpu_warp32,128,32,146.230312,375.454625,257.531869,4564.241211,54902.847038,37658.965355,0.000000,0.6000,0.4000,0.0500,4,345600
90,4,0,0,exact,omp_for,gpu_warp32,128,32,16.573547,164.245053,96.311539,1045.624614,2722.053940,1596.071550,0.000000,0.6000,0.4000,0.0500,4,245760
90,4,0,0,exact,omp_for,cpu_avx512,64,8,7.315813,70.879592,41.561788,1935.968438,518.552133,304.068664,0.000000,0.6000,0.4000,0.0500,4,1351680
90,4,0,0,sequential,omp_for,gpu_warp32,128,32,14.781244,15759.826141,4541.573647,60171.782485,232949.823584,67129.796713,0.000000,0.6000,0.4000,0.0500,4,163840
90,4,0,0,exact,omp_for,gpu_scalar,128,1,0.464488,10.186586,6.034381,325.711324,4.731478,2.802844,0.000000,0.6000,0.4000,0.0500,4,11059200
90,4,0,0,uniform,omp_for,gpu_warp32,128,32,17.218909,27056.779173,7804.333735,103377.234286,465888.320407,134383.102517,0.000000,0.6000,0.4000,0.0500,4,163840
90,4,0,0,uniform,omp_for,cpu_avx512,64,8,7.397657,10969.001069,3164.542707,183725.619850,81144.916610,23410.335744,0.000000,0.6000,0.4000,0.0500,4,901120
90,1,0,0,normal_var4,omp_for,gpu_warp32,128,32,80.856641,32.602736,32.374824,3052.679242,2636.147731,2617.719497,0.000000,0.6000,0.4000,0.0500,4,230400
90,1,0,0,normal_var4,omp_for,cpu_avx512,64,8,24.966016,205.202007,204.969118,4949.007859,5123.076510,5117.262214,0.000000,0.6000,0.4000,0.0500,4,921600
90,1,0,0,normal_var4,omp_for,gpu_scalar,128,1,2.632434,972.403141,972.370370,2168.927686,2559.787170,2559.700902,0.000000,0.6000,0.4000,0.0500,4,7372800
90,1,0,0,normal_var4,omp_collapse2,gpu_warp32,128,32,80.856658,32.623966,32.044866,3052.710362,2637.864895,2591.040770,0.000000,0.6000,0.4000,0.0500,4,230400
90,1,0,0,normal_var4,omp_collapse2,cpu_avx512,64,8,24.966020,205.211030,202.813807,4949.021275,5123.302680,5063.453554,0.000000,0.6000,0.4000,0.0500,4,921600
90,2,0,0,exact,omp_for,cpu_avx512,64,8,10.509440,13.401787,12.811092,48.381338,140.845274,134.637404,0.000000,0.6000,0.4000,0.0500,4,1382400
90,1,0,0,normal_var4,omp_collapse2,gpu_scalar,128,1,2.632434,972.403816,962.109980,2168.928574,2559.789211,2532.691364,0.000000,0.6000,0.4000,0.0500,4,7372800
90,1,0,0,normal_var1,omp_collapse2,gpu_warp32,128,32,80.873455,32.727621,32.153484,3052.631166,2646.795782,2600.363316,0.000000,0.6000,0.4000,0.0500,4,230400
90,2,0,0,uniform,omp_for,gpu_warp32,128,32,141.650391,36.981133,36.809221,3337.869960,5238.391980,5214.040493,0.000000,0.6000,0.4000,0.0500,4,230400
90,1,0,0,normal_var1,omp_collapse2,cpu_avx512,64,8,24.962016,205.683227,203.275452,4948.235608,5134.268015,5074.165089,0.000000,0.6000,0.4000,0.0500,4,921600
90,2,0,0,uniform,omp_for,gpu_scalar,128,1,4.497852,1023.145366,1023.109092,2248.404169,4601.955983,4601.792827,0.000000,0.6000,0.4000,0.0500,4,7372800
90,2,0,0,sequential,omp_for,gpu_scalar,128,1,2.561829,992.660093,992.618502,2180.117378,2543.025031,2542.918480,0.000000,0.6000,0.4000,0.0500,4,7372800
90,1,0,0,exact,omp_for,cpu_scalar,64,1,1.802433,39.065603,38.989672,248.031681,70.413142,70.276282,0.000000,0.6000,0.4000,0.0500,4,11059200
90,2,0,0,uniform,omp_for,cpu_avx512,64,8,39.927930,255.546216,255.369758,5671.869044,10203.431364,10196.385728,0.000000,0.6000,0.4000,0.0500,4,921600
90,1,0,0,uniform,omp_collapse2,gpu_scalar,128,1,4.497852,1023.767818,1012.941386,2272.696614,4604.755679,4556.059994,0.000000,0.6000,0.4000,0.0500,4,7372800
90,2,0,0,normal_var4,omp_collapse2,gpu_scalar,128,1,2.632434,971.903961,961.608310,2141.941274,2558.473374,2531.370751,0.000000,0.6000,0.4000,0.0500,4,7372800
90,2,0,0,normal_var4,omp_collapse2,cpu_avx512,64,8,24.966020,203.933511,201.515015,4539.808484,5091.408098,5031.027899,0.000000,0.6000,0.4000,0.0500,4,921600
90,4,0,0,uniform,omp_collapse2,cpu_scalar,64,1,7.624927,104010.797857,88503.190403,228692.247289,793074.715681,674830.344654,0.000000,0.6000,0.4000,0.0500,4,7372800
90,3,0,0,normal_var4,omp_for,cpu_avx512,64,8,7.259949,5717.971989,1638.162296,93880.054001,41512.197138,11892.493673,0.000000,0.6000,0.4000,0.0500,4,901120
90,3,0,0,normal_var4,omp_for,gpu_warp32,128,32,16.766290,14002.678513,4015.004024,53225.692977,234773.166300,67314.320823,0.000000,0.6000,0.4000,0.0500,4,163840
90,1,0,0,sequential,omp_collapse2,cpu_scalar,64,1,3.124744,1837.002557,1817.567064,4140.228244,5740.162579,5679.431639,0.000000,0.6000,0.4000,0.0500,4,7372800
90,3,0,0,normal_var4,omp_for,gpu_scalar,128,1,0.467655,583.153074,167.220300,15525.518933,272.714863,78.196737,0.000000,0.6000,0.4000,0.0500,4,7372800
90,2,0,0,normal_var4,omp_for,cpu_scalar,64,1,3.267627,1757.684981,1757.606487,3872.992930,5743.458818,5743.202331,0.000000,0.6000,0.4000,0.0500,4,7372800
90,4,0,0,exact,omp_collapse2,gpu_scalar,128,1,5.784904,374.019931,253.722475,1043.361135,2163.669468,1467.760163,0.000000,0.6000,0.4000,0.0500,4,11059200
90,4,0,0,normal_var4,omp_collapse2,gpu_scalar,128,1,6.783777,29057.367616,19836.957891,64053.754929,197118.697738,134569.497199,0.000000,0.6000,0.4000,0.0500,4,7372800
90,1,0,0,sequential,omp_for,cpu_scalar,64,1,3.124744,1837.001118,1836.932274,4140.226889,5740.157582,5739.942464,0.000000,0.6000,0.4000,0.0500,4,7372800
90,2,0,0,normal_var1,omp_collapse2,cpu_scalar,64,1,3.169593,1823.212321,1803.901870,4020.117142,5778.840197,5717.633938,0.000000,0.6000,0.4000,0.0500,4,7372800
90,3,0,0,uniform,omp_collapse2,gpu_scalar,128,1,7.312427,53509.816047,36527.614777,117662.735146,391286.610666,267105.507689,0.000000,0.6000,0.4000,0.0500,4,7372800
90,3,0,0,normal_var1,omp_collapse2,cpu_scalar,64,1,6.923684,58203.952125,49520.626126,128473.054125,402985.753299,342865.151059,0.000000,0.6000,0.4000,0.0500,4,7372800
90,3,0,0,sequential,omp_collapse2,cpu_scalar,64,1,6.624976,60602.771496,51564.790712,133228.803123,401491.881600,341615.479558,0.000000,0.6000,0.4000,0.0500,4,7372800
90,4,0,0,normal_var4,omp_for,cpu_scalar,64,1,0.896909,1054.847772,302.802699,45034.403280,946.103012,271.577054,0.000000,0.6000,0.4000,0.0500,4,7372800
90,3,0,0,normal_var4,omp_collapse2,gpu_warp32,128,32,198.246194,1301.464500,889.530659,109596.038896,258010.383091,176346.066562,0.000000,0.6000,0.4000,0.0500,4,230400
90,1,0,0,normal_var1,omp_for,cpu_scalar,64,1,3.169592,1825.237732,1825.171963,4128.737532,5785.259433,5785.050972,0.000000,0.6000,0.4000,0.0500,4,7372800
90,3,0,0,normal_var1,omp_collapse2,gpu_warp32,128,32,198.907895,1304.167635,891.493540,109230.749700,259409.238953,177325.102822,0.000000,0.6000,0.4000,0.0500,4,230400
90,4,0,0,normal_var1,omp_for,cpu_scalar,64,1,0.895210,1111.291735,320.870022,45060.156116,994.838216,287.246908,0.000000,0.6000,0.4000,0.0500,4,7372800
90,2,0,0,normal_var1,omp_for,cpu_scalar,64,1,3.169592,1823.210813,1823.132110,4020.114882,5778.834926,5778.585469,0.000000,0.6000,0.4000,0.0500,4,7372800
90,4,0,0,normal_var1,omp_for,cpu_avx512,64,8,7.251012,5772.284993,1666.131851,94153.795519,41854.891303,12081.163091,0.000000,0.6000,0.4000,0.0500,4,901120
90,2,0,0,normal_var4,omp_for,gpu_scalar,128,1,2.632434,971.903058,971.863825,2141.940088,2558.470734,2558.367457,0.000000,0.6000,0.4000,0.0500,4,7372800
90,2,0,0,normal_var1,omp_collapse2,gpu_warp32,128,32,80.873455,32.822143,32.180659,2926.180395,2654.440095,2602.561052,0.000000,0.6000,0.4000,0.0500,4,230400
90,1,0,0,normal_var1,omp_for,gpu_warp32,128,32,80.873437,32.706831,32.478941,3052.601910,2645.113881,2626.683566,0.000000,0.6000,0.4000,0.0500,4,230400
90,1,0,0,exact,omp_for,gpu_scalar,128,1,1.011410,21.408071,21.369539,76.867057,21.652327,21.613355,0.000000,0.6000,0.4000,0.0500,4,11059200
90,1,0,0,exact,omp_collapse2,cpu_scalar,64,1,1.802434,39.066780,38.803315,248.032796,70.415275,69.940389,0.000000,0.6000,0.4000,0.0500,4,11059200
90,1,0,0,sequential,omp_for,gpu_warp32,128,32,80.851172,32.848824,32.619543,3052.327809,2655.865918,2637.328287,0.000000,0.6000,0.4000,0.0500,4,230400
90,1,0,0,sequential,omp_collapse2,gpu_scalar,128,1,2.561829,993.171553,982.658648,2207.964133,2544.335572,2517.403309,0.000000,0.6000,0.4000,0.0500,4,7372800
90,2,0,0,normal_var4,omp_for,cpu_avx512,64,8,24.966016,203.922995,203.654251,4539.793184,5091.144688,5084.435205,0.000000,0.6000,0.4000,0.0500,4,921600
90,1,0,0,normal_var1,omp_for,cpu_avx512,64,8,24.962012,205.673777,205.440822,4948.222382,5134.031230,5128.216213,0.000000,0.6000,0.4000,0.0500,4,921600
90,2,0,0,normal_var1,omp_for,cpu_avx512,64,8,24.962012,204.437792,204.168993,4538.778822,5103.178553,5096.468803,0.000000,0.6000,0.4000,0.0500,4,921600
90,2,0,0,normal_var1,omp_for,gpu_warp32,128,32,80.873437,32.799762,32.505676,2926.149525,2652.629524,2628.845732,0.000000,0.6000,0.4000,0.0500,4,230400
90,2,0,0,uniform,omp_collapse2,cpu_scalar,64,1,4.998914,1955.808142,1935.090256,4299.736473,9776.915868,9673.348947,0.000000,0.6000,0.4000,0.0500,4,7372800
90,3,0,0,exact,omp_for,gpu_warp32,128,32,16.573547,164.210012,96.282089,1055.908734,2721.473259,1595.583582,0.000000,0.6000,0.4000,0.0500,4,245760
90,2,0,0,uniform,omp_collapse2,gpu_warp32,128,32,141.650417,37.003191,36.435647,3337.901868,5241.517493,5161.124552,0.000000,0.6000,0.4000,0.0500,4,230400
90,1,0,0,uniform,omp_for,gpu_scalar,128,1,4.497852,1023.767144,1023.737181,2272.695994,4604.752649,4604.617879,0.000000,0.6000,0.4000,0.0500,4,7372800
90,2,0,0,uniform,omp_collapse2,gpu_scalar,128,1,4.497852,1023.146268,1012.320595,2248.405007,4601.960041,4553.267772,0.000000,0.6000,0.4000,0.0500,4,7372800
90,3,0,0,uniform,omp_collapse2,cpu_avx512,64,8,60.992969,15092.341809,12843.704817,335399.930719,920526.732368,783375.686543,0.000000,0.6000,0.4000,0.0500,4,921600
90,2,0,0,uniform,omp_collapse2,cpu_avx512,64,8,39.927930,255.558335,252.689398,5671.886602,10203.915216,10089.364501,0.000000,0.6000,0.4000,0.0500,4,921600
90,3,0,0,uniform,omp_for,cpu_scalar,64,1,0.915274,1844.571335,531.862140,89058.504619,1688.287910,486.799511,0.000000,0.6000,0.4000,0.0500,4,7372800
90,3,0,0,exact,omp_for,cpu_avx512,64,8,7.315813,71.069274,41.703950,1946.707625,519.939817,305.108707,0.000000,0.6000,0.4000,0.0500,4,1351680
90,4,0,0,normal_var1,omp_collapse2,cpu_scalar,64,1,6.923684,58063.888843,49401.489881,128062.408062,402015.999441,342040.289377,0.000000,0.6000,0.4000,0.0500,4,7372800
90,3,0,0,exact,omp_for,gpu_scalar,128,1,0.464488,10.187187,6.034594,326.155178,4.731757,2.802943,0.000000,0.6000,0.4000,0.0500,4,11059200
90,2,0,0,sequential,omp_collapse2,cpu_scalar,64,1,3.124744,1834.839930,1815.413116,4028.745181,5733.404922,5672.701102,0.000000,0.6000,0.4000,0.0500,4,7372800
90,3,0,0,sequential,omp_for,cpu_scalar,64,1,0.773611,1587.365188,456.786781,49315.406500,1228.003779,353.375436,0.000000,0.6000,0.4000,0.0500,4,7372800
90,3,0,0,uniform,omp_for,gpu_scalar,128,1,0.479835,994.578991,286.772223,30418.664143,477.233372,137.600376,0.000000,0.6000,0.4000,0.0500,4,7372800
90,3,0,0,normal_var1,omp_for,cpu_scalar,64,1,0.895210,1112.795995,321.321469,45064.581752,996.184844,287.651052,0.000000,0.6000,0.4000,0.0500,4,7372800
90,4,0,0,normal_var1,omp_collapse2,gpu_scalar,128,1,6.611183,29889.484216,20400.134579,65933.995232,197604.845856,134869.020094,0.000000,0.6000,0.4000,0.0500,4,7372800
90,2,0,0,exact,omp_collapse2,cpu_scalar,64,1,1.802434,39.050035,38.771783,66.621167,70.385092,69.883554,0.000000,0.6000,0.4000,0.0500,4,11059200
90,4,0,0,sequential,omp_collapse2,cpu_scalar,64,1,6.624976,60456.669708,51440.974564,132804.449654,400523.960825,340795.200605,0.000000,0.6000,0.4000,0.0500,4,7372800
90,1,0,0,uniform,omp_for,gpu_warp32,128,32,141.650391,36.926385,36.793470,3410.056133,5230.636930,5211.809435,0.000000,0.6000,0.4000,0.0500,4,230400
90,3,0,0,sequential,omp_for,gpu_scalar,128,1,0.397917,931.212423,268.491939,16935.780978,370.545117,106.836270,0.000000,0.6000,0.4000,0.0500,4,7372800
90,2,0,0,exact,omp_collapse2,gpu_scalar,128,1,1.011410,21.418074,21.271316,30.747246,21.662448,21.514009,0.000000,0.6000,0.4000,0.0500,4,11059200
90,4,0,0,sequential,omp_collapse2,gpu_scalar,128,1,6.312476,31133.644310,21252.414304,68398.338099,196530.369611,134155.346436,0.000000,0.6000,0.4000,0.0500,4,7372800
90,3,0,0,normal_var4,omp_collapse2,cpu_avx512,64,8,52.070545,8855.485681,7536.027233,196918.280059,461109.963083,392405.042987,0.000000,0.6000,0.4000,0.0500,4,921600
90,4,0,0,uniform,omp_collapse2,gpu_scalar,128,1,7.312427,53453.179835,36488.848363,117509.847918,390872.462520,266822.031129,0.000000,0.6000,0.4000,0.0500,4,7372800
90,2,0,0,exact,omp_collapse2,cpu_avx512,64,8,10.509447,13.414258,12.736039,48.394106,140.976432,133.848627,0.000000,0.6000,0.4000,0.0500,4,1382400
90,4,0,0,normal_var4,omp_for,cpu_avx512,64,8,7.259949,5708.017899,1635.564641,93850.642005,41439.932618,11873.636766,0.000000,0.6000,0.4000,0.0500,4,901120
90,3,0,0,normal_var4,omp_collapse2,gpu_scalar,128,1,6.783777,29091.204116,19859.985504,64151.936882,197348.237004,134725.711340,0.000000,0.6000,0.4000,0.0500,4,7372800
90,3,0,0,exact,omp_collapse2,cpu_scalar,64,1,6.097404,731.793558,624.875456,2191.106943,4462.041110,3810.117551,0.000000,0.6000,0.4000,0.0500,4,11059200
90,4,0,0,uniform,omp_collapse2,cpu_avx512,64,8,60.992969,15078.198227,12831.674785,334878.028953,919664.073297,782641.939203,0.000000,0.6000,0.4000,0.0500,4,921600
90,3,0,0,sequential,omp_collapse2,gpu_warp32,128,32,201.962565,1288.063008,880.431537,107543.687687,260140.509014,177814.211642,0.000000,0.6000,0.4000,0.0500,4,230400
90,4,0,0,normal_var4,omp_for,gpu_warp32,128,32,16.766290,13995.697039,4013.026612,53203.354586,234656.112014,67281.170354,0.000000,0.6000,0.4000,0.0500,4,163840
90,4,0,0,exact,omp_for,cpu_scalar,64,1,0.901681,17.712569,10.436798,983.317011,15.971057,9.410575,0.000000,0.6000,0.4000,0.0500,4,11059200
90,4,0,0,sequential,omp_for,cpu_scalar,64,1,0.773611,1585.177840,456.137030,49309.355951,1226.311622,352.872781,0.000000,0.6000,0.4000,0.0500,4,7372800
90,3,0,0,exact,omp_collapse2,gpu_scalar,128,1,5.784904,373.726691,253.510000,1082.801647,2161.973100,1466.531015,0.000000,0.6000,0.4000,0.0500,4,11059200
90,4,0,0,uniform,omp_for,cpu_scalar,64,1,0.915274,1841.893624,531.034928,89051.802446,1685.837071,486.042385,0.000000,0.6000,0.4000,0.0500,4,7372800
90,3,0,0,normal_var1,omp_collapse2,gpu_scalar,128,1,6.611183,29924.757422,20424.083476,66036.355411,197838.043468,135027.350641,0.000000,0.6000,0.4000,0.0500,4,7372800
90,4,0,0,sequential,omp_for,gpu_scalar,128,1,0.397917,930.689685,268.336869,16934.282372,370.337111,106.774565,0.000000,0.6000,0.4000,0.0500,4,7372800
90,4,0,0,sequential,omp_for,cpu_avx512,64,8,6.284090,6942.091951,1999.791441,108146.746238,43624.737371,12566.946824,0.000000,0.6000,0.4000,0.0500,4,901120
90,4,0,0,uniform,omp_for,gpu_scalar,128,1,0.479835,993.945106,286.608465,30416.958978,476.929212,137.521801,0.000000,0.6000,0.4000,0.0500,4,7372800
90,4,0,0,normal_var1,omp_for,gpu_warp32,128,32,16.693811,14107.567372,4067.784879,53513.018126,235509.027470,67906.847842,0.000000,0.6000,0.4000,0.0500,4,163840
90,3,0,0,sequential,omp_collapse2,gpu_scalar,128,1,6.312476,31168.243122,21276.141614,68503.225718,196748.773766,134305.124502,0.000000,0.6000,0.4000,0.0500,4,7372800
90,4,0,0,normal_var4,omp_for,gpu_scalar,128,1,0.467655,582.784226,167.114835,15524.438845,272.542368,78.147422,0.000000,0.6000,0.4000,0.0500,4,7372800
90,3,0,0,sequential,omp_collapse2,cpu_avx512,64,8,52.998340,8725.561743,7424.787205,193389.161671,462440.286582,393501.395569,0.000000,0.6000,0.4000,0.0500,4,921600
90,4,0,0,normal_var1,omp_for,gpu_scalar,128,1,0.465594,622.711871,179.667744,15767.644715,289.930463,83.652860,0.000000,0.6000,0.4000,0.0500,4,7372800
90,1,0,0,normal_var4,omp_for,cpu_scalar,64,1,3.267627,1759.675417,1759.609848,3981.067132,5749.962821,5749.748566,0.000000,0.6000,0.4000,0.0500,4,7372800
90,3,0,0,normal_var1,omp_collapse2,cpu_avx512,64,8,52.232650,8844.353603,7525.507359,196204.300087,461964.023803,393077.189824,0.000000,0.6000,0.4000,0.0500,4,921600
90,0,128,0,uniform,omp_collapse2,cpu_scalar,64,1,554.723264,29.920746,9.143291,626955.127032,16597.733825,5071.997104,0.625000,0.6000,0.4000,0.0500,4,57600
90,0,128,0,uniform,omp_collapse2,gpu_scalar,128,1,523.966319,15.967979,4.745294,327699.022300,8366.677032,2486.373358,0.625000,0.6000,0.4000,0.0500,4,57600
90,0,128,0,uniform,omp_collapse2,cpu_avx512,64,8,554.723264,29.920746,9.143291,626955.127032,16597.733825,5071.997104,0.625000,0.6000,0.4000,0.0500,4,57600
90,0,128,0,uniform,omp_collapse2,gpu_warp32,128,32,523.966319,15.967979,4.745294,327699.022300,8366.677032,2486.373358,0.625000,0.6000,0.4000,0.0500,4,57600
90,0,128,0,uniform,omp_for,gpu_warp32,128,32,523.966319,15.967979,4.745294,327699.022300,8366.677032,2486.373358,0.625000,0.6000,0.4000,0.0500,4,57600
90,0,128,0,uniform,omp_for,cpu_scalar,64,1,554.723264,29.920746,9.143291,626955.127032,16597.733825,5071.997104,0.625000,0.6000,0.4000,0.0500,4,57600
90,0,128,0,uniform,omp_for,cpu_avx512,64,8,554.723264,29.920746,9.143291,626955.127032,16597.733825,5071.997104,0.625000,0.6000,0.4000,0.0500,4,57600
90,0,128,0,exact,omp_for,cpu_scalar,64,1,82.390972,17.710876,10.657603,22473.691861,1459.189898,877.894430,0.625000,0.6000,0.4000,0.0500,4,86400
90,0,8,0,uniform,omp_for,cpu_scalar,64,1,35.032509,255.418537,73.337946,579894.614996,8947.952247,2569.211497,0.039062,0.6000,0.4000,0.0500,4,921600
90,0,64,0,normal_var4,omp_for,cpu_scalar,64,1,161.513194,32.475100,10.068091,539436.679370,5245.156465,1626.128933,0.312500,0.6000,0.4000,0.0500,4,115200
90,0,16,0,normal_var4,omp_for,cpu_scalar,64,1,41.857986,99.933313,29.020210,506509.723856,4183.006480,1214.721501,0.078125,0.6000,0.4000,0.0500,4,460800
90,0,128,0,uniform,omp_for,gpu_scalar,128,1,523.966319,15.967979,4.745294,327699.022300,8366.677032,2486.373358,0.625000,0.6000,0.4000,0.0500,4,57600
90,0,8,0,sequential,omp_collapse2,cpu_scalar,64,1,21.046376,196.643750,56.684760,483147.177989,4138.639351,1193.012803,0.039062,0.6000,0.4000,0.0500,4,921600
90,0,128,0,normal_var4,omp_collapse2,cpu_scalar,64,1,319.698264,26.026878,8.796549,544581.201060,8320.747122,2812.238649,0.625000,0.6000,0.4000,0.0500,4,57600
90,0,8,0,normal_var4,omp_for,cpu_scalar,64,1,21.840809,190.241904,54.748233,465706.206167,4155.040826,1195.731499,0.039062,0.6000,0.4000,0.0500,4,921600
90,0,128,0,sequential,omp_for,cpu_scalar,64,1,318.898264,26.020503,8.742544,545946.668012,8297.894383,2787.980584,0.625000,0.6000,0.4000,0.0500,4,57600
90,0,8,0,sequential,omp_for,cpu_scalar,64,1,21.046376,196.643750,56.684760,483147.177989,4138.639351,1193.012803,0.039062,0.6000,0.4000,0.0500,4,921600
90,0,128,0,exact,omp_for,gpu_warp32,128,32,44.469444,10.137847,5.830501,12234.516949,450.811419,259.257717,0.625000,0.6000,0.4000,0.0500,4,86400
90,0,8,0,exact,omp_for,cpu_scalar,64,1,9.650412,10.154089,5.136120,10738.016490,98.004710,49.606966,0.039062,0.6000,0.4000,0.0500,4,1382400
90,0,128,0,normal_var1,omp_collapse2,cpu_scalar,64,1,319.592014,25.973717,8.772029,545173.402510,8300.994953,2803.471187,0.625000,0.6000,0.4000,0.0500,4,57600
90,0,128,0,normal_var4,omp_for,cpu_scalar,64,1,319.698264,26.026878,8.796549,544581.201060,8320.747122,2812.238649,0.625000,0.6000,0.4000,0.0500,4,57600
90,0,64,0,sequential,omp_for,cpu_scalar,64,1,160.728819,32.381379,10.034560,542051.037840,5204.620490,1612.843760,0.312500,0.6000,0.4000,0.0500,4,115200
90,0,128,0,normal_var1,omp_for,cpu_scalar,64,1,319.592014,25.973717,8.772029,545173.402510,8300.994953,2803.471187,0.625000,0.6000,0.4000,0.0500,4,57600
90,0,64,0,normal_var4,omp_for,gpu_warp32,128,32,144.483941,19.147365,5.757738,299466.779531,2766.486140,831.899799,0.312500,0.6000,0.4000,0.0500,4,115200
90,0,128,0,sequential,omp_for,gpu_warp32,128,32,283.296007,14.672189,4.602670,303284.906272,4156.574907,1303.916246,0.625000,0.6000,0.4000,0.0500,4,57600
90,0,64,0,normal_var1,omp_collapse2,cpu_scalar,64,1,161.342101,32.302986,9.983165,540129.052202,5211.832706,1610.709036,0.312500,0.6000,0.4000,0.0500,4,115200
90,0,16,0,normal_var1,omp_collapse2,cpu_scalar,64,1,41.684744,100.750837,29.138378,508523.385716,4199.773396,1214.626673,0.078125,0.6000,0.4000,0.0500,4,460800
90,0,64,0,sequential,omp_for,gpu_warp32,128,32,143.729253,19.106591,5.738777,301102.633604,2746.178766,824.830263,0.312500,0.6000,0.4000,0.0500,4,115200
90,0,128,0,sequential,omp_collapse2,cpu_scalar,64,1,318.898264,26.020503,8.742544,545946.668012,8297.894383,2787.980584,0.625000,0.6000,0.4000,0.0500,4,57600
90,0,64,0,uniform,omp_collapse2,cpu_scalar,64,1,278.899132,39.458954,11.600405,623982.612100,11005.072255,3235.345652,0.312500,0.6000,0.4000,0.0500,4,115200
90,0,32,0,sequential,omp_collapse2,cpu_scalar,64,1,81.040191,54.413339,16.058323,533271.685617,4409.666431,1301.370378,0.156250,0.6000,0.4000,0.0500,4,230400
90,0,128,0,normal_var1,omp_for,cpu_avx512,64,8,319.592014,25.973717,8.772029,545173.402510,8300.994953,2803.471187,0.625000,0.6000,0.4000,0.0500,4,57600
90,0,16,0,sequential,omp_for,cpu_scalar,64,1,41.070681,101.784445,29.609257,516244.249628,4180.358139,1216.074824,0.078125,0.6000,0.4000,0.0500,4,460800
90,0,64,0,exact,omp_for,cpu_scalar,64,1,44.856424,13.277123,7.359974,18286.942284,595.496831,330.027455,0.312500,0.6000,0.4000,0.0500,4,172800
90,0,64,0,exact,omp_for,cpu_avx512,64,8,44.856424,13.277123,7.359974,18286.942284,595.496831,330.027455,0.312500,0.6000,0.4000,0.0500,4,172800
90,0,64,0,normal_var1,omp_for,gpu_warp32,128,32,144.331597,19.048217,5.707252,299873.239744,2749.258268,823.738257,0.312500,0.6000,0.4000,0.0500,4,115200
90,0,64,0,normal_var1,omp_for,gpu_scalar,128,1,144.331597,19.048217,5.707252,299873.239744,2749.258268,823.738257,0.312500,0.6000,0.4000,0.0500,4,115200
90,0,64,0,uniform,omp_for,cpu_avx512,64,8,278.899132,39.458954,11.600405,623982.612100,11005.072255,3235.345652,0.312500,0.6000,0.4000,0.0500,4,115200
90,0,64,0,normal_var1,omp_for,cpu_scalar,64,1,161.342101,32.302986,9.983165,540129.052202,5211.832706,1610.709036,0.312500,0.6000,0.4000,0.0500,4,115200
90,0,8,0,uniform,omp_collapse2,cpu_scalar,64,1,35.032509,255.418537,73.337946,579894.614996,8947.952247,2569.211497,0.039062,0.6000,0.4000,0.0500,4,921600
90,0,64,0,uniform,omp_for,cpu_scalar,64,1,278.899132,39.458954,11.600405,623982.612100,11005.072255,3235.345652,0.312500,0.6000,0.4000,0.0500,4,115200
90,0,32,0,sequential,omp_collapse2,gpu_warp32,128,32,72.751736,32.790666,9.583383,296071.267036,2385.576882,697.207688,0.156250,0.6000,0.4000,0.0500,4,230400
90,0,64,0,exact,omp_for,gpu_warp32,128,32,25.018056,8.138597,4.259253,10081.642423,203.591424,106.517724,0.312500,0.6000,0.4000,0.0500,4,172800
90,0,64,0,exact,omp_for,gpu_scalar,128,1,25.018056,8.138597,4.259253,10081.642423,203.591424,106.517724,0.312500,0.6000,0.4000,0.0500,4,172800
90,0,32,0,exact,omp_collapse2,cpu_scalar,64,1,25.456597,10.288860,5.283448,15701.361149,261.888129,134.450738,0.156250,0.6000,0.4000,0.0500,4,345600
90,0,8,0,uniform,omp_collapse2,gpu_warp32,128,32,17.516254,136.782395,39.268067,144981.034891,2395.915254,687.829235,0.039062,0.6000,0.4000,0.0500,4,921600
90,0,8,0,uniform,omp_collapse2,cpu_avx512,64,8,35.032509,255.418537,73.337946,579894.614996,8947.952247,2569.211497,0.039062,0.6000,0.4000,0.0500,4,921600
90,0,8,0,exact,omp_for,cpu_avx512,64,8,9.650412,10.154089,5.136120,10738.016490,98.004710,49.606966,0.039062,0.6000,0.4000,0.0500,4,1382400
90,0,16,0,normal_var1,omp_collapse2,gpu_scalar,128,1,37.579188,60.855216,17.543089,281507.563131,2286.890173,659.255723,0.078125,0.6000,0.4000,0.0500,4,460800
90,0,16,0,normal_var4,omp_collapse2,cpu_scalar,64,1,41.857986,99.933313,29.020210,506509.723856,4183.006480,1214.721501,0.078125,0.6000,0.4000,0.0500,4,460800
90,0,16,0,normal_var1,omp_collapse2,cpu_avx512,64,8,41.684744,100.750837,29.138378,508523.385716,4199.773396,1214.626673,0.078125,0.6000,0.4000,0.0500,4,460800
90,0,32,0,exact,omp_collapse2,gpu_scalar,128,1,14.906163,6.966987,3.425162,8808.602933,103.833934,51.029240,0.156250,0.6000,0.4000,0.0500,4,345600
90,0,128,0,exact,omp_for,cpu_avx512,64,8,82.390972,17.710876,10.657603,22473.691861,1459.189898,877.894430,0.625000,0.6000,0.4000,0.0500,4,86400
90,0,128,0,exact,omp_for,gpu_scalar,128,1,44.469444,10.137847,5.830501,12234.516949,450.811419,259.257717,0.625000,0.6000,0.4000,0.0500,4,86400
90,0,64,0,normal_var4,omp_for,cpu_avx512,64,8,161.513194,32.475100,10.068091,539436.679370,5245.156465,1626.128933,0.312500,0.6000,0.4000,0.0500,4,115200
90,0,16,0,uniform,omp_collapse2,cpu_scalar,64,1,70.016189,129.940636,37.259837,604927.204382,9097.946161,2608.793369,0.078125,0.6000,0.4000,0.0500,4,460800
90,0,16,0,normal_var4,omp_collapse2,gpu_warp32,128,32,37.749501,60.308567,17.467537,280266.531705,2276.617757,659.387069,0.078125,0.6000,0.4000,0.0500,4,460800
90,0,128,0,normal_var4,omp_collapse2,gpu_warp32,128,32,284.086632,14.672550,4.633683,302428.415886,4168.276182,1316.365705,0.625000,0.6000,0.4000,0.0500,4,57600
90,0,128,0,normal_var1,omp_collapse2,gpu_warp32,128,32,284.014757,14.640605,4.620422,302728.890682,4158.148375,1312.266248,0.625000,0.6000,0.4000,0.0500,4,57600
90,0,16,0,normal_var4,omp_for,gpu_scalar,128,1,37.749501,60.308567,17.467537,280266.531705,2276.617757,659.387069,0.078125,0.6000,0.4000,0.0500,4,460800
90,0,16,0,normal_var4,omp_collapse2,cpu_avx512,64,8,41.857986,99.933313,29.020210,506509.723856,4183.006480,1214.721501,0.078125,0.6000,0.4000,0.0500,4,460800
90,0,16,0,normal_var4,omp_collapse2,gpu_scalar,128,1,37.749501,60.308567,17.467537,280266.531705,2276.617757,659.387069,0.078125,0.6000,0.4000,0.0500,4,460800
90,0,128,0,normal_var4,omp_collapse2,gpu_scalar,128,1,284.086632,14.672550,4.633683,302428.415886,4168.276182,1316.365705,0.625000,0.6000,0.4000,0.0500,4,57600
90,0,128,0,normal_var4,omp_for,gpu_warp32,128,32,284.086632,14.672550,4.633683,302428.415886,4168.276182,1316.365705,0.625000,0.6000,0.4000,0.0500,4,57600
90,0,16,0,uniform,omp_collapse2,cpu_avx512,64,8,70.016189,129.940636,37.259837,604927.204382,9097.946161,2608.793369,0.078125,0.6000,0.4000,0.0500,4,460800
90,0,64,0,normal_var4,omp_for,gpu_scalar,128,1,144.483941,19.147365,5.757738,299466.779531,2766.486140,831.899799,0.312500,0.6000,0.4000,0.0500,4,115200
90,0,8,0,normal_var1,omp_for,cpu_scalar,64,1,21.672255,191.876400,55.113233,469247.711775,4158.385697,1194.445738,0.039062,0.6000,0.4000,0.0500,4,921600
90,0,128,0,sequential,omp_for,gpu_scalar,128,1,283.296007,14.672189,4.602670,303284.906272,4156.574907,1303.916246,0.625000,0.6000,0.4000,0.0500,4,57600
90,0,16,0,normal_var4,omp_for,cpu_avx512,64,8,41.857986,99.933313,29.020210,506509.723856,4183.006480,1214.721501,0.078125,0.6000,0.4000,0.0500,4,460800
90,0,128,0,normal_var4,omp_collapse2,cpu_avx512,64,8,319.698264,26.026878,8.796549,544581.201060,8320.747122,2812.238649,0.625000,0.6000,0.4000,0.0500,4,57600
90,0,8,0,sequential,omp_collapse2,gpu_warp32,128,32,10.523188,109.996780,31.705695,120793.178101,1157.517062,333.646078,0.039062,0.6000,0.4000,0.0500,4,921600
90,0,8,0,normal_var1,omp_for,gpu_warp32,128,32,10.836127,106.973815,30.703566,117317.960337,1159.179000,332.712351,0.039062,0.6000,0.4000,0.0500,4,921600
90,0,8,0,normal_var1,omp_for,cpu_avx512,64,8,21.672255,191.876400,55.113233,469247.711775,4158.385697,1194.445738,0.039062,0.6000,0.4000,0.0500,4,921600
90,0,32,0,exact,omp_for,cpu_scalar,64,1,25.456597,10.288860,5.283448,15701.361149,261.888129,134.450738,0.156250,0.6000,0.4000,0.0500,4,345600
90,0,128,0,normal_var4,omp_for,gpu_scalar,128,1,284.086632,14.672550,4.633683,302428.415886,4168.276182,1316.365705,0.625000,0.6000,0.4000,0.0500,4,57600
90,0,64,0,sequential,omp_for,gpu_scalar,128,1,143.729253,19.106591,5.738777,301102.633604,2746.178766,824.830263,0.312500,0.6000,0.4000,0.0500,4,115200
90,0,64,0,exact,omp_collapse2,cpu_scalar,64,1,44.856424,13.277123,7.359974,18286.942284,595.496831,330.027455,0.312500,0.6000,0.4000,0.0500,4,172800
90,0,128,0,normal_var1,omp_for,gpu_warp32,128,32,284.014757,14.640605,4.620422,302728.890682,4158.148375,1312.266248,0.625000,0.6000,0.4000,0.0500,4,57600
90,0,128,0,sequential,omp_for,cpu_avx512,64,8,318.898264,26.020503,8.742544,545946.668012,8297.894383,2787.980584,0.625000,0.6000,0.4000,0.0500,4,57600
90,0,128,0,normal_var1,omp_collapse2,gpu_scalar,128,1,284.014757,14.640605,4.620422,302728.890682,4158.148375,1312.266248,0.625000,0.6000,0.4000,0.0500,4,57600
90,0,32,0,exact,omp_for,gpu_scalar,128,1,14.906163,6.966987,3.425162,8808.602933,103.833934,51.029240,0.156250,0.6000,0.4000,0.0500,4,345600
90,0,128,0,normal_var4,omp_for,cpu_avx512,64,8,319.698264,26.026878,8.796549,544581.201060,8320.747122,2812.238649,0.625000,0.6000,0.4000,0.0500,4,57600
90,0,16,0,exact,omp_collapse2,cpu_scalar,64,1,15.223351,10.339678,4.963617,12909.329847,157.377306,75.516981,0.078125,0.6000,0.4000,0.0500,4,691200
90,0,128,0,normal_var1,omp_for,gpu_scalar,128,1,284.014757,14.640605,4.620422,302728.890682,4158.148375,1312.266248,0.625000,0.6000,0.4000,0.0500,4,57600
90,0,8,0,normal_var4,omp_for,gpu_scalar,128,1,10.920405,106.004598,30.478674,116432.582724,1157.613895,332.835497,0.039062,0.6000,0.4000,0.0500,4,921600
90,0,32,0,uniform,omp_for,cpu_scalar,64,1,139.825347,67.583060,19.542771,617706.441986,9449.822110,2732.579516,0.156250,0.6000,0.4000,0.0500,4,230400
90,0,64,0,sequential,omp_for,cpu_avx512,64,8,160.728819,32.381379,10.034560,542051.037840,5204.620490,1612.843760,0.312500,0.6000,0.4000,0.0500,4,115200
90,0,128,0,sequential,omp_collapse2,gpu_warp32,128,32,283.296007,14.672189,4.602670,303284.906272,4156.574907,1303.916246,0.625000,0.6000,0.4000,0.0500,4,57600
90,0,64,0,normal_var1,omp_collapse2,gpu_warp32,128,32,144.331597,19.048217,5.707252,299873.239744,2749.258268,823.738257,0.312500,0.6000,0.4000,0.0500,4,115200
90,0,32,0,uniform,omp_for,gpu_warp32,128,32,133.313455,37.373693,10.772239,322870.287951,4982.414610,1436.087170,0.156250,0.6000,0.4000,0.0500,4,230400
90,0,32,0,sequential,omp_for,cpu_scalar,64,1,81.040191,54.413339,16.058323,533271.685617,4409.666431,1301.370378,0.156250,0.6000,0.4000,0.0500,4,230400
90,0,32,0,uniform,omp_for,gpu_scalar,128,1,133.313455,37.373693,10.772239,322870.287951,4982.414610,1436.087170,0.156250,0.6000,0.4000,0.0500,4,230400
90,0,32,0,normal_var1,omp_for,cpu_scalar,64,1,81.656988,53.981088,16.016527,529427.844734,4407.934117,1307.864630,0.156250,0.6000,0.4000,0.0500,4,230400
90,0,128,0,normal_var1,omp_collapse2,cpu_avx512,64,8,319.592014,25.973717,8.772029,545173.402510,8300.994953,2803.471187,0.625000,0.6000,0.4000,0.0500,4,57600
90,0,32,0,uniform,omp_for,cpu_avx512,64,8,139.825347,67.583060,19.542771,617706.441986,9449.822110,2732.579516,0.156250,0.6000,0.4000,0.0500,4,230400
90,0,32,0,normal_var4,omp_for,cpu_scalar,64,1,81.819097,53.715198,15.777005,528300.945066,4394.928738,1290.857759,0.156250,0.6000,0.4000,0.0500,4,230400
90,0,16,0,exact,omp_for,cpu_scalar,64,1,15.223351,10.339678,4.963617,12909.329847,157.377306,75.516981,0.078125,0.6000,0.4000,0.0500,4,691200
90,0,16,0,normal_var4,omp_for,gpu_warp32,128,32,37.749501,60.308567,17.467537,280266.531705,2276.617757,659.387069,0.078125,0.6000,0.4000,0.0500,4,460800
90,0,16,0,sequential,omp_collapse2,cpu_scalar,64,1,41.070681,101.784445,29.609257,516244.249628,4180.358139,1216.074824,0.078125,0.6000,0.4000,0.0500,4,460800
90,0,16,0,uniform,omp_for,cpu_scalar,64,1,70.016189,129.940636,37.259837,604927.204382,9097.946161,2608.793369,0.078125,0.6000,0.4000,0.0500,4,460800
90,0,64,0,uniform,omp_collapse2,gpu_scalar,128,1,265.099566,21.581674,6.271404,326147.316911,5721.296719,1662.550344,0.312500,0.6000,0.4000,0.0500,4,115200
90,0,64,0,sequential,omp_collapse2,cpu_scalar,64,1,160.728819,32.381379,10.034560,542051.037840,5204.620490,1612.843760,0.312500,0.6000,0.4000,0.0500,4,115200
90,0,32,0,normal_var4,omp_for,cpu_avx512,64,8,81.819097,53.715198,15.777005,528300.945066,4394.928738,1290.857759,0.156250,0.6000,0.4000,0.0500,4,230400
90,0,64,0,uniform,omp_collapse2,gpu_warp32,128,32,265.099566,21.581674,6.271404,326147.316911,5721.296719,1662.550344,0.312500,0.6000,0.4000,0.0500,4,115200
90,0,64,0,normal_var1,omp_collapse2,cpu_avx512,64,8,161.342101,32.302986,9.983165,540129.052202,5211.832706,1610.709036,0.312500,0.6000,0.4000,0.0500,4,115200
90,0,64,0,normal_var1,omp_collapse2,gpu_scalar,128,1,144.331597,19.048217,5.707252,299873.239744,2749.258268,823.738257,0.312500,0.6000,0.4000,0.0500,4,115200
90,0,16,0,sequential,omp_collapse2,gpu_scalar,128,1,36.974306,61.631630,17.872885,286253.230967,2278.786038,660.837579,0.078125,0.6000,0.4000,0.0500,4,460800
90,0,64,0,normal_var4,omp_collapse2,cpu_scalar,64,1,161.513194,32.475100,10.068091,539436.679370,5245.156465,1626.128933,0.312500,0.6000,0.4000,0.0500,4,115200
90,0,64,0,sequential,omp_collapse2,gpu_scalar,128,1,143.729253,19.106591,5.738777,301102.633604,2746.178766,824.830263,0.312500,0.6000,0.4000,0.0500,4,115200
90,0,64,0,sequential,omp_collapse2,cpu_avx512,64,8,160.728819,32.381379,10.034560,542051.037840,5204.620490,1612.843760,0.312500,0.6000,0.4000,0.0500,4,115200
90,0,16,0,uniform,omp_for,cpu_avx512,64,8,70.016189,129.940636,37.259837,604927.204382,9097.946161,2608.793369,0.078125,0.6000,0.4000,0.0500,4,460800
90,0,128,0,sequential,omp_collapse2,gpu_scalar,128,1,283.296007,14.672189,4.602670,303284.906272,4156.574907,1303.916246,0.625000,0.6000,0.4000,0.0500,4,57600
90,0,64,0,uniform,omp_collapse2,cpu_avx512,64,8,278.899132,39.458954,11.600405,623982.612100,11005.072255,3235.345652,0.312500,0.6000,0.4000,0.0500,4,115200
90,0,16,0,normal_var1,omp_for,cpu_scalar,64,1,41.684744,100.750837,29.138378,508523.385716,4199.773396,1214.626673,0.078125,0.6000,0.4000,0.0500,4,460800
90,0,128,0,sequential,omp_collapse2,cpu_avx512,64,8,318.898264,26.020503,8.742544,545946.668012,8297.894383,2787.980584,0.625000,0.6000,0.4000,0.0500,4,57600
90,0,8,0,uniform,omp_for,gpu_warp32,128,32,17.516254,136.782395,39.268067,144981.034891,2395.915254,687.829235,0.039062,0.6000,0.4000,0.0500,4,921600
90,0,128,0,exact,omp_collapse2,cpu_scalar,64,1,82.390972,17.710876,10.657603,22473.691861,1459.189898,877.894430,0.625000,0.6000,0.4000,0.0500,4,86400
90,0,8,0,sequential,omp_collapse2,cpu_avx512,64,8,21.046376,196.643750,56.684760,483147.177989,4138.639351,1193.012803,0.039062,0.6000,0.4000,0.0500,4,921600
90,0,64,0,uniform,omp_for,gpu_warp32,128,32,265.099566,21.581674,6.271404,326147.316911,5721.296719,1662.550344,0.312500,0.6000,0.4000,0.0500,4,115200
90,0,16,0,normal_var1,omp_for,gpu_scalar,128,1,37.579188,60.855216,17.543089,281507.563131,2286.890173,659.255723,0.078125,0.6000,0.4000,0.0500,4,460800
90,0,128,0,exact,omp_collapse2,gpu_warp32,128,32,44.469444,10.137847,5.830501,12234.516949,450.811419,259.257717,0.625000,0.6000,0.4000,0.0500,4,86400
90,0,8,0,uniform,omp_for,gpu_scalar,128,1,17.516254,136.782395,39.268067,144981.034891,2395.915254,687.829235,0.039062,0.6000,0.4000,0.0500,4,921600
90,0,8,0,sequential,omp_collapse2,gpu_scalar,128,1,10.523188,109.996780,31.705695,120793.178101,1157.517062,333.646078,0.039062,0.6000,0.4000,0.0500,4,921600
90,0,8,0,sequential,omp_for,gpu_scalar,128,1,10.523188,109.996780,31.705695,120793.178101,1157.517062,333.646078,0.039062,0.6000,0.4000,0.0500,4,921600
90,0,8,0,sequential,omp_for,gpu_warp32,128,32,10.523188,109.996780,31.705695,120793.178101,1157.517062,333.646078,0.039062,0.6000,0.4000,0.0500,4,921600
90,0,64,0,uniform,omp_for,gpu_scalar,128,1,265.099566,21.581674,6.271404,326147.316911,5721.296719,1662.550344,0.312500,0.6000,0.4000,0.0500,4,115200
90,0,8,0,uniform,omp_for,cpu_avx512,64,8,35.032509,255.418537,73.337946,579894.614996,8947.952247,2569.211497,0.039062,0.6000,0.4000,0.0500,4,921600
90,0,32,0,sequential,omp_collapse2,gpu_scalar,128,1,72.751736,32.790666,9.583383,296071.267036,2385.576882,697.207688,0.156250,0.6000,0.4000,0.0500,4,230400
90,0,32,0,sequential,omp_collapse2,cpu_avx512,64,8,81.040191,54.413339,16.058323,533271.685617,4409.666431,1301.370378,0.156250,0.6000,0.4000,0.0500,4,230400
90,0,8,0,normal_var4,omp_for,gpu_warp32,128,32,10.920405,106.004598,30.478674,116432.582724,1157.613895,332.835497,0.039062,0.6000,0.4000,0.0500,4,921600
90,0,8,0,exact,omp_for,gpu_scalar,128,1,4.825206,6.385839,3.251166,2685.580159,30.817534,15.700247,0.039062,0.6000,0.4000,0.0500,4,1382400
90,0,32,0,exact,omp_collapse2,gpu_warp32,128,32,14.906163,6.966987,3.425162,8808.602933,103.833934,51.029240,0.156250,0.6000,0.4000,0.0500,4,345600
90,0,16,0,sequential,omp_for,cpu_avx512,64,8,41.070681,101.784445,29.609257,516244.249628,4180.358139,1216.074824,0.078125,0.6000,0.4000,0.0500,4,460800
90,0,64,0,normal_var1,omp_for,cpu_avx512,64,8,161.342101,32.302986,9.983165,540129.052202,5211.832706,1610.709036,0.312500,0.6000,0.4000,0.0500,4,115200
90,0,8,0,normal_var4,omp_collapse2,cpu_scalar,64,1,21.840809,190.241904,54.748233,465706.206167,4155.040826,1195.731499,0.039062,0.6000,0.4000,0.0500,4,921600
90,0,8,0,sequential,omp_for,cpu_avx512,64,8,21.046376,196.643750,56.684760,483147.177989,4138.639351,1193.012803,0.039062,0.6000,0.4000,0.0500,4,921600
90,0,8,0,exact,omp_collapse2,cpu_scalar,64,1,9.650412,10.154089,5.136120,10738.016490,98.004710,49.606966,0.039062,0.6000,0.4000,0.0500,4,1382400
90,0,8,0,uniform,omp_collapse2,gpu_scalar,128,1,17.516254,136.782395,39.268067,144981.034891,2395.915254,687.829235,0.039062,0.6000,0.4000,0.0500,4,921600
90,0,8,0,exact,omp_for,gpu_warp32,128,32,4.825206,6.385839,3.251166,2685.580159,30.817534,15.700247,0.039062,0.6000,0.4000,0.0500,4,1382400
90,0,32,0,exact,omp_collapse2,cpu_avx512,64,8,25.456597,10.288860,5.283448,15701.361149,261.888129,134.450738,0.156250,0.6000,0.4000,0.0500,4,345600
90,0,16,0,sequential,omp_for,gpu_scalar,128,1,36.974306,61.631630,17.872885,286253.230967,2278.786038,660.837579,0.078125,0.6000,0.4000,0.0500,4,460800
90,0,16,0,normal_var1,omp_collapse2,gpu_warp32,128,32,37.579188,60.855216,17.543089,281507.563131,2286.890173,659.255723,0.078125,0.6000,0.4000,0.0500,4,460800
90,0,8,0,normal_var4,omp_for,cpu_avx512,64,8,21.840809,190.241904,54.748233,465706.206167,4155.040826,1195.731499,0.039062,0.6000,0.4000,0.0500,4,921600
90,0,16,0,uniform,omp_collapse2,gpu_warp32,128,32,66.857899,72.109968,20.657212,316195.175790,4821.122268,1381.096189,0.078125,0.6000,0.4000,0.0500,4,460800
90,0,16,0,sequential,omp_for,gpu_warp32,128,32,36.974306,61.631630,17.872885,286253.230967,2278.786038,660.837579,0.078125,0.6000,0.4000,0.0500,4,460800
90,0,8,0,normal_var1,omp_collapse2,cpu_scalar,64,1,21.672255,191.876400,55.113233,469247.711775,4158.385697,1194.445738,0.039062,0.6000,0.4000,0.0500,4,921600
90,0,8,0,normal_var4,omp_collapse2,gpu_scalar,128,1,10.920405,106.004598,30.478674,116432.582724,1157.613895,332.835497,0.039062,0.6000,0.4000,0.0500,4,921600
90,0,16,0,uniform,omp_collapse2,gpu_scalar,128,1,66.857899,72.109968,20.657212,316195.175790,4821.122268,1381.096189,0.078125,0.6000,0.4000,0.0500,4,460800
90,0,8,0,normal_var4,omp_collapse2,cpu_avx512,64,8,21.840809,190.241904,54.748233,465706.206167,4155.040826,1195.731499,0.039062,0.6000,0.4000,0.0500,4,921600
90,0,8,0,normal_var1,omp_for,gpu_scalar,128,1,10.836127,106.973815,30.703566,117317.960337,1159.179000,332.712351,0.039062,0.6000,0.4000,0.0500,4,921600
90,0,8,0,exact,omp_collapse2,cpu_avx512,64,8,9.650412,10.154089,5.136120,10738.016490,98.004710,49.606966,0.039062,0.6000,0.4000,0.0500,4,1382400
90,0,8,0,exact,omp_collapse2,gpu_warp32,128,32,4.825206,6.385839,3.251166,2685.580159,30.817534,15.700247,0.039062,0.6000,0.4000,0.0500,4,1382400
90,0,8,0,normal_var1,omp_collapse2,cpu_avx512,64,8,21.672255,191.876400,55.113233,469247.711775,4158.385697,1194.445738,0.039062,0.6000,0.4000,0.0500,4,921600
90,0,8,0,normal_var1,omp_collapse2,gpu_warp32,128,32,10.836127,106.973815,30.703566,117317.960337,1159.179000,332.712351,0.039062,0.6000,0.4000,0.0500,4,921600
90,0,32,0,normal_var4,omp_collapse2,cpu_scalar,64,1,81.819097,53.715198,15.777005,528300.945066,4394.928738,1290.857759,0.156250,0.6000,0.4000,0.0500,4,230400
90,0,32,0,normal_var1,omp_collapse2,cpu_scalar,64,1,81.656988,53.981088,16.016527,529427.844734,4407.934117,1307.864630,0.156250,0.6000,0.4000,0.0500,4,230400
90,0,32,0,exact,omp_for,gpu_warp32,128,32,14.906163,6.966987,3.425162,8808.602933,103.833934,51.029240,0.156250,0.6000,0.4000,0.0500,4,345600
90,0,32,0,uniform,omp_collapse2,cpu_scalar,64,1,139.825347,67.583060,19.542771,617706.441986,9449.822110,2732.579516,0.156250,0.6000,0.4000,0.0500,4,230400
90,0,32,0,exact,omp_for,cpu_avx512,64,8,25.456597,10.288860,5.283448,15701.361149,261.888129,134.450738,0.156250,0.6000,0.4000,0.0500,4,345600
90,0,32,0,normal_var4,omp_collapse2,cpu_avx512,64,8,81.819097,53.715198,15.777005,528300.945066,4394.928738,1290.857759,0.156250,0.6000,0.4000,0.0500,4,230400
90,0,64,0,exact,omp_collapse2,gpu_warp32,128,32,25.018056,8.138597,4.259253,10081.642423,203.591424,106.517724,0.312500,0.6000,0.4000,0.0500,4,172800
90,0,32,0,normal_var1,omp_collapse2,gpu_warp32,128,32,73.351736,32.482344,9.536270,293671.232722,2382.637594,699.503567,0.156250,0.6000,0.4000,0.0500,4,230400
90,0,32,0,normal_var1,omp_collapse2,cpu_avx512,64,8,81.656988,53.981088,16.016527,529427.844734,4407.934117,1307.864630,0.156250,0.6000,0.4000,0.0500,4,230400
90,0,64,0,exact,omp_collapse2,gpu_scalar,128,1,25.018056,8.138597,4.259253,10081.642423,203.591424,106.517724,0.312500,0.6000,0.4000,0.0500,4,172800
90,0,64,0,exact,omp_collapse2,cpu_avx512,64,8,44.856424,13.277123,7.359974,18286.942284,595.496831,330.027455,0.312500,0.6000,0.4000,0.0500,4,172800
90,0,16,0,exact,omp_collapse2,gpu_warp32,128,32,9.527821,7.654205,3.750655,7445.177486,72.918043,35.749826,0.078125,0.6000,0.4000,0.0500,4,691200
90,0,16,0,exact,omp_collapse2,gpu_scalar,128,1,9.527821,7.654205,3.750655,7445.177486,72.918043,35.749826,0.078125,0.6000,0.4000,0.0500,4,691200
90,0,32,0,sequential,omp_for,gpu_warp32,128,32,72.751736,32.790666,9.583383,296071.267036,2385.576882,697.207688,0.156250,0.6000,0.4000,0.0500,4,230400
90,0,32,0,sequential,omp_for,gpu_scalar,128,1,72.751736,32.790666,9.583383,296071.267036,2385.576882,697.207688,0.156250,0.6000,0.4000,0.0500,4,230400
90,0,16,0,exact,omp_collapse2,cpu_avx512,64,8,15.223351,10.339678,4.963617,12909.329847,157.377306,75.516981,0.078125,0.6000,0.4000,0.0500,4,691200
90,0,32,0,sequential,omp_for,cpu_avx512,64,8,81.040191,54.413339,16.058323,533271.685617,4409.666431,1301.370378,0.156250,0.6000,0.4000,0.0500,4,230400
90,0,32,0,normal_var4,omp_for,gpu_warp32,128,32,73.500564,32.311158,9.393106,292986.989282,2374.888065,690.397036,0.156250,0.6000,0.4000,0.0500,4,230400
90,0,32,0,normal_var1,omp_for,gpu_warp32,128,32,73.351736,32.482344,9.536270,293671.232722,2382.637594,699.503567,0.156250,0.6000,0.4000,0.0500,4,230400
90,0,32,0,normal_var4,omp_for,gpu_scalar,128,1,73.500564,32.311158,9.393106,292986.989282,2374.888065,690.397036,0.156250,0.6000,0.4000,0.0500,4,230400
90,0,32,0,normal_var1,omp_for,cpu_avx512,64,8,81.656988,53.981088,16.016527,529427.844734,4407.934117,1307.864630,0.156250,0.6000,0.4000,0.0500,4,230400
90,0,32,0,normal_var1,omp_for,gpu_scalar,128,1,73.351736,32.482344,9.536270,293671.232722,2382.637594,699.503567,0.156250,0.6000,0.4000,0.0500,4,230400
90,0,16,0,exact,omp_for,gpu_warp32,128,32,9.527821,7.654205,3.750655,7445.177486,72.918043,35.749826,0.078125,0.6000,0.4000,0.0500,4,691200
90,0,16,0,exact,omp_for,gpu_scalar,128,1,9.527821,7.654205,3.750655,7445.177486,72.918043,35.749826,0.078125,0.6000,0.4000,0.0500,4,691200
90,0,16,0,sequential,omp_collapse2,cpu_avx512,64,8,41.070681,101.784445,29.609257,516244.249628,4180.358139,1216.074824,0.078125,0.6000,0.4000,0.0500,4,460800
90,0,16,0,sequential,omp_collapse2,gpu_warp32,128,32,36.974306,61.631630,17.872885,286253.230967,2278.786038,660.837579,0.078125,0.6000,0.4000,0.0500,4,460800
90,0,64,0,sequential,omp_collapse2,gpu_warp32,128,32,143.729253,19.106591,5.738777,301102.633604,2746.178766,824.830263,0.312500,0.6000,0.4000,0.0500,4,115200
90,0,16,0,uniform,omp_for,gpu_warp32,128,32,66.857899,72.109968,20.657212,316195.175790,4821.122268,1381.096189,0.078125,0.6000,0.4000,0.0500,4,460800
90,0,64,0,normal_var4,omp_collapse2,gpu_warp32,128,32,144.483941,19.147365,5.757738,299466.779531,2766.486140,831.899799,0.312500,0.6000,0.4000,0.0500,4,115200
90,0,16,0,uniform,omp_for,gpu_scalar,128,1,66.857899,72.109968,20.657212,316195.175790,4821.122268,1381.096189,0.078125,0.6000,0.4000,0.0500,4,460800
90,0,64,0,normal_var4,omp_collapse2,gpu_scalar,128,1,144.483941,19.147365,5.757738,299466.779531,2766.486140,831.899799,0.312500,0.6000,0.4000,0.0500,4,115200
90,0,16,0,exact,omp_for,cpu_avx512,64,8,15.223351,10.339678,4.963617,12909.329847,157.377306,75.516981,0.078125,0.6000,0.4000,0.0500,4,691200
90,0,64,0,normal_var4,omp_collapse2,cpu_avx512,64,8,161.513194,32.475100,10.068091,539436.679370,5245.156465,1626.128933,0.312500,0.6000,0.4000,0.0500,4,115200
90,0,16,0,normal_var1,omp_for,gpu_warp32,128,32,37.579188,60.855216,17.543089,281507.563131,2286.890173,659.255723,0.078125,0.6000,0.4000,0.0500,4,460800
90,0,128,0,exact,omp_collapse2,gpu_scalar,128,1,44.469444,10.137847,5.830501,12234.516949,450.811419,259.257717,0.625000,0.6000,0.4000,0.0500,4,86400
90,0,16,0,normal_var1,omp_for,cpu_avx512,64,8,41.684744,100.750837,29.138378,508523.385716,4199.773396,1214.626673,0.078125,0.6000,0.4000,0.0500,4,460800
90,0,128,0,exact,omp_collapse2,cpu_avx512,64,8,82.390972,17.710876,10.657603,22473.691861,1459.189898,877.894430,0.625000,0.6000,0.4000,0.0500,4,86400
90,0,8,0,exact,omp_collapse2,gpu_scalar,128,1,4.825206,6.385839,3.251166,2685.580159,30.817534,15.700247,0.039062,0.6000,0.4000,0.0500,4,1382400
90,0,8,0,normal_var4,omp_collapse2,gpu_warp32,128,32,10.920405,106.004598,30.478674,116432.582724,1157.613895,332.835497,0.039062,0.6000,0.4000,0.0500,4,921600
90,0,8,0,normal_var1,omp_collapse2,gpu_scalar,128,1,10.836127,106.973815,30.703566,117317.960337,1159.179000,332.712351,0.039062,0.6000,0.4000,0.0500,4,921600
90,0,32,0,normal_var4,omp_collapse2,gpu_scalar,128,1,73.500564,32.311158,9.393106,292986.989282,2374.888065,690.397036,0.156250,0.6000,0.4000,0.0500,4,230400
90,0,32,0,normal_var4,omp_collapse2,gpu_warp32,128,32,73.500564,32.311158,9.393106,292986.989282,2374.888065,690.397036,0.156250,0.6000,0.4000,0.0500,4,230400
90,0,32,0,uniform,omp_collapse2,gpu_warp32,128,32,133.313455,37.373693,10.772239,322870.287951,4982.414610,1436.087170,0.156250,0.6000,0.4000,0.0500,4,230400
90,0,32,0,uniform,omp_collapse2,cpu_avx512,64,8,139.825347,67.583060,19.542771,617706.441986,9449.822110,2732.579516,0.156250,0.6000,0.4000,0.0500,4,230400
90,0,32,0,normal_var1,omp_collapse2,gpu_scalar,128,1,73.351736,32.482344,9.536270,293671.232722,2382.637594,699.503567,0.156250,0.6000,0.4000,0.0500,4,230400
90,0,32,0,uniform,omp_collapse2,gpu_scalar,128,1,133.313455,37.373693,10.772239,322870.287951,4982.414610,1436.087170,0.156250,0.6000,0.4000,0.0500,4,230400
