nlev,variant,blocking,cell_dist,schedule,target,block_bytes,vector_width,mu,delta,delta_numa,delta_max,mu_delta,mu_delta_numa,l1_ratio,beta,alpha,gamma,P_NUMA,T
90,1,0,normal_var1,omp_for,gpu_warp32,128,32,80.873437,32.706831,32.898739,3052.601910,2645.113881,2660.634146,0.000000,1,0.0120,1.8000,4,230400
90,1,0,normal_var4,omp_collapse2,gpu_scalar,128,1,2.632434,972.403816,981.072309,2168.928574,2559.789211,2582.608451,0.000000,1,0.0120,1.8000,4,7372800
90,2,0,normal_var1,omp_for,gpu_scalar,128,1,2.584814,988.509117,988.542246,2179.310261,2555.112652,2555.198284,0.000000,1,0.0120,1.8000,4,7372800
90,2,0,exact,omp_for,gpu_warp32,128,32,20.005208,8.683523,9.595187,40.787730,173.715690,191.953713,0.000000,1,0.0120,1.8000,4,345600
90,2,0,normal_var4,omp_collapse2,gpu_warp32,128,32,80.856658,32.718493,33.262872,2926.235733,2645.507997,2689.524711,0.000000,1,0.0120,1.8000,4,230400
90,3,0,sequential,omp_for,gpu_warp32,128,32,14.781244,15767.819740,25219.504128,60198.385579,233067.978800,372775.884211,0.000000,1,0.0120,1.8000,4,163840
90,3,0,uniform,omp_collapse2,gpu_warp32,128,32,233.891797,2076.587016,2630.479448,185307.213861,485696.668462,615247.564527,0.000000,1,0.0120,1.8000,4,230400
90,4,0,normal_var1,omp_collapse2,cpu_avx512,64,8,52.232650,8833.366539,9942.541457,195727.820300,461390.140353,519325.285394,0.000000,1,0.0120,1.8000,4,921600
90,1,0,uniform,omp_for,gpu_warp32,128,32,141.650391,36.926385,37.038314,3410.056133,5230.636930,5246.491662,0.000000,1,0.0120,1.8000,4,230400
90,1,0,sequential,omp_collapse2,cpu_avx512,64,8,24.969533,205.875357,207.906395,4948.674672,5140.611611,5191.325689,0.000000,1,0.0120,1.8000,4,921600
90,2,0,normal_var1,omp_for,gpu_warp32,128,32,80.873437,32.799762,33.047414,2926.149525,2652.629524,2672.657980,0.000000,1,0.0120,1.8000,4,230400
90,2,0,normal_var1,omp_collapse2,cpu_scalar,64,1,3.169593,1823.212321,1839.473753,4020.117142,5778.840197,5830.382310,0.000000,1,0.0120,1.8000,4,7372800
90,2,0,exact,omp_collapse2,gpu_warp32,128,32,20.005231,8.709015,9.671160,40.813235,174.225860,193.473859,0.000000,1,0.0120,1.8000,4,345600
90,3,0,sequential,omp_for,cpu_avx512,64,8,6.284090,6954.393032,11123.636859,108181.645028,43702.038177,69901.881828,0.000000,1,0.0120,1.8000,4,901120
90,3,0,uniform,omp_collapse2,gpu_scalar,128,1,7.312427,53509.816047,67810.617116,117662.735146,391286.610666,495860.171068,0.000000,1,0.0120,1.8000,4,7372800
90,4,0,uniform,omp_for,gpu_warp32,128,32,17.218909,27056.779173,43269.364805,103377.234286,465888.320407,745050.609157,0.000000,1,0.0120,1.8000,4,163840
90,4,0,normal_var1,omp_for,gpu_warp32,128,32,16.693811,14107.567372,22562.121050,53513.018126,235509.027470,376647.705052,0.000000,1,0.0120,1.8000,4,163840
90,4,0,normal_var4,omp_for,gpu_scalar,128,1,0.467655,582.784226,932.821607,15524.438845,272.542368,436.243376,0.000000,1,0.0120,1.8000,4,7372800
90,4,0,normal_var4,omp_collapse2,cpu_avx512,64,8,52.070545,8843.386685,9952.974802,196436.748590,460479.961781,518256.819433,0.000000,1,0.0120,1.8000,4,921600
90,1,0,normal_var1,omp_for,cpu_avx512,64,8,24.962012,205.673777,205.869949,4948.222382,5134.031230,5138.928087,0.000000,1,0.0120,1.8000,4,921600
90,1,0,exact,omp_for,cpu_scalar,64,1,1.802433,39.065603,39.129544,248.031681,70.413142,70.528393,0.000000,1,0.0120,1.8000,4,11059200
90,1,0,exact,omp_collapse2,cpu_avx512,64,8,10.509447,14.066863,14.565699,1297.188214,147.834946,153.077506,0.000000,1,0.0120,1.8000,4,1382400
90,2,0,normal_var4,omp_for,cpu_scalar,64,1,3.267627,1757.684981,1757.751080,3872.992930,5743.458818,5743.674807,0.000000,1,0.0120,1.8000,4,7372800
90,2,0,uniform,omp_collapse2,gpu_scalar,128,1,4.497852,1023.146268,1032.262624,2248.405007,4601.960041,4642.964056,0.000000,1,0.0120,1.8000,4,7372800
90,2,0,exact,omp_collapse2,cpu_avx512,64,8,10.509447,13.414258,13.985390,48.394106,140.976432,146.978795,0.000000,1,0.0120,1.8000,4,1382400
90,3,0,normal_var4,omp_for,cpu_avx512,64,8,7.259949,5717.971989,9153.601205,93880.054001,41512.197138,66455.105319,0.000000,1,0.0120,1.8000,4,901120
90,3,0,exact,omp_for,gpu_scalar,128,1,0.464488,10.187187,13.684107,326.155178,4.731757,6.356021,0.000000,1,0.0120,1.8000,4,11059200
90,3,0,sequential,omp_collapse2,gpu_warp32,128,32,201.962565,1288.063008,1631.331614,107543.687687,260140.509014,329467.917327,0.000000,1,0.0120,1.8000,4,230400
90,4,0,normal_var4,omp_collapse2,cpu_scalar,64,1,7.096277,56485.979047,63577.506876,124486.163433,400840.145418,451163.589788,0.000000,1,0.0120,1.8000,4,7372800
90,1,0,sequential,omp_for,gpu_scalar,128,1,2.561829,993.170833,993.199818,2207.963456,2544.333458,2544.407711,0.000000,1,0.0120,1.8000,4,7372800
90,1,0,uniform,omp_collapse2,cpu_scalar,64,1,4.998914,1958.459331,1975.917089,4396.810478,9790.168934,9877.438760,0.000000,1,0.0120,1.8000,4,7372800
90,1,0,exact,omp_collapse2,cpu_scalar,64,1,1.802434,39.066780,39.288646,248.032796,70.415275,70.815179,0.000000,1,0.0120,1.8000,4,11059200
90,2,0,exact,omp_for,cpu_scalar,64,1,1.802433,39.048390,39.124636,66.619506,70.382117,70.519545,0.000000,1,0.0120,1.8000,4,11059200
90,3,0,uniform,omp_for,cpu_scalar,64,1,0.915274,1844.571335,2950.010658,89058.504619,1688.287910,2700.067615,0.000000,1,0.0120,1.8000,4,7372800
90,3,0,exact,omp_for,cpu_avx512,64,8,7.315813,71.069274,95.797967,1946.707625,519.939817,700.850225,0.000000,1,0.0120,1.8000,4,1351680
90,3,0,normal_var4,omp_collapse2,gpu_warp32,128,32,198.246194,1301.464500,1648.356155,109596.038896,258010.383091,326780.333852,0.000000,1,0.0120,1.8000,4,230400
90,4,0,exact,omp_for,gpu_warp32,128,32,16.573547,164.245053,221.452223,1045.624614,2722.053940,3670.249637,0.000000,1,0.0120,1.8000,4,245760
90,4,0,normal_var1,omp_collapse2,gpu_warp32,128,32,198.907895,1304.207580,1651.746575,109179.346063,259417.184337,328545.434700,0.000000,1,0.0120,1.8000,4,230400
90,1,0,uniform,omp_for,cpu_scalar,64,1,4.998914,1958.457983,1958.508448,4396.809239,9790.162198,9790.414467,0.000000,1,0.0120,1.8000,4,7372800
90,1,0,normal_var4,omp_collapse2,gpu_warp32,128,32,80.856658,32.623966,33.111630,3052.710362,2637.864895,2677.295737,0.000000,1,0.0120,1.8000,4,230400
90,2,0,normal_var4,omp_for,cpu_avx512,64,8,24.966016,203.922995,204.149307,4539.793184,5091.144688,5096.794779,0.000000,1,0.0120,1.8000,4,921600
90,2,0,uniform,omp_collapse2,gpu_warp32,128,32,141.650417,37.003191,37.481124,3337.901868,5241.517493,5309.216813,0.000000,1,0.0120,1.8000,4,230400
90,3,0,exact,omp_for,gpu_warp32,128,32,16.573547,164.210012,221.412473,1055.908734,2721.473259,3669.590882,0.000000,1,0.0120,1.8000,4,245760
90,3,0,normal_var4,omp_collapse2,cpu_avx512,64,8,52.070545,8855.485681,9966.608584,196918.280059,461109.963083,518966.737900,0.000000,1,0.0120,1.8000,4,921600
90,4,0,uniform,omp_for,gpu_scalar,128,1,0.479835,993.945106,1589.597015,30416.958978,476.929212,762.745979,0.000000,1,0.0120,1.8000,4,7372800
90,4,0,sequential,omp_for,gpu_scalar,128,1,0.397917,930.689685,1488.460478,16934.282372,370.337111,592.284518,0.000000,1,0.0120,1.8000,4,7372800
90,4,0,sequential,omp_collapse2,cpu_scalar,64,1,6.624976,60456.669708,68048.834040,132804.449654,400523.960825,450821.864168,0.000000,1,0.0120,1.8000,4,7372800
90,1,0,sequential,omp_for,cpu_scalar,64,1,3.124744,1837.001118,1837.059091,4140.226889,5740.157582,5740.338735,0.000000,1,0.0120,1.8000,4,7372800
90,1,0,normal_var1,omp_collapse2,cpu_scalar,64,1,3.169593,1825.238827,1841.505873,4128.739243,5785.263398,5836.823304,0.000000,1,0.0120,1.8000,4,7372800
90,2,0,uniform,omp_for,cpu_scalar,64,1,4.998914,1955.806337,1955.867432,4299.734797,9776.906849,9777.212257,0.000000,1,0.0120,1.8000,4,7372800
90,2,0,sequential,omp_for,gpu_warp32,128,32,80.851172,32.942582,33.191900,2925.849078,2663.446352,2683.604040,0.000000,1,0.0120,1.8000,4,230400
90,2,0,sequential,omp_collapse2,cpu_scalar,64,1,3.124744,1834.839930,1851.199352,4028.745181,5733.404922,5784.523928,0.000000,1,0.0120,1.8000,4,7372800
90,3,0,normal_var1,omp_for,gpu_warp32,128,32,16.693811,14114.911760,22573.712960,53535.972298,235631.634130,376841.219691,0.000000,1,0.0120,1.8000,4,163840
90,3,0,sequential,omp_for,gpu_scalar,128,1,0.397917,931.212423,1489.292831,16935.780978,370.545117,592.615724,0.000000,1,0.0120,1.8000,4,7372800
90,3,0,sequential,omp_collapse2,cpu_avx512,64,8,52.998340,8725.561743,9820.950827,193389.161671,462440.286582,520494.089540,0.000000,1,0.0120,1.8000,4,921600
90,4,0,normal_var1,omp_for,gpu_scalar,128,1,0.465594,622.711871,995.801662,15767.644715,289.930463,463.637919,0.000000,1,0.0120,1.8000,4,7372800
90,4,0,normal_var1,omp_collapse2,cpu_scalar,64,1,6.923684,58063.888843,65358.540600,128062.408062,402015.999441,452521.860548,0.000000,1,0.0120,1.8000,4,7372800
90,4,0,exact,omp_collapse2,gpu_warp32,128,32,146.230312,375.506396,474.840831,4459.164955,54910.417538,69436.123368,0.000000,1,0.0120,1.8000,4,345600
90,1,0,sequential,omp_for,cpu_avx512,64,8,24.969531,205.865095,206.063998,4948.660303,5140.354928,5145.321437,0.000000,1,0.0120,1.8000,4,921600
90,1,0,exact,omp_for,cpu_avx512,64,8,10.509440,14.057344,14.481401,1297.179690,147.734811,152.191414,0.000000,1,0.0120,1.8000,4,1382400
90,1,0,normal_var4,omp_collapse2,cpu_avx512,64,8,24.966020,205.211030,207.229745,4949.021275,5123.302680,5173.701944,0.000000,1,0.0120,1.8000,4,921600
90,1,0,exact,omp_collapse2,gpu_scalar,128,1,1.011410,21.408660,21.525968,76.867589,21.652926,21.771578,0.000000,1,0.0120,1.8000,4,11059200
90,2,0,uniform,omp_collapse2,cpu_avx512,64,8,39.927930,255.558335,257.974282,5671.886602,10203.915216,10300.378976,0.000000,1,0.0120,1.8000,4,921600
90,2,0,sequential,omp_collapse2,gpu_scalar,128,1,2.561829,992.661070,1001.515672,2180.118324,2543.027803,2565.711776,0.000000,1,0.0120,1.8000,4,7372800
90,3,0,normal_var4,omp_for,gpu_warp32,128,32,16.766290,14002.678513,22413.351766,53225.692977,234773.166300,375791.141439,0.000000,1,0.0120,1.8000,4,163840
90,3,0,uniform,omp_collapse2,cpu_scalar,64,1,7.624927,104250.971126,117340.150118,229294.292629,794906.019268,894710.050406,0.000000,1,0.0120,1.8000,4,7372800
90,3,0,sequential,omp_collapse2,gpu_scalar,128,1,6.312476,31168.243122,39498.433866,68503.225718,196748.773766,249332.899463,0.000000,1,0.0120,1.8000,4,7372800
90,4,0,normal_var4,omp_for,gpu_warp32,128,32,16.766290,13995.697039,22402.156346,53203.354586,234656.112014,375603.431307,0.000000,1,0.0120,1.8000,4,163840
90,4,0,exact,omp_for,gpu_scalar,128,1,0.464488,10.186586,13.683179,325.711324,4.731478,6.355590,0.000000,1,0.0120,1.8000,4,11059200
90,4,0,exact,omp_collapse2,cpu_scalar,64,1,6.097404,729.890703,819.692900,2034.222275,4450.438637,4997.999500,0.000000,1,0.0120,1.8000,4,11059200
90,1,0,normal_var4,omp_for,gpu_warp32,128,32,80.856641,32.602736,32.794663,3052.679242,2636.147731,2651.666243,0.000000,1,0.0120,1.8000,4,230400
90,1,0,normal_var1,omp_collapse2,gpu_scalar,128,1,2.584815,989.020468,997.830863,2206.443162,2556.434668,2579.207907,0.000000,1,0.0120,1.8000,4,7372800
90,1,0,exact,omp_collapse2,gpu_warp32,128,32,20.005231,8.373708,9.134669,813.930786,167.517968,182.741212,0.000000,1,0.0120,1.8000,4,345600
90,2,0,normal_var4,omp_for,gpu_scalar,128,1,2.632434,971.903058,971.936096,2141.940088,2558.470734,2558.557705,0.000000,1,0.0120,1.8000,4,7372800
90,2,0,normal_var1,omp_collapse2,gpu_scalar,128,1,2.584815,988.509871,997.321063,2179.311391,2555.114869,2577.890168,0.000000,1,0.0120,1.8000,4,7372800
90,3,0,uniform,omp_for,cpu_avx512,64,8,7.397657,10988.605055,17572.180668,183773.873668,81289.940271,129992.868749,0.000000,1,0.0120,1.8000,4,901120
90,3,0,normal_var4,omp_for,cpu_scalar,64,1,0.896909,1056.283393,1690.478906,45038.676700,947.390620,1516.214685,0.000000,1,0.0120,1.8000,4,7372800
90,3,0,normal_var4,omp_collapse2,gpu_scalar,128,1,6.783777,29091.204116,36864.861895,64151.936882,197348.237004,250082.995458,0.000000,1,0.0120,1.8000,4,7372800
90,4,0,normal_var1,omp_for,cpu_avx512,64,8,7.251012,5772.284993,9230.098164,94153.795519,41854.891303,66927.504534,0.000000,1,0.0120,1.8000,4,901120
90,4,0,normal_var4,omp_for,cpu_avx512,64,8,7.259949,5708.017899,9137.452222,93850.642005,41439.932618,66337.865968,0.000000,1,0.0120,1.8000,4,901120
90,4,0,sequential,omp_for,gpu_warp32,128,32,14.781244,15759.826141,25206.775610,60171.782485,232949.823584,372587.740949,0.000000,1,0.0120,1.8000,4,163840
90,4,0,uniform,omp_collapse2,cpu_avx512,64,8,60.992969,15078.198227,16970.007441,334878.028953,919664.073297,1035051.133585,0.000000,1,0.0120,1.8000,4,921600
90,4,0,exact,omp_collapse2,cpu_avx512,64,8,40.891547,484.603021,546.321070,4831.517154,19816.166940,22339.914268,0.000000,1,0.0120,1.8000,4,1382400
90,1,0,normal_var4,omp_for,gpu_scalar,128,1,2.632434,972.403141,972.430738,2168.927686,2559.787170,2559.859817,0.000000,1,0.0120,1.8000,4,7372800
90,1,0,uniform,omp_collapse2,cpu_avx512,64,8,39.927930,256.121749,258.523547,5930.285169,10226.411169,10322.310015,0.000000,1,0.0120,1.8000,4,921600
90,1,0,sequential,omp_collapse2,gpu_warp32,128,32,80.851189,32.870739,33.357708,3052.360001,2657.638308,2697.010396,0.000000,1,0.0120,1.8000,4,230400
90,2,0,sequential,omp_for,cpu_scalar,64,1,3.124744,1834.837976,1834.908031,4028.743289,5733.398318,5733.617222,0.000000,1,0.0120,1.8000,4,7372800
90,2,0,normal_var4,omp_collapse2,cpu_scalar,64,1,3.267627,1757.686786,1773.360425,3872.995303,5743.465195,5794.680804,0.000000,1,0.0120,1.8000,4,7372800
90,3,0,uniform,omp_for,gpu_warp32,128,32,17.218909,27068.932104,43289.292199,103412.530671,466097.580013,745393.735722,0.000000,1,0.0120,1.8000,4,163840
90,3,0,normal_var4,omp_for,gpu_scalar,128,1,0.467655,583.153074,933.412252,15525.518933,272.714863,436.519601,0.000000,1,0.0120,1.8000,4,7372800
90,3,0,normal_var4,omp_collapse2,cpu_scalar,64,1,7.096277,56618.203963,63726.309093,124878.484497,401778.450036,452219.531540,0.000000,1,0.0120,1.8000,4,7372800
90,4,0,uniform,omp_for,cpu_avx512,64,8,7.397657,10969.001069,17541.176531,183725.619850,81144.916610,129763.511023,0.000000,1,0.0120,1.8000,4,901120
90,4,0,normal_var4,omp_for,cpu_scalar,64,1,0.896909,1054.847772,1688.148886,45034.403280,946.103012,1514.124871,0.000000,1,0.0120,1.8000,4,7372800
90,4,0,uniform,omp_collapse2,gpu_warp32,128,32,233.891797,2076.620618,2630.533212,185263.501412,485704.527804,615260.139473,0.000000,1,0.0120,1.8000,4,230400
90,1,0,sequential,omp_for,gpu_warp32,128,32,80.851172,32.848824,33.041903,3052.327809,2655.865918,2671.476555,0.000000,1,0.0120,1.8000,4,230400
90,1,0,normal_var1,omp_collapse2,cpu_avx512,64,8,24.962016,205.683227,207.710827,4948.235608,5134.268015,5184.881006,0.000000,1,0.0120,1.8000,4,921600
90,1,0,sequential,omp_collapse2,gpu_scalar,128,1,2.561829,993.171553,1002.024525,2207.964133,2544.335572,2567.015372,0.000000,1,0.0120,1.8000,4,7372800
90,2,0,normal_var4,omp_for,gpu_warp32,128,32,80.856641,32.695672,32.943345,2926.202999,2643.662190,2663.688184,0.000000,1,0.0120,1.8000,4,230400
90,2,0,normal_var4,omp_collapse2,gpu_scalar,128,1,2.632434,971.903961,980.573982,2141.941274,2558.473374,2581.296636,0.000000,1,0.0120,1.8000,4,7372800
90,3,0,normal_var1,omp_for,cpu_scalar,64,1,0.895210,1112.795995,1779.300860,45064.581752,996.184844,1592.844879,0.000000,1,0.0120,1.8000,4,7372800
90,3,0,normal_var1,omp_collapse2,cpu_scalar,64,1,6.923684,58203.952125,65516.226650,128473.054125,402985.753299,453613.628870,0.000000,1,0.0120,1.8000,4,7372800
90,3,0,exact,omp_collapse2,gpu_warp32,128,32,146.230312,375.454625,474.757998,4564.241211,54902.847038,69424.010560,0.000000,1,0.0120,1.8000,4,345600
90,4,0,sequential,omp_collapse2,cpu_avx512,64,8,52.998340,8713.968401,9807.907433,192924.903416,461825.858719,519802.811300,0.000000,1,0.0120,1.8000,4,921600
90,1,0,normal_var4,omp_for,cpu_avx512,64,8,24.966016,205.202007,205.398123,4949.007859,5123.076510,5127.972759,0.000000,1,0.0120,1.8000,4,921600
90,1,0,exact,omp_for,gpu_scalar,128,1,1.011410,21.408071,21.440519,76.867057,21.652327,21.685145,0.000000,1,0.0120,1.8000,4,11059200
90,2,0,uniform,omp_for,gpu_scalar,128,1,4.497852,1023.145366,1023.175913,2248.404169,4601.955983,4602.093379,0.000000,1,0.0120,1.8000,4,7372800
90,2,0,uniform,omp_collapse2,cpu_scalar,64,1,4.998914,1955.808142,1973.254783,4299.736473,9776.915868,9864.130118,0.000000,1,0.0120,1.8000,4,7372800
90,2,0,sequential,omp_collapse2,gpu_warp32,128,32,80.851189,32.966107,33.510297,2925.882904,2665.348926,2709.347393,0.000000,1,0.0120,1.8000,4,230400
90,3,0,exact,omp_for,cpu_scalar,64,1,0.901681,17.736746,23.869101,985.057419,15.992856,21.522333,0.000000,1,0.0120,1.8000,4,11059200
90,3,0,exact,omp_collapse2,gpu_scalar,128,1,5.784904,373.726691,474.961799,1082.801647,2161.973100,2747.608540,0.000000,1,0.0120,1.8000,4,11059200
90,4,0,normal_var1,omp_collapse2,gpu_scalar,128,1,6.611183,29889.484216,37880.515491,65933.995232,197604.845856,250435.014919,0.000000,1,0.0120,1.8000,4,7372800
90,1,0,normal_var1,omp_for,gpu_scalar,128,1,2.584814,989.019920,989.047604,2206.442307,2556.432985,2556.504542,0.000000,1,0.0120,1.8000,4,7372800
90,1,0,uniform,omp_collapse2,gpu_warp32,128,32,141.650417,36.947496,37.392011,3410.087095,5233.628182,5296.593918,0.000000,1,0.0120,1.8000,4,230400
90,2,0,sequential,omp_for,gpu_scalar,128,1,2.561829,992.660093,992.695118,2180.117378,2543.025031,2543.114758,0.000000,1,0.0120,1.8000,4,7372800
90,2,0,normal_var4,omp_collapse2,cpu_avx512,64,8,24.966020,203.933511,205.970138,4539.808484,5091.408098,5142.254581,0.000000,1,0.0120,1.8000,4,921600
90,3,0,uniform,omp_for,gpu_scalar,128,1,0.479835,994.578991,1590.626795,30418.664143,477.233372,763.240105,0.000000,1,0.0120,1.8000,4,7372800
90,3,0,normal_var1,omp_collapse2,gpu_warp32,128,32,198.907895,1304.167635,1651.682662,109230.749700,259409.238953,328532.722011,0.000000,1,0.0120,1.8000,4,230400
90,4,0,exact,omp_for,cpu_avx512,64,8,7.315813,70.879592,95.568270,1935.968438,518.552133,699.169790,0.000000,1,0.0120,1.8000,4,1351680
90,4,0,normal_var4,omp_collapse2,gpu_scalar,128,1,6.783777,29057.367616,36821.923174,64053.754929,197118.697738,249791.708719,0.000000,1,0.0120,1.8000,4,7372800
90,1,0,uniform,omp_for,gpu_scalar,128,1,4.497852,1023.767144,1023.792376,2272.695994,4604.752649,4604.866139,0.000000,1,0.0120,1.8000,4,7372800
90,1,0,normal_var1,omp_collapse2,gpu_warp32,128,32,80.873455,32.727621,33.211105,3052.631166,2646.795782,2685.896806,0.000000,1,0.0120,1.8000,4,230400
90,2,0,uniform,omp_for,gpu_warp32,128,32,141.650391,36.981133,37.125902,3337.869960,5238.391980,5258.898496,0.000000,1,0.0120,1.8000,4,230400
90,2,0,sequential,omp_collapse2,cpu_avx512,64,8,24.969533,204.600851,206.651145,4539.585266,5108.787791,5159.982672,0.000000,1,0.0120,1.8000,4,921600
90,3,0,normal_var1,omp_for,cpu_avx512,64,8,7.251012,5782.498915,9246.315217,94183.932291,41928.952707,67045.094603,0.000000,1,0.0120,1.8000,4,901120
90,3,0,sequential,omp_for,cpu_scalar,64,1,0.773611,1587.365188,2539.431215,49315.406500,1228.003779,1964.532910,0.000000,1,0.0120,1.8000,4,7372800
90,3,0,sequential,omp_collapse2,cpu_scalar,64,1,6.624976,60602.771496,68213.702682,133228.803123,401491.881600,451914.114898,0.000000,1,0.0120,1.8000,4,7372800
90,4,0,normal_var1,omp_for,cpu_scalar,64,1,0.895210,1111.291735,1776.910020,45060.156116,994.838216,1590.704581,0.000000,1,0.0120,1.8000,4,7372800
90,4,0,exact,omp_for,cpu_scalar,64,1,0.901681,17.712569,23.839534,983.317011,15.971057,21.495674,0.000000,1,0.0120,1.8000,4,11059200
90,4,0,sequential,omp_collapse2,gpu_scalar,128,1,6.312476,31133.644310,39454.680105,68398.338099,196530.369611,249056.704916,0.000000,1,0.0120,1.8000,4,7372800
90,1,0,uniform,omp_for,cpu_avx512,64,8,39.927930,256.110766,256.240482,5930.268995,10225.972653,10231.151932,0.000000,1,0.0120,1.8000,4,921600
90,1,0,exact,omp_for,gpu_warp32,128,32,20.005208,8.353563,9.067301,813.911738,167.114772,181.393238,0.000000,1,0.0120,1.8000,4,345600
90,1,0,sequential,omp_collapse2,cpu_scalar,64,1,3.124744,1837.002557,1853.369289,4140.228244,5740.162579,5791.304423,0.000000,1,0.0120,1.8000,4,7372800
90,2,0,normal_var1,omp_for,cpu_avx512,64,8,24.962012,204.437792,204.664148,4538.778822,5103.178553,5108.828868,0.000000,1,0.0120,1.8000,4,921600
90,2,0,sequential,omp_for,cpu_avx512,64,8,24.969531,204.588943,204.819283,4539.568905,5108.490016,5114.241489,0.000000,1,0.0120,1.8000,4,921600
90,2,0,normal_var1,omp_collapse2,cpu_avx512,64,8,24.962016,204.448765,206.496213,4538.793919,5103.453366,5154.561793,0.000000,1,0.0120,1.8000,4,921600
90,2,0,exact,omp_collapse2,cpu_scalar,64,1,1.802434,39.050035,39.284352,66.621167,70.385092,70.807440,0.000000,1,0.0120,1.8000,4,11059200
90,3,0,uniform,omp_collapse2,cpu_avx512,64,8,60.992969,15092.341809,16985.930856,335399.930719,920526.732368,1036022.349905,0.000000,1,0.0120,1.8000,4,921600
90,3,0,exact,omp_collapse2,cpu_scalar,64,1,6.097404,731.793558,821.829854,2191.106943,4462.041110,5011.029371,0.000000,1,0.0120,1.8000,4,11059200
90,4,0,uniform,omp_collapse2,gpu_scalar,128,1,7.312427,53453.179835,67738.932654,117509.847918,390872.462520,495335.983691,0.000000,1,0.0120,1.8000,4,7372800
90,4,0,exact,omp_collapse2,gpu_scalar,128,1,5.784904,374.019931,475.323052,1043.361135,2163.669468,2749.698356,0.000000,1,0.0120,1.8000,4,11059200
90,1,0,normal_var4,omp_for,cpu_scalar,64,1,3.267627,1759.675417,1759.730633,3981.067132,5749.962821,5750.143247,0.000000,1,0.0120,1.8000,4,7372800
90,1,0,uniform,omp_collapse2,gpu_scalar,128,1,4.497852,1023.767818,1032.884813,2272.696614,4604.755679,4645.762572,0.000000,1,0.0120,1.8000,4,7372800
90,2,0,uniform,omp_for,cpu_avx512,64,8,39.927930,255.546216,255.694813,5671.869044,10203.431364,10209.364531,0.000000,1,0.0120,1.8000,4,921600
90,2,0,exact,omp_for,gpu_scalar,128,1,1.011410,21.417252,21.455863,30.746415,21.661612,21.700664,0.000000,1,0.0120,1.8000,4,11059200
90,2,0,exact,omp_collapse2,gpu_scalar,128,1,1.011410,21.418074,21.541659,30.747246,21.662448,21.787449,0.000000,1,0.0120,1.8000,4,11059200
90,3,0,normal_var1,omp_collapse2,cpu_avx512,64,8,52.232650,8844.353603,9954.960966,196204.300087,461964.023803,519973.989258,0.000000,1,0.0120,1.8000,4,921600
90,3,0,exact,omp_collapse2,cpu_avx512,64,8,40.891547,484.886884,546.708560,5182.342522,19827.774551,22355.759337,0.000000,1,0.0120,1.8000,4,1382400
90,4,0,sequential,omp_for,cpu_avx512,64,8,6.284090,6942.091951,11104.029222,108146.746238,43624.737371,69778.666253,0.000000,1,0.0120,1.8000,4,901120
90,4,0,uniform,omp_collapse2,cpu_scalar,64,1,7.624927,104010.797857,117069.835712,228692.247289,793074.715681,892648.922862,0.000000,1,0.0120,1.8000,4,7372800
90,4,0,sequential,omp_collapse2,gpu_warp32,128,32,201.962565,1288.102202,1631.394326,107493.064860,260148.424906,329480.582822,0.000000,1,0.0120,1.8000,4,230400
90,1,0,normal_var1,omp_for,cpu_scalar,64,1,3.169592,1825.237732,1825.293116,4128.737532,5785.259433,5785.434979,0.000000,1,0.0120,1.8000,4,7372800
90,1,0,normal_var4,omp_collapse2,cpu_scalar,64,1,3.267627,1759.676767,1775.358221,3981.068908,5749.967713,5801.208858,0.000000,1,0.0120,1.8000,4,7372800
90,2,0,normal_var1,omp_for,cpu_scalar,64,1,3.169592,1823.210813,1823.277089,4020.114882,5778.834926,5779.044994,0.000000,1,0.0120,1.8000,4,7372800
90,2,0,exact,omp_for,cpu_avx512,64,8,10.509440,13.401787,13.899214,48.381338,140.845274,146.072954,0.000000,1,0.0120,1.8000,4,1382400
90,2,0,normal_var1,omp_collapse2,gpu_warp32,128,32,80.873455,32.822143,33.362340,2926.180395,2654.440095,2698.127711,0.000000,1,0.0120,1.8000,4,230400
90,3,0,normal_var1,omp_for,gpu_scalar,128,1,0.465594,623.095158,996.410333,15768.756111,290.108921,463.921315,0.000000,1,0.0120,1.8000,4,7372800
90,3,0,normal_var1,omp_collapse2,gpu_scalar,128,1,6.611183,29924.757422,37925.324956,66036.355411,197838.043468,250731.258480,0.000000,1,0.0120,1.8000,4,7372800
90,4,0,uniform,omp_for,cpu_scalar,64,1,0.915274,1841.893624,2945.774631,89051.802446,1685.837071,2696.190490,0.000000,1,0.0120,1.8000,4,7372800
90,4,0,sequential,omp_for,cpu_scalar,64,1,0.773611,1585.177840,2535.949048,49309.355951,1226.311622,1961.839067,0.000000,1,0.0120,1.8000,4,7372800
90,4,0,normal_var4,omp_collapse2,gpu_warp32,128,32,198.246194,1301.504028,1648.419401,109544.462322,258018.219455,326792.872103,0.000000,1,0.0120,1.8000,4,230400
90,0,8,normal_var1,omp_for,gpu_scalar,128,1,10.836127,106.973815,171.201393,117317.960337,1159.179000,1855.150915,0.019531,1,0.0120,1.8000,4,921600
90,0,8,exact,omp_for,cpu_scalar,64,1,9.650412,10.154089,14.379747,10738.016490,98.004710,138.760705,0.019531,1,0.0120,1.8000,4,1382400
90,0,8,sequential,omp_collapse2,gpu_scalar,128,1,10.523188,109.996780,175.926116,120793.178101,1157.517062,1851.303154,0.019531,1,0.0120,1.8000,4,921600
90,0,16,normal_var4,omp_for,cpu_avx512,64,8,41.857986,99.933313,159.649610,506509.723856,4183.006480,6682.614885,0.039062,1,0.0120,1.8000,4,460800
90,0,16,uniform,omp_collapse2,gpu_warp32,128,32,66.857899,72.109968,115.438604,316195.175790,4821.122268,7717.986334,0.039062,1,0.0120,1.8000,4,460800
90,0,32,uniform,omp_for,cpu_avx512,64,8,139.825347,67.583060,108.038040,617706.441986,9449.822110,15106.447453,0.078125,1,0.0120,1.8000,4,230400
90,0,32,normal_var4,omp_collapse2,cpu_avx512,64,8,81.819097,53.715198,85.663151,528300.945066,4394.928738,7008.883247,0.078125,1,0.0120,1.8000,4,230400
90,0,64,uniform,omp_for,cpu_scalar,64,1,278.899132,39.458954,62.918784,623982.612100,11005.072255,17547.999921,0.156250,1,0.0120,1.8000,4,115200
90,0,64,sequential,omp_collapse2,cpu_avx512,64,8,160.728819,32.381379,51.199753,542051.037840,5204.620490,8229.274577,0.156250,1,0.0120,1.8000,4,115200
90,0,128,normal_var1,omp_for,cpu_scalar,64,1,319.592014,25.973717,40.459349,545173.402510,8300.994953,12930.488650,0.312500,1,0.0120,1.8000,4,57600
90,0,128,exact,omp_for,cpu_avx512,64,8,82.390972,17.710876,23.650474,22473.691861,1459.189898,1948.701872,0.312500,1,0.0120,1.8000,4,86400
90,0,128,normal_var4,omp_collapse2,gpu_scalar,128,1,284.086632,14.672550,23.126333,302428.415886,4168.276182,6569.885005,0.312500,1,0.0120,1.8000,4,57600
90,0,8,uniform,omp_for,cpu_avx512,64,8,35.032509,255.418537,408.749560,579894.614996,8947.952247,14319.523404,0.019531,1,0.0120,1.8000,4,921600
90,0,8,normal_var4,omp_collapse2,gpu_warp32,128,32,10.920405,106.004598,169.605375,116432.582724,1157.613895,1852.164125,0.019531,1,0.0120,1.8000,4,921600
90,0,16,normal_var1,omp_for,cpu_avx512,64,8,41.684744,100.750837,161.056066,508523.385716,4199.773396,6713.581162,0.039062,1,0.0120,1.8000,4,460800
90,0,16,exact,omp_for,gpu_scalar,128,1,9.527821,7.654205,10.941406,7445.177486,72.918043,104.217593,0.039062,1,0.0120,1.8000,4,691200
90,0,16,sequential,omp_collapse2,cpu_avx512,64,8,41.070681,101.784445,162.563550,516244.249628,4180.358139,6676.596720,0.039062,1,0.0120,1.8000,4,460800
90,0,32,normal_var4,omp_for,cpu_avx512,64,8,81.819097,53.715198,85.663151,528300.945066,4394.928738,7008.883247,0.078125,1,0.0120,1.8000,4,230400
90,0,32,uniform,omp_collapse2,gpu_scalar,128,1,133.313455,37.373693,59.774917,322870.287951,4982.414610,7968.795611,0.078125,1,0.0120,1.8000,4,230400
90,0,64,normal_var4,omp_for,gpu_scalar,128,1,144.483941,19.147365,30.422840,299466.779531,2766.486140,4395.611480,0.156250,1,0.0120,1.8000,4,115200
90,0,64,uniform,omp_collapse2,cpu_avx512,64,8,278.899132,39.458954,62.918784,623982.612100,11005.072255,17547.999921,0.156250,1,0.0120,1.8000,4,115200
90,0,128,sequential,omp_for,gpu_warp32,128,32,283.296007,14.672189,23.151783,303284.906272,4156.574907,6558.813779,0.312500,1,0.0120,1.8000,4,57600
90,0,128,normal_var1,omp_collapse2,gpu_scalar,128,1,284.014757,14.640605,23.078654,302728.890682,4158.148375,6554.680692,0.312500,1,0.0120,1.8000,4,57600
90,0,128,exact,omp_collapse2,cpu_scalar,64,1,82.390972,17.710876,23.650474,22473.691861,1459.189898,1948.701872,0.312500,1,0.0120,1.8000,4,86400
90,0,8,uniform,omp_for,gpu_scalar,128,1,17.516254,136.782395,218.899723,144981.034891,2395.915254,3834.303480,0.019531,1,0.0120,1.8000,4,921600
90,0,8,normal_var4,omp_collapse2,cpu_scalar,64,1,21.840809,190.241904,304.341837,465706.206167,4155.040826,6647.090786,0.019531,1,0.0120,1.8000,4,921600
90,0,16,uniform,omp_for,gpu_scalar,128,1,66.857899,72.109968,115.438604,316195.175790,4821.122268,7717.986334,0.039062,1,0.0120,1.8000,4,460800
90,0,16,normal_var1,omp_collapse2,cpu_avx512,64,8,41.684744,100.750837,161.056066,508523.385716,4199.773396,6713.581162,0.039062,1,0.0120,1.8000,4,460800
90,0,16,exact,omp_collapse2,cpu_scalar,64,1,15.223351,10.339678,14.866886,12909.329847,157.377306,226.312318,0.039062,1,0.0120,1.8000,4,691200
90,0,32,normal_var4,omp_for,gpu_warp32,128,32,73.500564,32.311158,51.610570,292986.989282,2374.888065,3793.406827,0.078125,1,0.0120,1.8000,4,230400
90,0,32,uniform,omp_collapse2,gpu_warp32,128,32,133.313455,37.373693,59.774917,322870.287951,4982.414610,7968.795611,0.078125,1,0.0120,1.8000,4,230400
90,0,64,normal_var4,omp_for,gpu_warp32,128,32,144.483941,19.147365,30.422840,299466.779531,2766.486140,4395.611480,0.156250,1,0.0120,1.8000,4,115200
90,0,64,uniform,omp_collapse2,gpu_scalar,128,1,265.099566,21.581674,34.474533,326147.316911,5721.296719,9139.188404,0.156250,1,0.0120,1.8000,4,115200
90,0,128,sequential,omp_for,cpu_scalar,64,1,318.898264,26.020503,40.570363,545946.668012,8297.894383,12937.821793,0.312500,1,0.0120,1.8000,4,57600
90,0,128,normal_var1,omp_collapse2,cpu_avx512,64,8,319.592014,25.973717,40.459349,545173.402510,8300.994953,12930.488650,0.312500,1,0.0120,1.8000,4,57600
90,0,128,exact,omp_collapse2,cpu_avx512,64,8,82.390972,17.710876,23.650474,22473.691861,1459.189898,1948.701872,0.312500,1,0.0120,1.8000,4,86400
90,0,8,uniform,omp_for,cpu_scalar,64,1,35.032509,255.418537,408.749560,579894.614996,8947.952247,14319.523404,0.019531,1,0.0120,1.8000,4,921600
90,0,8,normal_var4,omp_collapse2,gpu_scalar,128,1,10.920405,106.004598,169.605375,116432.582724,1157.613895,1852.164125,0.019531,1,0.0120,1.8000,4,921600
90,0,16,normal_var1,omp_for,gpu_scalar,128,1,37.579188,60.855216,97.328586,281507.563131,2286.890173,3657.529709,0.039062,1,0.0120,1.8000,4,460800
90,0,16,exact,omp_for,cpu_avx512,64,8,15.223351,10.339678,14.866886,12909.329847,157.377306,226.312318,0.039062,1,0.0120,1.8000,4,691200
90,0,16,sequential,omp_collapse2,cpu_scalar,64,1,41.070681,101.784445,162.563550,516244.249628,4180.358139,6676.596720,0.039062,1,0.0120,1.8000,4,460800
90,0,32,normal_var4,omp_for,gpu_scalar,128,1,73.500564,32.311158,51.610570,292986.989282,2374.888065,3793.406827,0.078125,1,0.0120,1.8000,4,230400
90,0,32,uniform,omp_collapse2,cpu_scalar,64,1,139.825347,67.583060,108.038040,617706.441986,9449.822110,15106.447453,0.078125,1,0.0120,1.8000,4,230400
90,0,64,normal_var4,omp_for,cpu_scalar,64,1,161.513194,32.475100,51.344161,539436.679370,5245.156465,8292.758597,0.156250,1,0.0120,1.8000,4,115200
90,0,64,uniform,omp_collapse2,cpu_scalar,64,1,278.899132,39.458954,62.918784,623982.612100,11005.072255,17547.999921,0.156250,1,0.0120,1.8000,4,115200
90,0,128,sequential,omp_for,cpu_avx512,64,8,318.898264,26.020503,40.570363,545946.668012,8297.894383,12937.821793,0.312500,1,0.0120,1.8000,4,57600
90,0,128,normal_var1,omp_collapse2,gpu_warp32,128,32,284.014757,14.640605,23.078654,302728.890682,4158.148375,6554.680692,0.312500,1,0.0120,1.8000,4,57600
90,0,128,exact,omp_collapse2,gpu_warp32,128,32,44.469444,10.137847,13.765085,12234.516949,450.811419,612.119799,0.312500,1,0.0120,1.8000,4,86400
90,0,8,uniform,omp_for,gpu_warp32,128,32,17.516254,136.782395,218.899723,144981.034891,2395.915254,3834.303480,0.019531,1,0.0120,1.8000,4,921600
90,0,8,normal_var4,omp_collapse2,cpu_avx512,64,8,21.840809,190.241904,304.341837,465706.206167,4155.040826,6647.090786,0.019531,1,0.0120,1.8000,4,921600
90,0,16,uniform,omp_for,gpu_warp32,128,32,66.857899,72.109968,115.438604,316195.175790,4821.122268,7717.986334,0.039062,1,0.0120,1.8000,4,460800
90,0,16,normal_var1,omp_collapse2,cpu_scalar,64,1,41.684744,100.750837,161.056066,508523.385716,4199.773396,6713.581162,0.039062,1,0.0120,1.8000,4,460800
90,0,16,exact,omp_collapse2,cpu_avx512,64,8,15.223351,10.339678,14.866886,12909.329847,157.377306,226.312318,0.039062,1,0.0120,1.8000,4,691200
90,0,32,sequential,omp_for,cpu_avx512,64,8,81.040191,54.413339,86.712300,533271.685617,4409.666431,7027.178898,0.078125,1,0.0120,1.8000,4,230400
90,0,32,normal_var1,omp_collapse2,cpu_scalar,64,1,81.656988,53.981088,85.951245,529427.844734,4407.934117,7018.518949,0.078125,1,0.0120,1.8000,4,230400
90,0,32,exact,omp_collapse2,cpu_scalar,64,1,25.456597,10.288860,14.503943,15701.361149,261.888129,369.203827,0.078125,1,0.0120,1.8000,4,345600
90,0,64,sequential,omp_for,cpu_scalar,64,1,160.728819,32.381379,51.199753,542051.037840,5204.620490,8229.274577,0.156250,1,0.0120,1.8000,4,115200
90,0,64,normal_var1,omp_collapse2,cpu_scalar,64,1,161.342101,32.302986,51.098626,540129.052202,5211.832706,8244.357902,0.156250,1,0.0120,1.8000,4,115200
90,0,64,exact,omp_collapse2,cpu_scalar,64,1,44.856424,13.277123,18.259985,18286.942284,595.496831,819.049989,0.156250,1,0.0120,1.8000,4,172800
90,0,128,normal_var1,omp_for,gpu_scalar,128,1,284.014757,14.640605,23.078654,302728.890682,4158.148375,6554.680692,0.312500,1,0.0120,1.8000,4,57600
90,0,128,exact,omp_for,gpu_scalar,128,1,44.469444,10.137847,13.765085,12234.516949,450.811419,612.119799,0.312500,1,0.0120,1.8000,4,86400
90,0,128,normal_var4,omp_collapse2,cpu_avx512,64,8,319.698264,26.026878,40.536629,544581.201060,8320.747122,12959.491099,0.312500,1,0.0120,1.8000,4,57600
90,0,8,normal_var4,omp_for,gpu_scalar,128,1,10.920405,106.004598,169.605375,116432.582724,1157.613895,1852.164125,0.019531,1,0.0120,1.8000,4,921600
90,0,8,exact,omp_for,gpu_warp32,128,32,4.825206,6.385839,9.025563,2685.580159,30.817534,43.547881,0.019531,1,0.0120,1.8000,4,1382400
90,0,8,sequential,omp_collapse2,gpu_warp32,128,32,10.523188,109.996780,175.926116,120793.178101,1157.517062,1851.303154,0.019531,1,0.0120,1.8000,4,921600
90,0,16,normal_var4,omp_for,cpu_scalar,64,1,41.857986,99.933313,159.649610,506509.723856,4183.006480,6682.614885,0.039062,1,0.0120,1.8000,4,460800
90,0,16,uniform,omp_collapse2,gpu_scalar,128,1,66.857899,72.109968,115.438604,316195.175790,4821.122268,7717.986334,0.039062,1,0.0120,1.8000,4,460800
90,0,32,normal_var1,omp_for,gpu_scalar,128,1,73.351736,32.482344,51.805353,293671.232722,2382.637594,3800.013616,0.078125,1,0.0120,1.8000,4,230400
90,0,32,exact,omp_for,cpu_avx512,64,8,25.456597,10.288860,14.503943,15701.361149,261.888129,369.203827,0.078125,1,0.0120,1.8000,4,345600
90,0,32,sequential,omp_collapse2,cpu_avx512,64,8,81.040191,54.413339,86.712300,533271.685617,4409.666431,7027.178898,0.078125,1,0.0120,1.8000,4,230400
90,0,64,uniform,omp_for,gpu_warp32,128,32,265.099566,21.581674,34.474533,326147.316911,5721.296719,9139.188404,0.156250,1,0.0120,1.8000,4,115200
90,0,64,sequential,omp_collapse2,gpu_scalar,128,1,143.729253,19.106591,30.363699,301102.633604,2746.178766,4364.156453,0.156250,1,0.0120,1.8000,4,115200
90,0,128,normal_var1,omp_for,gpu_warp32,128,32,284.014757,14.640605,23.078654,302728.890682,4158.148375,6554.680692,0.312500,1,0.0120,1.8000,4,57600
90,0,128,exact,omp_for,cpu_scalar,64,1,82.390972,17.710876,23.650474,22473.691861,1459.189898,1948.701872,0.312500,1,0.0120,1.8000,4,86400
90,0,128,normal_var4,omp_collapse2,cpu_scalar,64,1,319.698264,26.026878,40.536629,544581.201060,8320.747122,12959.491099,0.312500,1,0.0120,1.8000,4,57600
90,0,8,sequential,omp_for,gpu_scalar,128,1,10.523188,109.996780,175.926116,120793.178101,1157.517062,1851.303154,0.019531,1,0.0120,1.8000,4,921600
90,0,8,uniform,omp_collapse2,cpu_avx512,64,8,35.032509,255.418537,408.749560,579894.614996,8947.952247,14319.523404,0.019531,1,0.0120,1.8000,4,921600
90,0,16,normal_var1,omp_for,cpu_scalar,64,1,41.684744,100.750837,161.056066,508523.385716,4199.773396,6713.581162,0.039062,1,0.0120,1.8000,4,460800
90,0,16,exact,omp_for,cpu_scalar,64,1,15.223351,10.339678,14.866886,12909.329847,157.377306,226.312318,0.039062,1,0.0120,1.8000,4,691200
90,0,16,normal_var4,omp_collapse2,gpu_warp32,128,32,37.749501,60.308567,96.385225,280266.531705,2276.617757,3638.496230,0.039062,1,0.0120,1.8000,4,460800
90,0,32,normal_var1,omp_for,gpu_warp32,128,32,73.351736,32.482344,51.805353,293671.232722,2382.637594,3800.013616,0.078125,1,0.0120,1.8000,4,230400
90,0,32,uniform,omp_collapse2,cpu_avx512,64,8,139.825347,67.583060,108.038040,617706.441986,9449.822110,15106.447453,0.078125,1,0.0120,1.8000,4,230400
90,0,64,normal_var4,omp_for,cpu_avx512,64,8,161.513194,32.475100,51.344161,539436.679370,5245.156465,8292.758597,0.156250,1,0.0120,1.8000,4,115200
90,0,64,uniform,omp_collapse2,gpu_warp32,128,32,265.099566,21.581674,34.474533,326147.316911,5721.296719,9139.188404,0.156250,1,0.0120,1.8000,4,115200
90,0,128,sequential,omp_for,gpu_scalar,128,1,283.296007,14.672189,23.151783,303284.906272,4156.574907,6558.813779,0.312500,1,0.0120,1.8000,4,57600
90,0,128,normal_var1,omp_collapse2,cpu_scalar,64,1,319.592014,25.973717,40.459349,545173.402510,8300.994953,12930.488650,0.312500,1,0.0120,1.8000,4,57600
90,0,128,exact,omp_collapse2,gpu_scalar,128,1,44.469444,10.137847,13.765085,12234.516949,450.811419,612.119799,0.312500,1,0.0120,1.8000,4,86400
90,0,8,normal_var1,omp_for,gpu_warp32,128,32,10.836127,106.973815,171.201393,117317.960337,1159.179000,1855.150915,0.019531,1,0.0120,1.8000,4,921600
90,0,8,uniform,omp_collapse2,cpu_scalar,64,1,35.032509,255.418537,408.749560,579894.614996,8947.952247,14319.523404,0.019531,1,0.0120,1.8000,4,921600
90,0,16,normal_var1,omp_for,gpu_warp32,128,32,37.579188,60.855216,97.328586,281507.563131,2286.890173,3657.529709,0.039062,1,0.0120,1.8000,4,460800
90,0,16,exact,omp_for,gpu_warp32,128,32,9.527821,7.654205,10.941406,7445.177486,72.918043,104.217593,0.039062,1,0.0120,1.8000,4,691200
90,0,16,sequential,omp_collapse2,gpu_warp32,128,32,36.974306,61.631630,98.481099,286253.230967,2278.786038,3641.268951,0.039062,1,0.0120,1.8000,4,460800
90,0,32,sequential,omp_for,cpu_scalar,64,1,81.040191,54.413339,86.712300,533271.685617,4409.666431,7027.178898,0.078125,1,0.0120,1.8000,4,230400
90,0,32,normal_var1,omp_collapse2,cpu_avx512,64,8,81.656988,53.981088,85.951245,529427.844734,4407.934117,7018.518949,0.078125,1,0.0120,1.8000,4,230400
90,0,32,exact,omp_collapse2,cpu_avx512,64,8,25.456597,10.288860,14.503943,15701.361149,261.888129,369.203827,0.078125,1,0.0120,1.8000,4,345600
90,0,64,sequential,omp_for,cpu_avx512,64,8,160.728819,32.381379,51.199753,542051.037840,5204.620490,8229.274577,0.156250,1,0.0120,1.8000,4,115200
90,0,64,normal_var1,omp_collapse2,cpu_avx512,64,8,161.342101,32.302986,51.098626,540129.052202,5211.832706,8244.357902,0.156250,1,0.0120,1.8000,4,115200
90,0,64,exact,omp_collapse2,cpu_avx512,64,8,44.856424,13.277123,18.259985,18286.942284,595.496831,819.049989,0.156250,1,0.0120,1.8000,4,172800
90,0,128,normal_var1,omp_for,cpu_avx512,64,8,319.592014,25.973717,40.459349,545173.402510,8300.994953,12930.488650,0.312500,1,0.0120,1.8000,4,57600
90,0,128,exact,omp_for,gpu_warp32,128,32,44.469444,10.137847,13.765085,12234.516949,450.811419,612.119799,0.312500,1,0.0120,1.8000,4,86400
90,0,128,normal_var4,omp_collapse2,gpu_warp32,128,32,284.086632,14.672550,23.126333,302428.415886,4168.276182,6569.885005,0.312500,1,0.0120,1.8000,4,57600
90,0,8,normal_var1,omp_for,cpu_avx512,64,8,21.672255,191.876400,307.045383,469247.711775,4158.385697,6654.335137,0.019531,1,0.0120,1.8000,4,921600
90,0,8,uniform,omp_collapse2,gpu_warp32,128,32,17.516254,136.782395,218.899723,144981.034891,2395.915254,3834.303480,0.019531,1,0.0120,1.8000,4,921600
90,0,16,uniform,omp_for,cpu_scalar,64,1,70.016189,129.940636,207.987625,604927.204382,9097.946161,14562.495880,0.039062,1,0.0120,1.8000,4,460800
90,0,16,uniform,omp_collapse2,cpu_scalar,64,1,70.016189,129.940636,207.987625,604927.204382,9097.946161,14562.495880,0.039062,1,0.0120,1.8000,4,460800
90,0,32,normal_var1,omp_for,cpu_avx512,64,8,81.656988,53.981088,85.951245,529427.844734,4407.934117,7018.518949,0.078125,1,0.0120,1.8000,4,230400
90,0,32,exact,omp_for,cpu_scalar,64,1,25.456597,10.288860,14.503943,15701.361149,261.888129,369.203827,0.078125,1,0.0120,1.8000,4,345600
90,0,32,sequential,omp_collapse2,cpu_scalar,64,1,81.040191,54.413339,86.712300,533271.685617,4409.666431,7027.178898,0.078125,1,0.0120,1.8000,4,230400
90,0,64,normal_var1,omp_for,cpu_avx512,64,8,161.342101,32.302986,51.098626,540129.052202,5211.832706,8244.357902,0.156250,1,0.0120,1.8000,4,115200
90,0,64,exact,omp_for,gpu_scalar,128,1,25.018056,8.138597,11.405413,10081.642423,203.591424,285.337697,0.156250,1,0.0120,1.8000,4,172800
90,0,64,normal_var4,omp_collapse2,cpu_scalar,64,1,161.513194,32.475100,51.344161,539436.679370,5245.156465,8292.758597,0.156250,1,0.0120,1.8000,4,115200
90,0,128,uniform,omp_for,cpu_scalar,64,1,554.723264,29.920746,47.417550,626955.127032,16597.733825,26303.617381,0.312500,1,0.0120,1.8000,4,57600
90,0,128,sequential,omp_collapse2,gpu_scalar,128,1,283.296007,14.672189,23.151783,303284.906272,4156.574907,6558.813779,0.312500,1,0.0120,1.8000,4,57600
90,0,8,normal_var4,omp_for,cpu_avx512,64,8,21.840809,190.241904,304.341837,465706.206167,4155.040826,6647.090786,0.019531,1,0.0120,1.8000,4,921600
90,0,8,uniform,omp_collapse2,gpu_scalar,128,1,17.516254,136.782395,218.899723,144981.034891,2395.915254,3834.303480,0.019531,1,0.0120,1.8000,4,921600
90,0,16,uniform,omp_for,cpu_avx512,64,8,70.016189,129.940636,207.987625,604927.204382,9097.946161,14562.495880,0.039062,1,0.0120,1.8000,4,460800
90,0,16,uniform,omp_collapse2,cpu_avx512,64,8,70.016189,129.940636,207.987625,604927.204382,9097.946161,14562.495880,0.039062,1,0.0120,1.8000,4,460800
90,0,32,uniform,omp_for,cpu_scalar,64,1,139.825347,67.583060,108.038040,617706.441986,9449.822110,15106.447453,0.078125,1,0.0120,1.8000,4,230400
90,0,32,normal_var1,omp_collapse2,gpu_warp32,128,32,73.351736,32.482344,51.805353,293671.232722,2382.637594,3800.013616,0.078125,1,0.0120,1.8000,4,230400
90,0,32,exact,omp_collapse2,gpu_scalar,128,1,14.906163,6.966987,9.949576,8808.602933,103.833934,148.301045,0.078125,1,0.0120,1.8000,4,345600
90,0,64,sequential,omp_for,gpu_scalar,128,1,143.729253,19.106591,30.363699,301102.633604,2746.178766,4364.156453,0.156250,1,0.0120,1.8000,4,115200
90,0,64,normal_var1,omp_collapse2,gpu_warp32,128,32,144.331597,19.048217,30.282713,299873.239744,2749.258268,4370.748803,0.156250,1,0.0120,1.8000,4,115200
90,0,64,exact,omp_collapse2,gpu_warp32,128,32,25.018056,8.138597,11.405413,10081.642423,203.591424,285.337697,0.156250,1,0.0120,1.8000,4,172800
90,0,128,normal_var4,omp_for,gpu_warp32,128,32,284.086632,14.672550,23.126333,302428.415886,4168.276182,6569.885005,0.312500,1,0.0120,1.8000,4,57600
90,0,128,uniform,omp_collapse2,cpu_scalar,64,1,554.723264,29.920746,47.417550,626955.127032,16597.733825,26303.617381,0.312500,1,0.0120,1.8000,4,57600
90,0,8,sequential,omp_for,cpu_scalar,64,1,21.046376,196.643750,314.503953,483147.177989,4138.639351,6619.166970,0.019531,1,0.0120,1.8000,4,921600
90,0,8,normal_var1,omp_collapse2,cpu_avx512,64,8,21.672255,191.876400,307.045383,469247.711775,4158.385697,6654.335137,0.019531,1,0.0120,1.8000,4,921600
90,0,8,exact,omp_collapse2,gpu_scalar,128,1,4.825206,6.385839,9.025563,2685.580159,30.817534,43.547881,0.019531,1,0.0120,1.8000,4,1382400
90,0,16,sequential,omp_for,cpu_scalar,64,1,41.070681,101.784445,162.563550,516244.249628,4180.358139,6676.596720,0.039062,1,0.0120,1.8000,4,460800
90,0,16,normal_var4,omp_collapse2,gpu_scalar,128,1,37.749501,60.308567,96.385225,280266.531705,2276.617757,3638.496230,0.039062,1,0.0120,1.8000,4,460800
90,0,32,normal_var1,omp_for,cpu_scalar,64,1,81.656988,53.981088,85.951245,529427.844734,4407.934117,7018.518949,0.078125,1,0.0120,1.8000,4,230400
90,0,32,exact,omp_for,gpu_warp32,128,32,14.906163,6.966987,9.949576,8808.602933,103.833934,148.301045,0.078125,1,0.0120,1.8000,4,345600
90,0,32,sequential,omp_collapse2,gpu_warp32,128,32,72.751736,32.790666,52.333641,296071.267036,2385.576882,3807.361466,0.078125,1,0.0120,1.8000,4,230400
90,0,64,normal_var1,omp_for,gpu_scalar,128,1,144.331597,19.048217,30.282713,299873.239744,2749.258268,4370.748803,0.156250,1,0.0120,1.8000,4,115200
90,0,64,exact,omp_for,cpu_scalar,64,1,44.856424,13.277123,18.259985,18286.942284,595.496831,819.049989,0.156250,1,0.0120,1.8000,4,172800
90,0,64,normal_var4,omp_collapse2,gpu_scalar,128,1,144.483941,19.147365,30.422840,299466.779531,2766.486140,4395.611480,0.156250,1,0.0120,1.8000,4,115200
90,0,128,uniform,omp_for,gpu_warp32,128,32,523.966319,15.967979,25.418662,327699.022300,8366.677032,13318.511705,0.312500,1,0.0120,1.8000,4,57600
90,0,128,sequential,omp_collapse2,cpu_avx512,64,8,318.898264,26.020503,40.570363,545946.668012,8297.894383,12937.821793,0.312500,1,0.0120,1.8000,4,57600
90,0,8,sequential,omp_for,gpu_warp32,128,32,10.523188,109.996780,175.926116,120793.178101,1157.517062,1851.303154,0.019531,1,0.0120,1.8000,4,921600
90,0,8,exact,omp_for,cpu_avx512,64,8,9.650412,10.154089,14.379747,10738.016490,98.004710,138.760705,0.019531,1,0.0120,1.8000,4,1382400
90,0,8,sequential,omp_collapse2,cpu_scalar,64,1,21.046376,196.643750,314.503953,483147.177989,4138.639351,6619.166970,0.019531,1,0.0120,1.8000,4,921600
90,0,16,sequential,omp_for,gpu_warp32,128,32,36.974306,61.631630,98.481099,286253.230967,2278.786038,3641.268951,0.039062,1,0.0120,1.8000,4,460800
90,0,16,sequential,omp_collapse2,gpu_scalar,128,1,36.974306,61.631630,98.481099,286253.230967,2278.786038,3641.268951,0.039062,1,0.0120,1.8000,4,460800
90,0,32,normal_var4,omp_for,cpu_scalar,64,1,81.819097,53.715198,85.663151,528300.945066,4394.928738,7008.883247,0.078125,1,0.0120,1.8000,4,230400
90,0,32,exact,omp_for,gpu_scalar,128,1,14.906163,6.966987,9.949576,8808.602933,103.833934,148.301045,0.078125,1,0.0120,1.8000,4,345600
90,0,32,sequential,omp_collapse2,gpu_scalar,128,1,72.751736,32.790666,52.333641,296071.267036,2385.576882,3807.361466,0.078125,1,0.0120,1.8000,4,230400
90,0,64,normal_var1,omp_for,gpu_warp32,128,32,144.331597,19.048217,30.282713,299873.239744,2749.258268,4370.748803,0.156250,1,0.0120,1.8000,4,115200
90,0,64,exact,omp_for,gpu_warp32,128,32,25.018056,8.138597,11.405413,10081.642423,203.591424,285.337697,0.156250,1,0.0120,1.8000,4,172800
90,0,64,normal_var4,omp_collapse2,gpu_warp32,128,32,144.483941,19.147365,30.422840,299466.779531,2766.486140,4395.611480,0.156250,1,0.0120,1.8000,4,115200
90,0,128,uniform,omp_for,gpu_scalar,128,1,523.966319,15.967979,25.418662,327699.022300,8366.677032,13318.511705,0.312500,1,0.0120,1.8000,4,57600
90,0,128,sequential,omp_collapse2,cpu_scalar,64,1,318.898264,26.020503,40.570363,545946.668012,8297.894383,12937.821793,0.312500,1,0.0120,1.8000,4,57600
90,0,8,normal_var4,omp_for,cpu_scalar,64,1,21.840809,190.241904,304.341837,465706.206167,4155.040826,6647.090786,0.019531,1,0.0120,1.8000,4,921600
90,0,8,normal_var1,omp_collapse2,gpu_warp32,128,32,10.836127,106.973815,171.201393,117317.960337,1159.179000,1855.150915,0.019531,1,0.0120,1.8000,4,921600
90,0,8,exact,omp_collapse2,cpu_avx512,64,8,9.650412,10.154089,14.379747,10738.016490,98.004710,138.760705,0.019531,1,0.0120,1.8000,4,1382400
90,0,16,sequential,omp_for,gpu_scalar,128,1,36.974306,61.631630,98.481099,286253.230967,2278.786038,3641.268951,0.039062,1,0.0120,1.8000,4,460800
90,0,16,normal_var4,omp_collapse2,cpu_avx512,64,8,41.857986,99.933313,159.649610,506509.723856,4183.006480,6682.614885,0.039062,1,0.0120,1.8000,4,460800
90,0,32,uniform,omp_for,gpu_warp32,128,32,133.313455,37.373693,59.774917,322870.287951,4982.414610,7968.795611,0.078125,1,0.0120,1.8000,4,230400
90,0,32,normal_var4,omp_collapse2,gpu_scalar,128,1,73.500564,32.311158,51.610570,292986.989282,2374.888065,3793.406827,0.078125,1,0.0120,1.8000,4,230400
90,0,64,normal_var1,omp_for,cpu_scalar,64,1,161.342101,32.302986,51.098626,540129.052202,5211.832706,8244.357902,0.156250,1,0.0120,1.8000,4,115200
90,0,64,exact,omp_for,cpu_avx512,64,8,44.856424,13.277123,18.259985,18286.942284,595.496831,819.049989,0.156250,1,0.0120,1.8000,4,172800
90,0,64,normal_var4,omp_collapse2,cpu_avx512,64,8,161.513194,32.475100,51.344161,539436.679370,5245.156465,8292.758597,0.156250,1,0.0120,1.8000,4,115200
90,0,128,uniform,omp_for,cpu_avx512,64,8,554.723264,29.920746,47.417550,626955.127032,16597.733825,26303.617381,0.312500,1,0.0120,1.8000,4,57600
90,0,128,sequential,omp_collapse2,gpu_warp32,128,32,283.296007,14.672189,23.151783,303284.906272,4156.574907,6558.813779,0.312500,1,0.0120,1.8000,4,57600
90,0,8,sequential,omp_for,cpu_avx512,64,8,21.046376,196.643750,314.503953,483147.177989,4138.639351,6619.166970,0.019531,1,0.0120,1.8000,4,921600
90,0,8,normal_var1,omp_collapse2,cpu_scalar,64,1,21.672255,191.876400,307.045383,469247.711775,4158.385697,6654.335137,0.019531,1,0.0120,1.8000,4,921600
90,0,8,exact,omp_collapse2,gpu_warp32,128,32,4.825206,6.385839,9.025563,2685.580159,30.817534,43.547881,0.019531,1,0.0120,1.8000,4,1382400
90,0,16,sequential,omp_for,cpu_avx512,64,8,41.070681,101.784445,162.563550,516244.249628,4180.358139,6676.596720,0.039062,1,0.0120,1.8000,4,460800
90,0,16,normal_var1,omp_collapse2,gpu_warp32,128,32,37.579188,60.855216,97.328586,281507.563131,2286.890173,3657.529709,0.039062,1,0.0120,1.8000,4,460800
90,0,16,exact,omp_collapse2,gpu_warp32,128,32,9.527821,7.654205,10.941406,7445.177486,72.918043,104.217593,0.039062,1,0.0120,1.8000,4,691200
90,0,32,sequential,omp_for,gpu_warp32,128,32,72.751736,32.790666,52.333641,296071.267036,2385.576882,3807.361466,0.078125,1,0.0120,1.8000,4,230400
90,0,32,normal_var4,omp_collapse2,cpu_scalar,64,1,81.819097,53.715198,85.663151,528300.945066,4394.928738,7008.883247,0.078125,1,0.0120,1.8000,4,230400
90,0,64,uniform,omp_for,cpu_avx512,64,8,278.899132,39.458954,62.918784,623982.612100,11005.072255,17547.999921,0.156250,1,0.0120,1.8000,4,115200
90,0,64,sequential,omp_collapse2,gpu_warp32,128,32,143.729253,19.106591,30.363699,301102.633604,2746.178766,4364.156453,0.156250,1,0.0120,1.8000,4,115200
90,0,128,normal_var4,omp_for,gpu_scalar,128,1,284.086632,14.672550,23.126333,302428.415886,4168.276182,6569.885005,0.312500,1,0.0120,1.8000,4,57600
90,0,128,uniform,omp_collapse2,cpu_avx512,64,8,554.723264,29.920746,47.417550,626955.127032,16597.733825,26303.617381,0.312500,1,0.0120,1.8000,4,57600
90,0,8,normal_var1,omp_for,cpu_scalar,64,1,21.672255,191.876400,307.045383,469247.711775,4158.385697,6654.335137,0.019531,1,0.0120,1.8000,4,921600
90,0,8,normal_var1,omp_collapse2,gpu_scalar,128,1,10.836127,106.973815,171.201393,117317.960337,1159.179000,1855.150915,0.019531,1,0.0120,1.8000,4,921600
90,0,8,exact,omp_collapse2,cpu_scalar,64,1,9.650412,10.154089,14.379747,10738.016490,98.004710,138.760705,0.019531,1,0.0120,1.8000,4,1382400
90,0,16,normal_var4,omp_for,gpu_warp32,128,32,37.749501,60.308567,96.385225,280266.531705,2276.617757,3638.496230,0.039062,1,0.0120,1.8000,4,460800
90,0,16,normal_var4,omp_collapse2,cpu_scalar,64,1,41.857986,99.933313,159.649610,506509.723856,4183.006480,6682.614885,0.039062,1,0.0120,1.8000,4,460800
90,0,32,uniform,omp_for,gpu_scalar,128,1,133.313455,37.373693,59.774917,322870.287951,4982.414610,7968.795611,0.078125,1,0.0120,1.8000,4,230400
90,0,32,normal_var4,omp_collapse2,gpu_warp32,128,32,73.500564,32.311158,51.610570,292986.989282,2374.888065,3793.406827,0.078125,1,0.0120,1.8000,4,230400
90,0,64,uniform,omp_for,gpu_scalar,128,1,265.099566,21.581674,34.474533,326147.316911,5721.296719,9139.188404,0.156250,1,0.0120,1.8000,4,115200
90,0,64,sequential,omp_collapse2,cpu_scalar,64,1,160.728819,32.381379,51.199753,542051.037840,5204.620490,8229.274577,0.156250,1,0.0120,1.8000,4,115200
90,0,128,normal_var4,omp_for,cpu_avx512,64,8,319.698264,26.026878,40.536629,544581.201060,8320.747122,12959.491099,0.312500,1,0.0120,1.8000,4,57600
90,0,128,uniform,omp_collapse2,gpu_warp32,128,32,523.966319,15.967979,25.418662,327699.022300,8366.677032,13318.511705,0.312500,1,0.0120,1.8000,4,57600
90,0,8,normal_var4,omp_for,gpu_warp32,128,32,10.920405,106.004598,169.605375,116432.582724,1157.613895,1852.164125,0.019531,1,0.0120,1.8000,4,921600
90,0,8,exact,omp_for,gpu_scalar,128,1,4.825206,6.385839,9.025563,2685.580159,30.817534,43.547881,0.019531,1,0.0120,1.8000,4,1382400
90,0,8,sequential,omp_collapse2,cpu_avx512,64,8,21.046376,196.643750,314.503953,483147.177989,4138.639351,6619.166970,0.019531,1,0.0120,1.8000,4,921600
90,0,16,normal_var4,omp_for,gpu_scalar,128,1,37.749501,60.308567,96.385225,280266.531705,2276.617757,3638.496230,0.039062,1,0.0120,1.8000,4,460800
90,0,16,normal_var1,omp_collapse2,gpu_scalar,128,1,37.579188,60.855216,97.328586,281507.563131,2286.890173,3657.529709,0.039062,1,0.0120,1.8000,4,460800
90,0,16,exact,omp_collapse2,gpu_scalar,128,1,9.527821,7.654205,10.941406,7445.177486,72.918043,104.217593,0.039062,1,0.0120,1.8000,4,691200
90,0,32,sequential,omp_for,gpu_scalar,128,1,72.751736,32.790666,52.333641,296071.267036,2385.576882,3807.361466,0.078125,1,0.0120,1.8000,4,230400
90,0,32,normal_var1,omp_collapse2,gpu_scalar,128,1,73.351736,32.482344,51.805353,293671.232722,2382.637594,3800.013616,0.078125,1,0.0120,1.8000,4,230400
90,0,32,exact,omp_collapse2,gpu_warp32,128,32,14.906163,6.966987,9.949576,8808.602933,103.833934,148.301045,0.078125,1,0.0120,1.8000,4,345600
90,0,64,sequential,omp_for,gpu_warp32,128,32,143.729253,19.106591,30.363699,301102.633604,2746.178766,4364.156453,0.156250,1,0.0120,1.8000,4,115200
90,0,64,normal_var1,omp_collapse2,gpu_scalar,128,1,144.331597,19.048217,30.282713,299873.239744,2749.258268,4370.748803,0.156250,1,0.0120,1.8000,4,115200
90,0,64,exact,omp_collapse2,gpu_scalar,128,1,25.018056,8.138597,11.405413,10081.642423,203.591424,285.337697,0.156250,1,0.0120,1.8000,4,172800
90,0,128,normal_var4,omp_for,cpu_scalar,64,1,319.698264,26.026878,40.536629,544581.201060,8320.747122,12959.491099,0.312500,1,0.0120,1.8000,4,57600
90,0,128,uniform,omp_collapse2,gpu_scalar,128,1,523.966319,15.967979,25.418662,327699.022300,8366.677032,13318.511705,0.312500,1,0.0120,1.8000,4,57600
