nlev,variant,cell_dist,schedule,target,block_bytes,vector_width,mu,mu_delta,mu_delta_numa,delta_max,delta_min,beta,alpha,gamma,P_NUMA,T
90,1,uniform,omp_for,cpu_scalar,64,1,4.998914,8537.385393,8538.046863,4396.809239,1958.508448,1,0.0120,1.8000,4,7372800
90,1,uniform,omp_for,cpu_avx512,64,8,39.927930,10202.146455,10207.438217,5930.268995,256.240481,1,0.0120,1.8000,4,921600
90,1,uniform,omp_for,gpu_scalar,128,1,4.497852,4268.386712,4268.717411,2272.695994,1023.792376,1,0.0120,1.8000,4,7372800
90,1,uniform,omp_for,gpu_warp32,128,32,141.650391,5230.088397,5245.905181,3410.056133,37.038313,1,0.0120,1.8000,4,230400
90,1,uniform,omp_for,gpu_wave64,128,64,278.660156,5650.729874,5707.971599,3439.582649,20.453783,1,0.0120,1.8000,4,115200
90,1,normal_var1,omp_for,cpu_scalar,64,1,3.169592,4260.111891,4260.773361,4128.737532,1825.293116,1,0.0120,1.8000,4,7372800
90,1,normal_var1,omp_for,cpu_avx512,64,8,24.962012,5100.857955,5106.149716,4948.222382,205.869949,1,0.0120,1.8000,4,921600
90,1,normal_var1,omp_for,gpu_scalar,128,1,2.584814,2129.977897,2130.308596,2206.442307,989.047604,1,0.0120,1.8000,4,7372800
90,1,normal_var1,omp_for,gpu_warp32,128,32,80.873437,2648.003165,2663.819949,3052.601910,32.898738,1,0.0120,1.8000,4,230400
90,1,normal_var1,omp_for,gpu_wave64,128,64,159.539844,2906.671887,2963.913613,3074.746241,18.495305,1,0.0120,1.8000,4,115200
90,1,normal_var4,omp_for,cpu_scalar,64,1,3.267627,4257.513581,4258.175052,3981.067132,1759.730633,1,0.0120,1.8000,4,7372800
90,1,normal_var4,omp_for,cpu_avx512,64,8,24.966016,5089.406383,5094.698145,4949.007859,205.398123,1,0.0120,1.8000,4,921600
90,1,normal_var4,omp_for,gpu_scalar,128,1,2.632434,2128.606959,2128.937657,2168.927686,972.430738,1,0.0120,1.8000,4,7372800
90,1,normal_var4,omp_for,gpu_warp32,128,32,80.856641,2639.329298,2655.146081,3052.679242,32.794661,1,0.0120,1.8000,4,230400
90,1,normal_var4,omp_for,gpu_wave64,128,64,159.387500,2917.028314,2974.270040,3073.614363,18.601828,1,0.0120,1.8000,4,115200
90,1,sequential,omp_for,cpu_scalar,64,1,3.124744,4273.668409,4274.329879,4140.226889,1837.059091,1,0.0120,1.8000,4,7372800
90,1,sequential,omp_for,cpu_avx512,64,8,24.969531,5108.339399,5113.631160,4948.660303,206.063997,1,0.0120,1.8000,4,921600
90,1,sequential,omp_for,gpu_scalar,128,1,2.561829,2136.698307,2137.029006,2207.963456,993.199817,1,0.0120,1.8000,4,7372800
90,1,sequential,omp_for,gpu_warp32,128,32,80.851172,2657.851942,2673.668726,3052.327809,33.041901,1,0.0120,1.8000,4,230400
90,1,sequential,omp_for,gpu_wave64,128,64,159.399219,2900.930312,2958.172037,3074.037828,18.500712,1,0.0120,1.8000,4,115200
90,1,uniform,omp_collapse2,cpu_scalar,64,1,4.998914,8537.404256,8613.874626,4396.810478,1975.917089,1,0.0120,1.8000,4,7372800
90,1,uniform,omp_collapse2,cpu_avx512,64,8,39.927930,10202.596213,10298.398768,5930.285169,258.523546,1,0.0120,1.8000,4,921600
90,1,uniform,omp_collapse2,gpu_scalar,128,1,4.497852,4268.396143,4306.628220,2272.696614,1032.884813,1,0.0120,1.8000,4,7372800
90,1,uniform,omp_collapse2,gpu_warp32,128,32,141.650417,5233.064983,5295.986139,3410.087095,37.392007,1,0.0120,1.8000,4,230400
90,1,uniform,omp_collapse2,gpu_wave64,128,64,278.660295,5662.478507,5771.991049,3439.644989,20.682488,1,0.0120,1.8000,4,115200
90,1,normal_var1,omp_collapse2,cpu_scalar,64,1,3.169593,4260.127362,4298.702600,4128.739243,1841.505873,1,0.0120,1.8000,4,7372800
90,1,normal_var1,omp_collapse2,cpu_avx512,64,8,24.962016,5101.132661,5151.862503,4948.235608,207.710826,1,0.0120,1.8000,4,921600
90,1,normal_var1,omp_collapse2,gpu_scalar,128,1,2.584815,2129.985632,2149.271854,2206.443162,997.830863,1,0.0120,1.8000,4,7372800
90,1,normal_var1,omp_collapse2,gpu_warp32,128,32,80.873455,2649.750087,2689.188826,3052.631166,33.211102,1,0.0120,1.8000,4,230400
90,1,normal_var1,omp_collapse2,gpu_wave64,128,64,159.539896,2913.688611,2997.696056,3074.807122,18.704270,1,0.0120,1.8000,4,115200
90,1,normal_var4,omp_collapse2,cpu_scalar,64,1,3.267627,4257.532646,4296.012084,3981.068908,1775.358221,1,0.0120,1.8000,4,7372800
90,1,normal_var4,omp_collapse2,cpu_avx512,64,8,24.966020,5089.668802,5140.140567,4949.021275,207.229743,1,0.0120,1.8000,4,921600
90,1,normal_var4,omp_collapse2,gpu_scalar,128,1,2.632434,2128.616490,2147.854767,2168.928574,981.072309,1,0.0120,1.8000,4,7372800
90,1,normal_var4,omp_collapse2,gpu_warp32,128,32,80.856658,2641.113108,2680.883938,3052.710362,33.111626,1,0.0120,1.8000,4,230400
90,1,normal_var4,omp_collapse2,gpu_wave64,128,64,159.387569,2923.904896,3007.820521,3073.675867,18.810364,1,0.0120,1.8000,4,115200
90,1,sequential,omp_collapse2,cpu_scalar,64,1,3.124744,4273.687168,4312.323903,4140.228244,1853.369289,1,0.0120,1.8000,4,7372800
90,1,sequential,omp_collapse2,cpu_avx512,64,8,24.969533,5108.627040,5159.357992,4948.674672,207.906394,1,0.0120,1.8000,4,921600
90,1,sequential,omp_collapse2,gpu_scalar,128,1,2.561829,2136.707685,2156.025519,2207.964133,1002.024525,1,0.0120,1.8000,4,7372800
90,1,sequential,omp_collapse2,gpu_warp32,128,32,80.851189,2659.671311,2699.276161,3052.360001,33.357704,1,0.0120,1.8000,4,230400
90,1,sequential,omp_collapse2,gpu_wave64,128,64,159.399340,2907.816632,2991.392604,3074.099387,18.707240,1,0.0120,1.8000,4,115200
90,2,uniform,omp_for,cpu_scalar,64,1,4.998914,8537.504829,8538.237935,4299.734797,1955.867432,1,0.0120,1.8000,4,7372800
90,2,uniform,omp_for,cpu_avx512,64,8,39.927930,10203.101942,10208.966793,5671.869044,255.694813,1,0.0120,1.8000,4,921600
90,2,uniform,omp_for,gpu_scalar,128,1,4.497852,4268.446430,4268.812948,2248.404169,1023.175913,1,0.0120,1.8000,4,7372800
90,2,uniform,omp_for,gpu_warp32,128,32,141.650391,5237.816803,5258.269388,3337.869960,37.125901,1,0.0120,1.8000,4,230400
90,2,uniform,omp_for,gpu_wave64,128,64,278.660156,5681.625442,5757.399545,3366.306465,20.629150,1,0.0120,1.8000,4,115200
90,2,normal_var1,omp_for,cpu_scalar,64,1,3.169592,4260.231326,4260.964433,4020.114882,1823.277089,1,0.0120,1.8000,4,7372800
90,2,normal_var1,omp_for,cpu_avx512,64,8,24.962012,5101.813441,5107.678293,4538.778822,204.664148,1,0.0120,1.8000,4,921600
90,2,normal_var1,omp_for,gpu_scalar,128,1,2.584814,2130.037615,2130.404133,2179.310261,988.542246,1,0.0120,1.8000,4,7372800
90,2,normal_var1,omp_for,gpu_warp32,128,32,80.873437,2655.731571,2676.184156,2926.149525,33.047413,1,0.0120,1.8000,4,230400
90,2,normal_var1,omp_for,gpu_wave64,128,64,159.539844,2937.567455,3013.341559,2946.747808,18.796200,1,0.0120,1.8000,4,115200
90,2,normal_var4,omp_for,cpu_scalar,64,1,3.267627,4257.633017,4258.366124,3872.992930,1757.751080,1,0.0120,1.8000,4,7372800
90,2,normal_var4,omp_for,cpu_avx512,64,8,24.966016,5090.361870,5096.226722,4539.793184,204.149306,1,0.0120,1.8000,4,921600
90,2,normal_var4,omp_for,gpu_scalar,128,1,2.632434,2128.666676,2129.033194,2141.940088,971.936096,1,0.0120,1.8000,4,7372800
90,2,normal_var4,omp_for,gpu_warp32,128,32,80.856641,2647.057703,2667.510289,2926.202999,32.943343,1,0.0120,1.8000,4,230400
90,2,normal_var4,omp_for,gpu_wave64,128,64,159.387500,2947.923882,3023.697986,2945.493744,18.905491,1,0.0120,1.8000,4,115200
90,2,sequential,omp_for,cpu_scalar,64,1,3.124744,4273.787845,4274.520951,4028.743289,1834.908031,1,0.0120,1.8000,4,7372800
90,2,sequential,omp_for,cpu_avx512,64,8,24.969531,5109.294885,5115.159737,4539.568905,204.819283,1,0.0120,1.8000,4,921600
90,2,sequential,omp_for,gpu_scalar,128,1,2.561829,2136.758025,2137.124542,2180.117378,992.695118,1,0.0120,1.8000,4,7372800
90,2,sequential,omp_for,gpu_warp32,128,32,80.851172,2665.580348,2686.032933,2925.849078,33.191899,1,0.0120,1.8000,4,230400
90,2,sequential,omp_for,gpu_wave64,128,64,159.399219,2931.825880,3007.599984,2945.927961,18.804369,1,0.0120,1.8000,4,115200
90,2,uniform,omp_collapse2,cpu_scalar,64,1,4.998914,8537.526479,8614.070182,4299.736473,1973.254782,1,0.0120,1.8000,4,7372800
90,2,uniform,omp_collapse2,cpu_avx512,64,8,39.927930,10203.573991,10299.963217,5671.886602,257.974281,1,0.0120,1.8000,4,921600
90,2,uniform,omp_collapse2,gpu_scalar,128,1,4.497852,4268.457254,4306.725998,2248.405007,1032.262624,1,0.0120,1.8000,4,7372800
90,2,uniform,omp_collapse2,gpu_warp32,128,32,141.650417,5240.927031,5308.565417,3337.901868,37.481120,1,0.0120,1.8000,4,230400
90,2,uniform,omp_collapse2,gpu_wave64,128,64,278.660295,5693.908229,5822.278604,3366.370721,20.860892,1,0.0120,1.8000,4,115200
90,2,normal_var1,omp_collapse2,cpu_scalar,64,1,3.169593,4260.249585,4298.898156,4020.117142,1839.473752,1,0.0120,1.8000,4,7372800
90,2,normal_var1,omp_collapse2,cpu_avx512,64,8,24.962016,5102.110438,5153.426953,4538.793919,206.496213,1,0.0120,1.8000,4,921600
90,2,normal_var1,omp_collapse2,gpu_scalar,128,1,2.584815,2130.046743,2149.369633,2179.311391,997.321063,1,0.0120,1.8000,4,7372800
90,2,normal_var1,omp_collapse2,gpu_warp32,128,32,80.873455,2657.612135,2701.768104,2926.180395,33.362337,1,0.0120,1.8000,4,230400
90,2,normal_var1,omp_collapse2,gpu_wave64,128,64,159.539896,2945.118333,3047.983611,2946.811953,19.010343,1,0.0120,1.8000,4,115200
90,2,normal_var4,omp_collapse2,cpu_scalar,64,1,3.267627,4257.654868,4296.207640,3872.995303,1773.360424,1,0.0120,1.8000,4,7372800
90,2,normal_var4,omp_collapse2,cpu_avx512,64,8,24.966020,5090.646580,5141.705016,4539.808484,205.970137,1,0.0120,1.8000,4,921600
90,2,normal_var4,omp_collapse2,gpu_scalar,128,1,2.632434,2128.677601,2147.952545,2141.941274,980.573982,1,0.0120,1.8000,4,7372800
90,2,normal_var4,omp_collapse2,gpu_warp32,128,32,80.856658,2648.975156,2693.463215,2926.235733,33.262868,1,0.0120,1.8000,4,230400
90,2,normal_var4,omp_collapse2,gpu_wave64,128,64,159.387569,2955.334618,3058.108076,2945.558552,19.119269,1,0.0120,1.8000,4,115200
90,2,sequential,omp_collapse2,cpu_scalar,64,1,3.124744,4273.809390,4312.519459,4028.745181,1851.199352,1,0.0120,1.8000,4,7372800
90,2,sequential,omp_collapse2,cpu_avx512,64,8,24.969533,5109.604818,5160.922442,4539.585266,206.651144,1,0.0120,1.8000,4,921600
90,2,sequential,omp_collapse2,gpu_scalar,128,1,2.561829,2136.768796,2156.123297,2180.118324,1001.515671,1,0.0120,1.8000,4,7372800
90,2,sequential,omp_collapse2,gpu_warp32,128,32,80.851189,2667.533359,2711.855439,2925.882904,33.510293,1,0.0120,1.8000,4,230400
90,2,sequential,omp_collapse2,gpu_wave64,128,64,159.399340,2939.246354,3041.680160,2945.992852,19.016138,1,0.0120,1.8000,4,115200
90,3,uniform,omp_for,cpu_scalar,64,1,0.915274,8536.482541,13652.472736,89058.504619,2950.010658,1,0.0120,1.8000,4,7372800
90,3,uniform,omp_for,cpu_avx512,64,8,7.397657,122204.177269,195426.888384,183773.873668,17572.180667,1,0.0120,1.8000,4,901120
90,3,uniform,omp_for,gpu_scalar,128,1,0.479835,4268.241310,6826.236415,30418.664143,1590.626795,1,0.0120,1.8000,4,7372800
90,3,uniform,omp_for,gpu_warp32,128,32,17.218909,552134.794202,883012.470388,103412.530671,43289.292191,1,0.0120,1.8000,4,163840
90,3,uniform,omp_for,gpu_wave64,128,64,34.437622,1872457.495190,2994602.233423,119646.823034,87021.634269,1,0.0120,1.8000,4,81920
90,3,normal_var1,omp_for,cpu_scalar,64,1,0.895210,4259.234472,6811.494895,45064.581752,1779.300860,1,0.0120,1.8000,4,7372800
90,3,normal_var1,omp_for,cpu_avx512,64,8,7.251012,61017.355101,97589.244647,94183.932291,9246.315216,1,0.0120,1.8000,4,901120
90,3,normal_var1,omp_for,gpu_scalar,128,1,0.465594,2129.616964,3405.747159,15768.756111,996.410333,1,0.0120,1.8000,4,7372800
90,3,normal_var1,omp_for,gpu_warp32,128,32,16.693811,275530.210596,440626.613623,53535.972298,22573.712955,1,0.0120,1.8000,4,163840
90,3,normal_var1,omp_for,gpu_wave64,128,64,31.019751,934306.687549,1494178.039033,67184.253814,48696.978727,1,0.0120,1.8000,4,81920
90,3,normal_var4,omp_for,cpu_scalar,64,1,0.896909,4256.612432,6812.486655,45038.676700,1690.478906,1,0.0120,1.8000,4,7372800
90,3,normal_var4,omp_for,cpu_avx512,64,8,7.259949,60956.878822,97580.344977,93880.054001,9153.601204,1,0.0120,1.8000,4,901120
90,3,normal_var4,omp_for,gpu_scalar,128,1,0.467655,2128.306035,3406.243127,15525.518933,933.412252,1,0.0120,1.8000,4,7372800
90,3,normal_var4,omp_for,gpu_warp32,128,32,16.766290,275359.609393,440734.124256,53225.692977,22413.351762,1,0.0120,1.8000,4,163840
90,3,normal_var4,omp_for,gpu_wave64,128,64,31.859924,933726.851807,1494479.645752,65254.647308,47370.054668,1,0.0120,1.8000,4,81920
90,3,sequential,omp_for,cpu_scalar,64,1,0.773611,4272.560731,6833.141075,49315.406500,2539.431215,1,0.0120,1.8000,4,7372800
90,3,sequential,omp_for,cpu_avx512,64,8,6.284090,61177.054482,97843.118135,108181.645028,11123.636858,1,0.0120,1.8000,4,901120
90,3,sequential,omp_for,gpu_scalar,128,1,0.397917,2136.280380,3416.570570,16935.780978,1489.292831,1,0.0120,1.8000,4,7372800
90,3,sequential,omp_for,gpu_warp32,128,32,14.781244,276384.432837,442067.470107,60198.385579,25219.504123,1,0.0120,1.8000,4,163840
90,3,sequential,omp_for,gpu_wave64,128,64,29.562390,937241.224573,1499034.720911,69715.302229,50738.534368,1,0.0120,1.8000,4,81920
90,3,uniform,omp_collapse2,cpu_scalar,64,1,7.624927,768308.431004,864771.018641,229294.292629,117340.150118,1,0.0120,1.8000,4,7372800
90,3,uniform,omp_collapse2,cpu_avx512,64,8,60.992969,919665.821480,1035052.692259,335399.930719,16985.930853,1,0.0120,1.8000,4,921600
90,3,uniform,omp_collapse2,gpu_scalar,128,1,7.312427,384154.215371,486818.048075,117662.735146,67810.617116,1,0.0120,1.8000,4,7372800
90,3,uniform,omp_collapse2,gpu_warp32,128,32,233.891797,485703.595942,615256.150164,185307.213861,2630.479435,1,0.0120,1.8000,4,230400
90,3,uniform,omp_collapse2,gpu_wave64,128,64,467.560156,564882.543064,715130.155883,187293.908647,1529.330318,1,0.0120,1.8000,4,115200
90,3,normal_var1,omp_collapse2,cpu_scalar,64,1,6.923684,383340.534125,431507.345146,128473.054125,65516.226650,1,0.0120,1.8000,4,7372800
90,3,normal_var1,omp_collapse2,cpu_avx512,64,8,52.232650,461169.750235,519077.186539,196204.300087,9954.960963,1,0.0120,1.8000,4,921600
90,3,normal_var1,omp_collapse2,gpu_scalar,128,1,6.611183,191670.240966,242914.822580,66036.355411,37925.324955,1,0.0120,1.8000,4,7372800
90,3,normal_var1,omp_collapse2,gpu_warp32,128,32,198.907895,259162.829453,328223.000391,109230.749700,1651.682649,1,0.0120,1.8000,4,230400
90,3,normal_var1,omp_collapse2,gpu_wave64,128,64,397.749384,342874.659149,433725.313781,110627.572375,1091.907252,1,0.0120,1.8000,4,115200
90,3,normal_var4,omp_collapse2,cpu_scalar,64,1,7.096277,383101.957632,431195.262205,124878.484497,63726.309092,1,0.0120,1.8000,4,7372800
90,3,normal_var4,omp_collapse2,cpu_avx512,64,8,52.070545,460152.979676,517890.349490,196918.280059,9966.608581,1,0.0120,1.8000,4,921600
90,3,normal_var4,omp_collapse2,gpu_scalar,128,1,6.783777,191550.964325,242733.998743,64151.936882,36864.861894,1,0.0120,1.8000,4,7372800
90,3,normal_var4,omp_collapse2,gpu_warp32,128,32,198.246194,258060.841476,326843.636379,109596.038896,1648.356142,1,0.0120,1.8000,4,230400
90,3,normal_var4,omp_collapse2,gpu_wave64,128,64,396.411198,344082.997995,435278.476085,110961.338249,1097.622942,1,0.0120,1.8000,4,115200
90,3,sequential,omp_collapse2,cpu_scalar,64,1,6.624976,384546.619022,432838.546562,133228.803123,68213.702682,1,0.0120,1.8000,4,7372800
90,3,sequential,omp_collapse2,cpu_avx512,64,8,52.998340,461826.844185,519803.417319,193389.161671,9820.950824,1,0.0120,1.8000,4,921600
90,3,sequential,omp_collapse2,gpu_scalar,128,1,6.312476,192273.309409,243661.463740,68503.225718,39498.433866,1,0.0120,1.8000,4,7372800
90,3,sequential,omp_collapse2,gpu_warp32,128,32,201.962565,259986.908403,329274.462590,107543.687687,1631.331602,1,0.0120,1.8000,4,230400
90,3,sequential,omp_collapse2,gpu_wave64,128,64,403.862630,344156.698160,435334.561590,108904.301394,1078.835895,1,0.0120,1.8000,4,115200
90,4,uniform,omp_for,cpu_scalar,64,1,0.915274,8536.482541,13652.472736,89051.802446,2945.774631,1,0.0120,1.8000,4,7372800
90,4,uniform,omp_for,cpu_avx512,64,8,7.397657,122204.177269,195426.888384,183725.619850,17541.176530,1,0.0120,1.8000,4,901120
90,4,uniform,omp_for,gpu_scalar,128,1,0.479835,4268.241310,6826.236415,30416.958978,1589.597014,1,0.0120,1.8000,4,7372800
90,4,uniform,omp_for,gpu_warp32,128,32,17.218909,552134.794202,883012.470388,103377.234286,43269.364797,1,0.0120,1.8000,4,163840
90,4,uniform,omp_for,gpu_wave64,128,64,34.437622,1872457.495190,2994602.233423,119614.856204,87005.599779,1,0.0120,1.8000,4,81920
90,4,normal_var1,omp_for,cpu_scalar,64,1,0.895210,4259.234472,6811.494895,45060.156116,1776.910020,1,0.0120,1.8000,4,7372800
90,4,normal_var1,omp_for,cpu_avx512,64,8,7.251012,61017.355101,97589.244647,94153.795519,9230.098163,1,0.0120,1.8000,4,901120
90,4,normal_var1,omp_for,gpu_scalar,128,1,0.465594,2129.616964,3405.747159,15767.644715,995.801662,1,0.0120,1.8000,4,7372800
90,4,normal_var1,omp_for,gpu_warp32,128,32,16.693811,275530.210596,440626.613623,53513.018126,22562.121045,1,0.0120,1.8000,4,163840
90,4,normal_var1,omp_for,gpu_wave64,128,64,31.019751,934306.687549,1494178.039033,67158.792642,48685.645986,1,0.0120,1.8000,4,81920
90,4,normal_var4,omp_for,cpu_scalar,64,1,0.896909,4256.612432,6812.486655,45034.403280,1688.148886,1,0.0120,1.8000,4,7372800
90,4,normal_var4,omp_for,cpu_avx512,64,8,7.259949,60956.878822,97580.344977,93850.642005,9137.452222,1,0.0120,1.8000,4,901120
90,4,normal_var4,omp_for,gpu_scalar,128,1,0.467655,2128.306035,3406.243127,15524.438845,932.821607,1,0.0120,1.8000,4,7372800
90,4,normal_var4,omp_for,gpu_warp32,128,32,16.766290,275359.609393,440734.124256,53203.354586,22402.156341,1,0.0120,1.8000,4,163840
90,4,normal_var4,omp_for,gpu_wave64,128,64,31.859924,933726.851807,1494479.645752,65230.400334,47358.759755,1,0.0120,1.8000,4,81920
90,4,sequential,omp_for,cpu_scalar,64,1,0.773611,4272.560731,6833.141075,49309.355951,2535.949048,1,0.0120,1.8000,4,7372800
90,4,sequential,omp_for,cpu_avx512,64,8,6.284090,61177.054482,97843.118135,108146.746238,11104.029221,1,0.0120,1.8000,4,901120
90,4,sequential,omp_for,gpu_scalar,128,1,0.397917,2136.280380,3416.570570,16934.282372,1488.460478,1,0.0120,1.8000,4,7372800
90,4,sequential,omp_for,gpu_warp32,128,32,14.781244,276384.432837,442067.470107,60171.782485,25206.775605,1,0.0120,1.8000,4,163840
90,4,sequential,omp_for,gpu_wave64,128,64,29.562390,937241.224573,1499034.720911,69690.481802,50729.093421,1,0.0120,1.8000,4,81920
90,4,uniform,omp_collapse2,cpu_scalar,64,1,7.624927,768308.553226,864771.214198,228692.247289,117069.835712,1,0.0120,1.8000,4,7372800
90,4,uniform,omp_collapse2,cpu_avx512,64,8,60.992969,919666.799258,1035054.256708,334878.028953,16970.007438,1,0.0120,1.8000,4,921600
90,4,uniform,omp_collapse2,gpu_scalar,128,1,7.312427,384154.276482,486818.145853,117509.847918,67738.932654,1,0.0120,1.8000,4,7372800
90,4,uniform,omp_collapse2,gpu_warp32,128,32,233.891797,485711.457990,615268.729442,185263.501412,2630.533199,1,0.0120,1.8000,4,230400
90,4,uniform,omp_collapse2,gpu_wave64,128,64,467.560156,564913.972786,715180.443439,187250.243838,1529.437796,1,0.0120,1.8000,4,115200
90,4,normal_var1,omp_collapse2,cpu_scalar,64,1,6.923684,383340.656347,431507.540702,128062.408062,65358.540600,1,0.0120,1.8000,4,7372800
90,4,normal_var1,omp_collapse2,cpu_avx512,64,8,52.232650,461170.728013,519078.750989,195727.820300,9942.541454,1,0.0120,1.8000,4,921600
90,4,normal_var1,omp_collapse2,gpu_scalar,128,1,6.611183,191670.302078,242914.920358,65933.995232,37880.515490,1,0.0120,1.8000,4,7372800
90,4,normal_var1,omp_collapse2,gpu_warp32,128,32,198.907895,259170.691502,328235.579668,109179.346063,1651.746562,1,0.0120,1.8000,4,230400
90,4,normal_var1,omp_collapse2,gpu_wave64,128,64,397.749384,342906.088872,433775.601337,110576.242622,1092.034310,1,0.0120,1.8000,4,115200
90,4,normal_var4,omp_collapse2,cpu_scalar,64,1,7.096277,383102.079854,431195.457762,124486.163433,63577.506875,1,0.0120,1.8000,4,7372800
90,4,normal_var4,omp_collapse2,cpu_avx512,64,8,52.070545,460153.957453,517891.913939,196436.748590,9952.974799,1,0.0120,1.8000,4,921600
90,4,normal_var4,omp_collapse2,gpu_scalar,128,1,6.783777,191551.025436,242734.096522,64053.754929,36821.923174,1,0.0120,1.8000,4,7372800
90,4,normal_var4,omp_collapse2,gpu_warp32,128,32,198.246194,258068.703524,326856.215656,109544.462322,1648.419388,1,0.0120,1.8000,4,230400
90,4,normal_var4,omp_collapse2,gpu_wave64,128,64,396.411198,344114.427717,435328.763641,110909.834530,1097.749617,1,0.0120,1.8000,4,115200
90,4,sequential,omp_collapse2,cpu_scalar,64,1,6.624976,384546.741244,432838.742118,132804.449654,68048.834040,1,0.0120,1.8000,4,7372800
90,4,sequential,omp_collapse2,cpu_avx512,64,8,52.998340,461827.821963,519804.981768,192924.903416,9807.907430,1,0.0120,1.8000,4,921600
90,4,sequential,omp_collapse2,gpu_scalar,128,1,6.312476,192273.370520,243661.561519,68398.338099,39454.680105,1,0.0120,1.8000,4,7372800
90,4,sequential,omp_collapse2,gpu_warp32,128,32,201.962565,259994.770451,329287.041868,107493.064860,1631.394314,1,0.0120,1.8000,4,230400
90,4,sequential,omp_collapse2,gpu_wave64,128,64,403.862630,344188.127882,435384.849146,108853.750106,1078.960813,1,0.0120,1.8000,4,115200
90,1,exact,omp_for,cpu_scalar,64,1,1.802433,51.172508,51.834002,248.031681,39.129544,1,0.0120,1.8000,4,11059200
90,1,exact,omp_for,cpu_avx512,64,8,10.509440,155.428210,160.720165,1297.179690,14.481400,1,0.0120,1.8000,4,1382400
90,1,exact,omp_for,gpu_scalar,128,1,1.011410,25.545269,25.875992,76.867057,21.440519,1,0.0120,1.8000,4,11059200
90,1,exact,omp_for,gpu_warp32,128,32,20.005208,179.036890,194.855808,813.911738,9.067298,1,0.0120,1.8000,4,345600
90,1,exact,omp_for,gpu_wave64,128,64,39.207813,381.323597,438.582332,835.170991,10.831777,1,0.0120,1.8000,4,172800
90,1,exact,omp_collapse2,cpu_scalar,64,1,1.802434,51.187812,52.067233,248.032796,39.288646,1,0.0120,1.8000,4,11059200
90,1,exact,omp_collapse2,cpu_avx512,64,8,10.509447,155.580527,161.739361,1297.188214,14.565697,1,0.0120,1.8000,4,1382400
90,1,exact,omp_collapse2,gpu_scalar,128,1,1.011410,25.552920,25.992400,76.867589,21.525968,1,0.0120,1.8000,4,11059200
90,1,exact,omp_collapse2,gpu_warp32,128,32,20.005231,179.540550,196.396080,813.930786,9.134665,1,0.0120,1.8000,4,345600
90,1,exact,omp_collapse2,gpu_wave64,128,64,39.207882,383.013669,442.336132,835.209096,10.921241,1,0.0120,1.8000,4,172800
90,2,exact,omp_for,cpu_scalar,64,1,1.802433,51.291944,52.025074,66.619506,39.124636,1,0.0120,1.8000,4,11059200
90,2,exact,omp_for,cpu_avx512,64,8,10.509440,156.383697,162.248740,48.381338,13.899213,1,0.0120,1.8000,4,1382400
90,2,exact,omp_for,gpu_scalar,128,1,1.011410,25.604987,25.971528,30.746415,21.455863,1,0.0120,1.8000,4,11059200
90,2,exact,omp_for,gpu_warp32,128,32,20.005208,186.766800,207.222423,40.787730,9.595184,1,0.0120,1.8000,4,345600
90,2,exact,omp_for,gpu_wave64,128,64,39.207813,412.231201,488.029534,51.236823,12.011332,1,0.0120,1.8000,4,172800
90,2,exact,omp_collapse2,cpu_scalar,64,1,1.802434,51.310034,52.262789,66.621167,39.284352,1,0.0120,1.8000,4,11059200
90,2,exact,omp_collapse2,cpu_avx512,64,8,10.509447,156.558304,163.303808,48.394106,13.985389,1,0.0120,1.8000,4,1382400
90,2,exact,omp_collapse2,gpu_scalar,128,1,1.011410,25.614031,26.090178,30.747246,21.541659,1,0.0120,1.8000,4,11059200
90,2,exact,omp_collapse2,gpu_warp32,128,32,20.005231,187.404138,208.977821,40.813235,9.671156,1,0.0120,1.8000,4,345600
90,2,exact,omp_collapse2,gpu_wave64,128,64,39.207882,414.455706,492.643391,51.288179,12.120796,1,0.0120,1.8000,4,172800
90,3,exact,omp_for,cpu_scalar,64,1,0.901681,50.467808,68.166682,985.057419,23.869101,1,0.0120,1.8000,4,11059200
90,3,exact,omp_for,cpu_avx512,64,8,7.315813,705.008223,956.106968,1946.707625,95.797967,1,0.0120,1.8000,4,1351680
90,3,exact,omp_for,gpu_scalar,128,1,0.464488,25.233697,34.083009,326.155178,13.684107,1,0.0120,1.8000,4,11059200
90,3,exact,omp_for,gpu_warp32,128,32,16.573547,3214.087561,4344.286724,1055.908734,221.412469,1,0.0120,1.8000,4,245760
90,3,exact,omp_for,gpu_wave64,128,64,27.036906,10893.477645,14710.471818,1075.634468,497.591641,1,0.0120,1.8000,4,122880
90,3,exact,omp_collapse2,cpu_scalar,64,1,6.097404,4555.183566,5118.369944,2191.106943,821.829854,1,0.0120,1.8000,4,11059200
90,3,exact,omp_collapse2,cpu_avx512,64,8,40.891547,20827.353297,23479.495843,5182.342522,546.708558,1,0.0120,1.8000,4,1382400
90,3,exact,omp_collapse2,gpu_scalar,128,1,5.784904,2277.544174,2893.923829,1082.801647,474.961799,1,0.0120,1.8000,4,11059200
90,3,exact,omp_collapse2,gpu_warp32,128,32,146.230312,56666.433356,71651.341120,4564.241211,474.757989,1,0.0120,1.8000,4,345600
90,3,exact,omp_collapse2,gpu_wave64,128,64,288.275278,175495.727384,221857.294722,5999.541164,747.391443,1,0.0120,1.8000,4,172800
90,4,exact,omp_for,cpu_scalar,64,1,0.901681,50.467808,68.166682,983.317011,23.839534,1,0.0120,1.8000,4,11059200
90,4,exact,omp_for,cpu_avx512,64,8,7.315813,705.008223,956.106968,1935.968438,95.568269,1,0.0120,1.8000,4,1351680
90,4,exact,omp_for,gpu_scalar,128,1,0.464488,25.233697,34.083009,325.711324,13.683179,1,0.0120,1.8000,4,11059200
90,4,exact,omp_for,gpu_warp32,128,32,16.573547,3214.087561,4344.286724,1045.624614,221.452218,1,0.0120,1.8000,4,245760
90,4,exact,omp_for,gpu_wave64,128,64,27.036906,10893.477645,14710.471818,1059.846171,497.713884,1,0.0120,1.8000,4,122880
90,4,exact,omp_collapse2,cpu_scalar,64,1,6.097404,4555.305788,5118.565500,2034.222275,819.692900,1,0.0120,1.8000,4,11059200
90,4,exact,omp_collapse2,cpu_avx512,64,8,40.891547,20828.331075,23481.060291,4831.517154,546.321068,1,0.0120,1.8000,4,1382400
90,4,exact,omp_collapse2,gpu_scalar,128,1,5.784904,2277.605285,2894.021607,1043.361135,475.323052,1,0.0120,1.8000,4,11059200
90,4,exact,omp_collapse2,gpu_warp32,128,32,146.230312,56674.296944,71663.922861,4459.164955,474.840823,1,0.0120,1.8000,4,345600
90,4,exact,omp_collapse2,gpu_wave64,128,64,288.275278,175527.169421,221907.601981,5893.139740,747.559247,1,0.0120,1.8000,4,172800
