variant,N,BX,BY,TX,TY,SB,PAD,med_time_ms,std_time_ms,min_gbs,med_gbs,max_gbs,pct_peak_bw
naive,16384,32,8,1,8,32,1,4.3425,0.0291,485.1,494.5,502.8,13.9
blocked,16384,32,8,1,8,32,1,4.0127,0.0287,515.2,535.2,542.8,15.0
blocked,16384,32,8,1,8,64,1,4.4712,0.0329,468.3,480.3,488.7,13.5
blocked,16384,32,8,1,8,128,1,4.0062,0.0323,512.9,536.0,544.6,15.1
blocked,16384,32,8,1,8,256,1,4.3368,0.0664,474.9,495.2,506.9,13.9
smem,16384,32,8,1,8,32,1,0.8278,0.0302,2188.2,2594.3,2698.4,72.9
smem_blk,16384,32,8,1,8,32,1,0.8348,0.0425,2004.7,2572.6,2672.5,72.2
smem_blk,16384,32,8,1,8,64,1,0.8267,0.0428,2047.5,2597.6,2697.7,73.0
smem_blk,16384,32,8,1,8,128,1,0.8280,0.0324,2124.0,2593.6,2672.3,72.8
smem_blk,16384,32,8,1,8,256,1,0.8294,0.0306,2219.0,2589.3,2697.7,72.7
smem_pad,16384,32,8,1,8,32,1,0.8153,0.0149,2392.8,2633.8,2707.5,74.0
smem_swiz,16384,32,8,1,8,32,1,0.8230,0.0293,2421.2,2609.2,2842.7,73.3
smem_blk_swiz,16384,32,8,1,8,32,1,0.8081,0.0370,2203.3,2657.3,2812.7,74.6
smem_blk_swiz,16384,32,8,1,8,64,1,0.8133,0.0303,2445.1,2640.4,2815.0,74.2
smem_blk_swiz,16384,32,8,1,8,128,1,0.8049,0.0353,2277.9,2668.1,2819.8,74.9
smem_blk_swiz,16384,32,8,1,8,256,1,0.8047,0.0352,2264.8,2668.7,2851.9,74.9
smem_pad_blk,16384,32,8,1,8,32,1,0.7939,0.0267,2216.7,2705.1,2728.8,76.0
smem_pad_blk_vec,16384,32,8,1,8,32,1,0.6776,0.0449,2374.8,3169.4,3250.8,89.0
smem_pad_blk_vec_2x,16384,32,8,1,8,32,1,0.6878,0.0438,2351.7,3122.3,3208.3,87.7
naive,16384,32,16,1,8,32,1,3.8553,0.1213,425.7,557.0,563.2,15.6
blocked,16384,32,16,1,8,32,1,4.1443,0.1014,418.1,518.2,526.4,14.6
blocked,16384,32,16,1,8,64,1,3.8562,0.1216,425.3,556.9,563.0,15.6
blocked,16384,32,16,1,8,128,1,4.1506,0.0261,506.0,517.4,525.0,14.5
blocked,16384,32,16,1,8,256,1,3.8559,0.1126,433.8,556.9,562.6,15.6
smem,16384,32,16,1,8,32,1,0.8846,0.0357,2010.5,2427.6,2515.6,68.2
smem_blk,16384,32,16,1,8,32,1,0.8779,0.0279,2071.7,2446.0,2530.8,68.7
smem_blk,16384,32,16,1,8,64,1,0.8867,0.0329,2058.1,2422.0,2512.8,68.0
smem_blk,16384,32,16,1,8,128,1,0.8797,0.0362,2031.2,2441.3,2529.9,68.6
smem_blk,16384,32,16,1,8,256,1,0.8861,0.0334,2065.5,2423.6,2517.0,68.1
smem_pad,16384,32,16,1,8,32,1,0.8557,0.0270,2108.0,2509.6,2539.2,70.5
smem_swiz,16384,32,16,1,8,32,1,0.8331,0.0236,2329.8,2577.8,2746.3,72.4
smem_blk_swiz,16384,32,16,1,8,32,1,0.8256,0.0159,2473.2,2601.0,2775.8,73.0
smem_blk_swiz,16384,32,16,1,8,64,1,0.8239,0.0272,2267.5,2606.4,2774.2,73.2
smem_blk_swiz,16384,32,16,1,8,128,1,0.8301,0.0218,2383.7,2586.9,2748.8,72.7
smem_blk_swiz,16384,32,16,1,8,256,1,0.8339,0.0223,2362.8,2575.2,2761.4,72.3
smem_pad_blk,16384,32,16,1,8,32,1,0.8565,0.0149,2348.5,2507.3,2531.8,70.4
smem_pad_blk_vec,16384,32,16,1,8,32,1,0.6856,0.0149,2805.0,3132.2,3237.2,88.0
smem_pad_blk_vec_2x,16384,32,16,1,8,32,1,0.6720,0.0122,2868.2,3195.7,3225.8,89.7
naive,16384,32,8,2,4,32,1,3.4576,0.0906,508.1,621.1,639.9,17.4
blocked,16384,32,8,2,4,32,1,3.2683,0.0974,517.4,657.1,670.5,18.5
blocked,16384,32,8,2,4,64,1,3.4552,0.0543,589.8,621.5,641.1,17.5
blocked,16384,32,8,2,4,128,1,3.2683,0.0527,607.0,657.1,674.5,18.5
blocked,16384,32,8,2,4,256,1,3.4661,0.0597,593.0,619.6,643.4,17.4
smem,16384,32,8,2,4,32,1,0.8366,0.0414,2027.2,2567.0,2670.7,72.1
smem_blk,16384,32,8,2,4,32,1,0.8457,0.0314,2079.5,2539.3,2630.0,71.3
smem_blk,16384,32,8,2,4,64,1,0.8394,0.0450,2006.2,2558.2,2662.0,71.8
smem_blk,16384,32,8,2,4,128,1,0.8486,0.0406,2019.1,2530.7,2627.8,71.1
smem_blk,16384,32,8,2,4,256,1,0.8357,0.0297,2179.0,2569.7,2662.4,72.2
smem_pad,16384,32,8,2,4,32,1,0.8201,0.0144,2437.1,2618.6,2654.6,73.5
smem_swiz,16384,32,8,2,4,32,1,0.8254,0.0248,2511.2,2601.6,2763.7,73.1
smem_blk_swiz,16384,32,8,2,4,32,1,0.8296,0.0257,2334.2,2588.6,2758.1,72.7
smem_blk_swiz,16384,32,8,2,4,64,1,0.8245,0.0253,2450.0,2604.7,2781.7,73.2
smem_blk_swiz,16384,32,8,2,4,128,1,0.8211,0.0373,2118.7,2615.5,2779.4,73.5
smem_blk_swiz,16384,32,8,2,4,256,1,0.8178,0.0376,2188.3,2625.9,2783.9,73.7
smem_pad_blk,16384,32,8,2,4,32,1,0.8209,0.0141,2449.9,2616.0,2650.2,73.5
smem_pad_blk_vec,16384,32,8,2,4,32,1,0.6634,0.0137,2788.6,3237.2,3273.0,90.9
smem_pad_blk_vec_2x,16384,32,8,2,4,32,1,0.6836,0.0140,2776.8,3141.4,3223.7,88.2
naive,16384,32,16,2,4,32,1,3.2454,0.0711,612.7,661.7,693.3,18.6
blocked,16384,32,16,2,4,32,1,3.3901,0.1023,524.9,633.5,666.4,17.8
blocked,16384,32,16,2,4,64,1,3.2464,0.0629,629.8,661.5,685.8,18.6
blocked,16384,32,16,2,4,128,1,3.4041,0.1451,463.3,630.8,665.9,17.7
blocked,16384,32,16,2,4,256,1,3.2546,0.0652,621.5,659.8,693.0,18.5
smem,16384,32,16,2,4,32,1,0.9157,0.0310,1973.7,2345.2,2456.2,65.9
smem_blk,16384,32,16,2,4,32,1,0.8963,0.0344,1946.4,2395.8,2486.0,67.3
smem_blk,16384,32,16,2,4,64,1,0.9023,0.0351,1945.3,2380.0,2463.9,66.8
smem_blk,16384,32,16,2,4,128,1,0.8973,0.0349,1919.1,2393.3,2485.3,67.2
smem_blk,16384,32,16,2,4,256,1,0.9043,0.0342,1979.1,2374.8,2463.3,66.7
smem_pad,16384,32,16,2,4,32,1,0.8839,0.0137,2303.6,2429.4,2487.8,68.2
smem_swiz,16384,32,16,2,4,32,1,0.8537,0.0385,1964.1,2515.5,2614.9,70.6
smem_blk_swiz,16384,32,16,2,4,32,1,0.8388,0.0212,2322.0,2560.3,2731.3,71.9
smem_blk_swiz,16384,32,16,2,4,64,1,0.8407,0.0196,2352.1,2554.5,2692.7,71.7
smem_blk_swiz,16384,32,16,2,4,128,1,0.8479,0.0372,2002.9,2532.6,2641.3,71.1
smem_blk_swiz,16384,32,16,2,4,256,1,0.8544,0.0373,1999.9,2513.3,2618.1,70.6
smem_pad_blk,16384,32,16,2,4,32,1,0.9092,0.0372,1907.6,2361.9,2470.4,66.3
smem_pad_blk_vec,16384,32,16,2,4,32,1,0.6813,0.0413,2337.5,3152.2,3237.5,88.5
smem_pad_blk_vec_2x,16384,32,16,2,4,32,1,0.6516,0.0160,2867.4,3295.8,3321.2,92.6
naive,16384,32,8,4,1,32,1,3.1195,0.0499,617.6,688.4,698.2,19.3
blocked,16384,32,8,4,1,32,1,3.0055,0.0718,650.4,714.5,733.6,20.1
blocked,16384,32,8,4,1,64,1,3.1188,0.0478,622.2,688.6,700.2,19.3
blocked,16384,32,8,4,1,128,1,3.0593,0.0682,647.0,702.0,735.3,19.7
blocked,16384,32,8,4,1,256,1,3.1461,0.0533,631.4,682.6,698.0,19.2
smem,16384,32,8,4,1,32,1,1.3501,0.0370,1305.2,1590.6,1623.3,44.7
smem_blk,16384,32,8,4,1,32,1,1.4080,0.0555,1307.0,1525.2,1600.3,42.8
smem_blk,16384,32,8,4,1,64,1,1.3897,0.0310,1370.8,1545.3,1568.6,43.4
smem_blk,16384,32,8,4,1,128,1,1.4282,0.0433,1348.6,1503.6,1576.4,42.2
smem_blk,16384,32,8,4,1,256,1,1.3414,0.0359,1313.8,1600.9,1627.7,45.0
smem_pad,16384,32,8,4,1,32,1,1.3968,0.0455,1335.8,1537.4,1585.0,43.2
smem_swiz,16384,32,8,4,1,32,1,1.3554,0.0345,1361.1,1584.4,1619.6,44.5
smem_blk_swiz,16384,32,8,4,1,32,1,1.4392,0.0523,1302.4,1492.1,1583.6,41.9
smem_blk_swiz,16384,32,8,4,1,64,1,1.3566,0.0350,1368.8,1583.0,1620.6,44.5
smem_blk_swiz,16384,32,8,4,1,128,1,1.4542,0.0418,1328.4,1476.8,1565.1,41.5
smem_blk_swiz,16384,32,8,4,1,256,1,1.3687,0.0354,1330.5,1569.0,1612.2,44.1
smem_pad_blk,16384,32,8,4,1,32,1,1.4030,0.0439,1321.8,1530.6,1578.4,43.0
smem_pad_blk_vec,16384,32,8,4,1,32,1,1.6635,0.0139,1239.7,1290.9,1316.4,36.3
smem_pad_blk_vec_2x,16384,32,8,4,1,32,1,1.3494,0.0410,1348.0,1591.5,1624.6,44.7
naive,16384,32,16,4,1,32,1,2.5219,0.0698,749.0,851.5,868.6,23.9
blocked,16384,32,16,4,1,32,1,2.5471,0.0585,754.8,843.1,869.1,23.7
blocked,16384,32,16,4,1,64,1,2.5305,0.0610,757.5,848.6,873.9,23.8
blocked,16384,32,16,4,1,128,1,2.5394,0.0639,749.9,845.7,861.9,23.7
blocked,16384,32,16,4,1,256,1,2.5500,0.0617,752.2,842.2,865.1,23.7
smem,16384,32,16,4,1,32,1,1.0275,0.0204,1872.0,2090.0,2133.3,58.7
smem_blk,16384,32,16,4,1,32,1,0.9642,0.0229,2039.1,2227.3,2290.9,62.6
smem_blk,16384,32,16,4,1,64,1,1.0232,0.0306,1769.5,2098.8,2123.5,58.9
smem_blk,16384,32,16,4,1,128,1,0.9639,0.0195,2046.1,2228.0,2273.5,62.6
smem_blk,16384,32,16,4,1,256,1,1.0255,0.0289,1768.8,2094.0,2119.3,58.8
smem_pad,16384,32,16,4,1,32,1,0.9747,0.0209,2059.6,2203.2,2269.8,61.9
smem_swiz,16384,32,16,4,1,32,1,1.0401,0.0337,1698.8,2064.6,2097.2,58.0
smem_blk_swiz,16384,32,16,4,1,32,1,0.9822,0.0221,2042.6,2186.4,2262.3,61.4
smem_blk_swiz,16384,32,16,4,1,64,1,1.0502,0.0319,1743.9,2044.8,2095.8,57.4
smem_blk_swiz,16384,32,16,4,1,128,1,0.9809,0.0218,2032.3,2189.4,2263.4,61.5
smem_blk_swiz,16384,32,16,4,1,256,1,1.0541,0.0191,1935.8,2037.2,2095.1,57.2
smem_pad_blk,16384,32,16,4,1,32,1,0.9737,0.0221,2031.5,2205.5,2271.0,61.9
smem_pad_blk_vec,16384,32,16,4,1,32,1,0.8473,0.0308,2132.1,2534.4,2566.8,71.2
smem_pad_blk_vec_2x,16384,32,16,4,1,32,1,0.7978,0.0493,2007.9,2691.7,2730.1,75.6
naive,16384,32,8,4,2,32,1,3.3533,0.1010,588.0,640.4,686.9,18.0
blocked,16384,32,8,4,2,32,1,3.1133,0.1016,657.1,689.8,744.2,19.4
blocked,16384,32,8,4,2,64,1,3.3540,0.1240,524.1,640.3,680.8,18.0
blocked,16384,32,8,4,2,128,1,3.1159,0.1070,638.7,689.2,749.4,19.4
blocked,16384,32,8,4,2,256,1,3.3736,0.0995,604.2,636.6,689.5,17.9
smem,16384,32,8,4,2,32,1,0.9418,0.0320,1902.2,2280.2,2379.5,64.0
smem_blk,16384,32,8,4,2,32,1,0.9846,0.0297,1864.2,2181.1,2268.6,61.3
smem_blk,16384,32,8,4,2,64,1,0.9402,0.0208,2170.7,2284.1,2397.3,64.1
smem_blk,16384,32,8,4,2,128,1,0.9816,0.0333,1806.1,2187.6,2262.8,61.4
smem_blk,16384,32,8,4,2,256,1,0.9416,0.0178,2154.8,2280.6,2404.9,64.0
smem_pad,16384,32,8,4,2,32,1,1.0119,0.0138,1992.5,2122.3,2143.6,59.6
smem_swiz,16384,32,8,4,2,32,1,0.9514,0.0145,2152.0,2257.1,2322.1,63.4
smem_blk_swiz,16384,32,8,4,2,32,1,0.9836,0.0179,2042.6,2183.3,2247.7,61.3
smem_blk_swiz,16384,32,8,4,2,64,1,0.9506,0.0138,2109.8,2259.0,2338.6,63.4
smem_blk_swiz,16384,32,8,4,2,128,1,0.9865,0.0187,2051.2,2176.9,2259.1,61.1
smem_blk_swiz,16384,32,8,4,2,256,1,0.9476,0.0275,1904.5,2266.1,2338.4,63.6
smem_pad_blk,16384,32,8,4,2,32,1,1.0127,0.0133,1985.8,2120.5,2150.3,59.6
smem_pad_blk_vec,16384,32,8,4,2,32,1,0.8022,0.0302,2273.5,2677.0,2706.0,75.2
smem_pad_blk_vec_2x,16384,32,8,4,2,32,1,0.8992,0.0050,2327.5,2388.3,2444.8,67.1
naive,16384,32,16,4,2,32,1,3.1649,0.0829,620.8,678.5,719.1,19.1
blocked,16384,32,16,4,2,32,1,3.2571,0.0804,607.9,659.3,708.0,18.5
blocked,16384,32,16,4,2,64,1,3.1467,0.0761,622.1,682.5,712.4,19.2
blocked,16384,32,16,4,2,128,1,3.2338,0.0838,600.9,664.1,695.5,18.7
blocked,16384,32,16,4,2,256,1,3.1603,0.0754,638.3,679.5,715.0,19.1
smem,16384,32,16,4,2,32,1,0.8961,0.0370,2001.1,2396.5,2482.5,67.3
smem_blk,16384,32,16,4,2,32,1,0.8877,0.0358,2023.2,2419.1,2506.0,67.9
smem_blk,16384,32,16,4,2,64,1,0.8957,0.0319,2034.9,2397.5,2477.0,67.3
smem_blk,16384,32,16,4,2,128,1,0.8885,0.0321,2080.1,2416.9,2501.3,67.9
smem_blk,16384,32,16,4,2,256,1,0.8953,0.0319,2051.8,2398.5,2480.6,67.4
smem_pad,16384,32,16,4,2,32,1,0.8636,0.0175,2275.4,2486.7,2508.4,69.8
smem_swiz,16384,32,16,4,2,32,1,0.8444,0.0205,2291.4,2543.1,2698.2,71.4
smem_blk_swiz,16384,32,16,4,2,32,1,0.8315,0.0180,2407.2,2582.5,2737.6,72.5
smem_blk_swiz,16384,32,16,4,2,64,1,0.8464,0.0309,2111.4,2537.3,2637.3,71.3
smem_blk_swiz,16384,32,16,4,2,128,1,0.8291,0.0216,2365.1,2590.1,2747.0,72.7
smem_blk_swiz,16384,32,16,4,2,256,1,0.8429,0.0224,2285.1,2547.8,2682.9,71.6
smem_pad_blk,16384,32,16,4,2,32,1,0.8651,0.0138,2334.6,2482.2,2520.0,69.7
smem_pad_blk_vec,16384,32,16,4,2,32,1,0.6804,0.0138,2862.7,3156.4,3221.1,88.6
smem_pad_blk_vec_2x,16384,32,16,4,2,32,1,0.6577,0.0444,2383.8,3264.9,3318.4,91.7
naive,16384,32,8,2,2,32,1,3.3211,0.0663,569.2,646.6,656.8,18.2
blocked,16384,32,8,2,2,32,1,3.1563,0.0572,614.4,680.4,689.8,19.1
blocked,16384,32,8,2,2,64,1,3.3178,0.0475,608.8,647.3,657.3,18.2
blocked,16384,32,8,2,2,128,1,3.1524,0.0570,618.9,681.2,688.3,19.1
blocked,16384,32,8,2,2,256,1,3.3258,0.0511,602.0,645.7,656.5,18.1
smem,16384,32,8,2,2,32,1,0.9528,0.0297,1905.7,2253.8,2287.2,63.3
smem_blk,16384,32,8,2,2,32,1,1.0057,0.0248,1925.6,2135.2,2214.4,60.0
smem_blk,16384,32,8,2,2,64,1,0.9528,0.0177,2126.6,2253.9,2300.7,63.3
smem_blk,16384,32,8,2,2,128,1,0.9983,0.0219,1974.6,2151.2,2225.2,60.4
smem_blk,16384,32,8,2,2,256,1,0.9509,0.0216,2088.0,2258.3,2318.5,63.4
smem_pad,16384,32,8,2,2,32,1,0.9872,4.0257,51.8,2175.4,2238.6,61.1
smem_swiz,16384,32,8,2,2,32,1,0.9607,0.0163,2113.2,2235.2,2296.2,62.8
smem_blk_swiz,16384,32,8,2,2,32,1,0.9992,0.0212,2032.5,2149.2,2236.0,60.4
smem_blk_swiz,16384,32,8,2,2,64,1,0.9594,0.0166,2114.2,2238.3,2295.6,62.9
smem_blk_swiz,16384,32,8,2,2,128,1,0.9977,0.0331,1805.3,2152.5,2228.5,60.5
smem_blk_swiz,16384,32,8,2,2,256,1,0.9595,0.0291,1884.3,2238.2,2302.9,62.9
smem_pad_blk,16384,32,8,2,2,32,1,0.9889,0.0233,2024.7,2171.6,2243.9,61.0
smem_pad_blk_vec,16384,32,8,2,2,32,1,0.8039,0.0141,2511.0,2671.2,2711.6,75.0
smem_pad_blk_vec_2x,16384,32,8,2,2,32,1,0.9166,0.0351,2021.3,2342.9,2436.4,65.8
naive,16384,32,8,4,4,32,1,3.2190,0.0654,632.1,667.1,695.4,18.7
blocked,16384,32,8,4,4,32,1,3.2944,0.0712,592.7,651.9,674.8,18.3
blocked,16384,32,8,4,4,64,1,3.2185,0.0601,621.2,667.2,689.6,18.7
blocked,16384,32,8,4,4,128,1,3.2862,0.0618,606.6,653.5,673.1,18.4
blocked,16384,32,8,4,4,256,1,3.2144,0.0635,618.9,668.1,691.0,18.8
smem,16384,32,8,4,4,32,1,1.0836,0.0326,1605.9,1981.7,2004.6,55.7
smem_blk,16384,32,8,4,4,32,1,1.0636,0.0332,1609.6,2019.0,2074.3,56.7
smem_blk,16384,32,8,4,4,64,1,1.0814,0.0169,1846.9,1985.8,2023.0,55.8
smem_blk,16384,32,8,4,4,128,1,1.0634,0.0309,1650.2,2019.4,2043.0,56.7
smem_blk,16384,32,8,4,4,256,1,1.0821,0.0224,1776.9,1984.6,2029.8,55.7
smem_pad,16384,32,8,4,4,32,1,1.1525,0.0407,1452.6,1863.4,1881.3,52.3
smem_swiz,16384,32,8,4,4,32,1,1.0258,0.0189,1869.5,2093.4,2119.3,58.8
smem_blk_swiz,16384,32,8,4,4,32,1,0.9979,0.0189,1972.2,2152.0,2169.6,60.4
smem_blk_swiz,16384,32,8,4,4,64,1,1.0268,0.0301,1740.8,2091.5,2109.4,58.7
smem_blk_swiz,16384,32,8,4,4,128,1,0.9990,0.0343,1725.1,2149.6,2167.6,60.4
smem_blk_swiz,16384,32,8,4,4,256,1,1.0244,0.0197,1857.9,2096.3,2129.1,58.9
smem_pad_blk,16384,32,8,4,4,32,1,1.1531,0.0170,1733.1,1862.4,1905.4,52.3
smem_pad_blk_vec,16384,32,8,4,4,32,1,0.7106,0.0410,2338.7,3021.9,3186.9,84.9
smem_pad_blk_vec_2x,16384,32,8,4,4,32,1,0.7033,0.0096,2882.2,3053.6,3215.9,85.8
naive,16384,32,32,1,1,32,1,3.0565,0.0518,637.1,702.6,706.9,19.7
blocked,16384,32,32,1,1,32,1,3.0653,0.0628,615.7,700.6,703.4,19.7
blocked,16384,32,32,1,1,64,1,3.0589,0.0608,620.6,702.0,707.7,19.7
blocked,16384,32,32,1,1,128,1,3.0666,0.0614,616.0,700.3,705.1,19.7
blocked,16384,32,32,1,1,256,1,3.0569,0.0594,629.9,702.5,707.3,19.7
smem,16384,32,32,1,1,32,1,1.0813,0.0323,1623.5,1986.0,2006.9,55.8
smem_blk,16384,32,32,1,1,32,1,1.1017,0.0333,1588.6,1949.3,1968.6,54.7
smem_blk,16384,32,32,1,1,64,1,1.0808,0.0233,1752.9,1986.9,2013.2,55.8
smem_blk,16384,32,32,1,1,128,1,1.1008,0.0216,1758.2,1950.9,1967.8,54.8
smem_blk,16384,32,32,1,1,256,1,1.0803,0.0233,1743.5,1987.9,2010.4,55.8
smem_pad,16384,32,32,1,1,32,1,0.8893,0.0236,2111.5,2414.8,2443.8,67.8
smem_swiz,16384,32,32,1,1,32,1,0.8747,0.0252,2189.2,2455.1,2477.5,68.9
smem_blk_swiz,16384,32,32,1,1,32,1,0.8889,0.0227,2174.9,2416.0,2444.8,67.9
smem_blk_swiz,16384,32,32,1,1,64,1,0.8744,0.0338,1946.7,2456.1,2484.7,69.0
smem_blk_swiz,16384,32,32,1,1,128,1,0.8881,0.0246,2093.4,2418.1,2442.0,67.9
smem_blk_swiz,16384,32,32,1,1,256,1,0.8779,0.0219,2250.4,2446.0,2472.3,68.7
smem_pad_blk,16384,32,32,1,1,32,1,0.8876,0.0341,1933.8,2419.4,2443.1,67.9
smem_pad_blk_vec,16384,32,32,1,1,32,1,0.8327,0.0156,2343.8,2578.9,2602.6,72.4
smem_pad_blk_vec_2x,16384,32,32,1,1,32,1,0.8199,0.0136,2454.6,2619.3,2640.0,73.6
naive,16384,32,32,1,2,32,1,3.2609,0.1619,492.2,658.6,739.8,18.5
blocked,16384,32,32,1,2,32,1,3.4175,0.1102,489.2,628.4,647.6,17.6
blocked,16384,32,32,1,2,64,1,3.2432,0.1409,631.9,662.2,745.2,18.6
blocked,16384,32,32,1,2,128,1,3.4159,0.0991,500.7,628.7,646.9,17.7
blocked,16384,32,32,1,2,256,1,3.2301,0.1215,632.0,664.8,737.5,18.7
smem,16384,32,32,1,2,32,1,1.1477,0.0246,1690.9,1871.1,1940.3,52.5
smem_blk,16384,32,32,1,2,32,1,1.1316,0.0310,1636.9,1897.7,1962.3,53.3
smem_blk,16384,32,32,1,2,64,1,1.1478,0.0265,1708.1,1871.0,1938.0,52.5
smem_blk,16384,32,32,1,2,128,1,1.1272,0.0320,1601.6,1905.2,1966.0,53.5
smem_blk,16384,32,32,1,2,256,1,1.1400,0.0298,1664.2,1883.8,1953.5,52.9
smem_pad,16384,32,32,1,2,32,1,0.8873,0.0347,1916.9,2420.3,2448.6,68.0
smem_swiz,16384,32,32,1,2,32,1,0.9297,0.0241,1956.5,2310.0,2342.0,64.9
smem_blk_swiz,16384,32,32,1,2,32,1,0.9148,0.0257,1963.3,2347.5,2367.9,65.9
smem_blk_swiz,16384,32,32,1,2,64,1,0.9341,0.0215,2084.3,2298.9,2322.7,64.6
smem_blk_swiz,16384,32,32,1,2,128,1,0.9138,0.0289,1945.4,2349.9,2371.5,66.0
smem_blk_swiz,16384,32,32,1,2,256,1,0.9304,0.0286,1942.9,2308.2,2330.1,64.8
smem_pad_blk,16384,32,32,1,2,32,1,0.8868,0.0202,2220.3,2421.7,2455.9,68.0
smem_pad_blk_vec,16384,32,32,1,2,32,1,0.7588,0.0110,2706.1,2829.9,2903.1,79.5
smem_pad_blk_vec_2x,16384,32,32,1,2,32,1,0.7257,0.0130,2740.0,2959.2,3064.3,83.1
naive,16384,32,32,2,1,32,1,3.1227,0.1033,523.1,687.7,692.5,19.3
blocked,16384,32,32,2,1,32,1,3.1191,0.0457,640.9,688.5,694.4,19.3
blocked,16384,32,32,2,1,64,1,3.1352,0.0498,633.4,685.0,693.3,19.2
blocked,16384,32,32,2,1,128,1,3.1186,0.0463,638.8,688.6,697.6,19.3
blocked,16384,32,32,2,1,256,1,3.1236,0.0483,633.1,687.5,693.8,19.3
smem,16384,32,32,2,1,32,1,1.1293,0.0286,1646.4,1901.6,1930.9,53.4
smem_blk,16384,32,32,2,1,32,1,1.1446,0.0297,1644.8,1876.1,1906.8,52.7
smem_blk,16384,32,32,2,1,64,1,1.1278,0.0277,1696.3,1904.2,1928.0,53.5
smem_blk,16384,32,32,2,1,128,1,1.1464,0.0312,1562.3,1873.2,1896.5,52.6
smem_blk,16384,32,32,2,1,256,1,1.1254,0.0316,1637.8,1908.2,1935.4,53.6
smem_pad,16384,32,32,2,1,32,1,0.9095,0.0419,1860.4,2361.2,2395.5,66.3
smem_swiz,16384,32,32,2,1,32,1,0.9521,0.0421,1799.3,2255.5,2327.2,63.3
smem_blk_swiz,16384,32,32,2,1,32,1,0.9537,0.0394,1811.5,2251.9,2299.1,63.2
smem_blk_swiz,16384,32,32,2,1,64,1,0.9549,0.0381,1848.5,2248.9,2325.9,63.2
smem_blk_swiz,16384,32,32,2,1,128,1,0.9437,0.0373,1811.0,2275.6,2304.9,63.9
smem_blk_swiz,16384,32,32,2,1,256,1,0.9578,0.0195,2052.5,2242.1,2310.2,63.0
smem_pad_blk,16384,32,32,2,1,32,1,0.9299,0.0252,2050.9,2309.4,2389.5,64.9
smem_pad_blk_vec,16384,32,32,2,1,32,1,0.7390,0.0091,2809.1,2905.9,3029.1,81.6
smem_pad_blk_vec_2x,16384,32,32,2,1,32,1,0.7182,0.0113,2756.4,2990.2,3144.4,84.0
naive,16384,32,32,1,4,32,1,3.0339,0.0312,679.3,707.8,723.9,19.9
blocked,16384,32,32,1,4,32,1,3.1321,0.0283,655.1,685.6,695.9,19.3
blocked,16384,32,32,1,4,64,1,3.0299,0.0317,672.3,708.8,727.3,19.9
blocked,16384,32,32,1,4,128,1,3.1358,0.0151,669.8,684.8,690.0,19.2
blocked,16384,32,32,1,4,256,1,3.0336,0.0330,679.9,707.9,730.2,19.9
smem,16384,32,32,1,4,32,1,1.1293,0.0320,1618.4,1901.6,1970.6,53.4
smem_blk,16384,32,32,1,4,32,1,1.1297,0.0318,1637.4,1901.0,1962.2,53.4
smem_blk,16384,32,32,1,4,64,1,1.1345,0.0306,1650.7,1893.0,1957.7,53.2
smem_blk,16384,32,32,1,4,128,1,1.1339,0.0346,1634.1,1894.0,1991.7,53.2
smem_blk,16384,32,32,1,4,256,1,1.1354,0.0311,1663.4,1891.4,1958.7,53.1
smem_pad,16384,32,32,1,4,32,1,0.8439,0.0223,2337.2,2544.8,2661.3,71.5
smem_swiz,16384,32,32,1,4,32,1,0.8678,0.0271,2163.0,2474.5,2586.8,69.5
smem_blk_swiz,16384,32,32,1,4,32,1,0.8573,0.0231,2228.3,2505.0,2612.9,70.4
smem_blk_swiz,16384,32,32,1,4,64,1,0.8690,0.0221,2183.9,2471.3,2587.4,69.4
smem_blk_swiz,16384,32,32,1,4,128,1,0.8583,0.0260,2192.2,2502.0,2622.8,70.3
smem_blk_swiz,16384,32,32,1,4,256,1,0.8728,0.0270,2243.8,2460.4,2596.2,69.1
smem_pad_blk,16384,32,32,1,4,32,1,0.8464,0.0221,2371.3,2537.3,2695.0,71.3
smem_pad_blk_vec,16384,32,32,1,4,32,1,0.7279,0.0193,2693.9,2950.3,3055.2,82.9
smem_pad_blk_vec_2x,16384,32,32,1,4,32,1,0.7029,0.0326,2720.5,3055.0,3225.0,85.8
naive,16384,32,32,2,2,32,1,3.5789,0.0308,575.5,600.0,608.5,16.9
blocked,16384,32,32,2,2,32,1,3.6212,0.0415,558.5,593.0,601.5,16.7
blocked,16384,32,32,2,2,64,1,3.5782,0.0366,574.2,600.2,613.4,16.9
blocked,16384,32,32,2,2,128,1,3.6207,0.0497,544.2,593.1,599.0,16.7
blocked,16384,32,32,2,2,256,1,3.5750,0.0499,555.0,600.7,614.6,16.9
smem,16384,32,32,2,2,32,1,1.1272,0.0479,1462.7,1905.1,1960.0,53.5
smem_blk,16384,32,32,2,2,32,1,1.1327,0.0476,1468.2,1895.9,1960.2,53.2
smem_blk,16384,32,32,2,2,64,1,1.1229,0.0365,1636.9,1912.4,1968.8,53.7
smem_blk,16384,32,32,2,2,128,1,1.1296,0.0316,1657.0,1901.0,1957.9,53.4
smem_blk,16384,32,32,2,2,256,1,1.1245,0.0317,1656.5,1909.7,1960.2,53.6
smem_pad,16384,32,32,2,2,32,1,0.9022,0.0320,2120.8,2380.2,2491.0,66.8
smem_swiz,16384,32,32,2,2,32,1,0.9122,0.0539,1776.4,2354.1,2477.5,66.1
smem_blk_swiz,16384,32,32,2,2,32,1,0.9396,0.0370,1986.0,2285.6,2455.2,64.2
smem_blk_swiz,16384,32,32,2,2,64,1,0.9296,0.0536,1812.2,2310.2,2474.2,64.9
smem_blk_swiz,16384,32,32,2,2,128,1,0.9159,0.0367,2063.0,2344.6,2457.3,65.8
smem_blk_swiz,16384,32,32,2,2,256,1,0.9191,0.0517,1812.6,2336.5,2479.7,65.6
smem_pad_blk,16384,32,32,2,2,32,1,0.9023,0.0330,2119.1,2379.9,2493.9,66.8
smem_pad_blk_vec,16384,32,32,2,2,32,1,0.7120,0.0134,2780.7,3016.2,3083.3,84.7
smem_pad_blk_vec_2x,16384,32,32,2,2,32,1,0.7209,0.0286,2811.9,2978.7,3222.3,83.7
naive,16384,16,8,1,1,32,1,2.1034,0.0292,961.7,1021.0,1039.5,28.7
blocked,16384,16,8,1,1,32,1,2.2662,0.0336,867.9,947.6,970.5,26.6
blocked,16384,16,8,1,1,64,1,2.1035,0.0273,966.7,1020.9,1042.2,28.7
blocked,16384,16,8,1,1,128,1,2.2626,0.0352,867.1,949.1,983.3,26.7
blocked,16384,16,8,1,1,256,1,2.0934,0.0427,888.3,1025.9,1048.2,28.8
smem,16384,16,8,1,1,32,1,1.4492,0.0462,1233.3,1481.9,1501.1,41.6
smem_blk,16384,16,8,1,1,32,1,1.5689,0.0470,1210.9,1368.7,1398.6,38.4
smem_blk,16384,16,8,1,1,64,1,1.4478,0.0467,1209.2,1483.3,1501.1,41.7
smem_blk,16384,16,8,1,1,128,1,1.5911,0.0406,1212.7,1349.7,1367.7,37.9
smem_blk,16384,16,8,1,1,256,1,1.4492,0.0426,1230.1,1481.8,1508.2,41.6
smem_pad,16384,16,8,1,1,32,1,1.4268,0.0727,1174.1,1505.1,1529.6,42.3
smem_swiz,16384,16,8,1,1,32,1,1.4462,0.0446,1248.0,1484.9,1508.9,41.7
smem_blk_swiz,16384,16,8,1,1,32,1,1.4285,0.0848,1166.9,1503.4,1534.7,42.2
smem_blk_swiz,16384,16,8,1,1,64,1,1.4511,0.0466,1239.4,1479.9,1506.4,41.6
smem_blk_swiz,16384,16,8,1,1,128,1,1.4299,0.0825,1167.9,1501.8,1524.8,42.2
smem_blk_swiz,16384,16,8,1,1,256,1,1.4394,0.0443,1232.1,1491.9,1512.6,41.9
smem_pad_blk,16384,16,8,1,1,32,1,1.4240,0.0525,1189.3,1508.0,1533.6,42.4
smem_pad_blk_vec,16384,16,8,1,1,32,1,1.4888,0.0526,1167.3,1442.4,1474.4,40.5
smem_pad_blk_vec_2x,16384,16,8,1,1,32,1,1.3595,0.0333,1344.1,1579.6,1624.6,44.4
naive,16384,16,16,1,1,32,1,1.5705,0.0335,1200.7,1367.3,1394.8,38.4
blocked,16384,16,16,1,1,32,1,1.4690,0.0290,1343.5,1461.9,1516.2,41.1
blocked,16384,16,16,1,1,64,1,1.5739,0.0162,1291.2,1364.4,1385.8,38.3
blocked,16384,16,16,1,1,128,1,1.4646,0.0304,1319.8,1466.2,1514.5,41.2
blocked,16384,16,16,1,1,256,1,1.5717,0.0197,1281.9,1366.3,1388.9,38.4
smem,16384,16,16,1,1,32,1,1.0931,0.0178,1860.7,1964.5,1983.4,55.2
smem_blk,16384,16,16,1,1,32,1,1.1535,0.0369,1540.4,1861.7,1874.5,52.3
smem_blk,16384,16,16,1,1,64,1,1.0928,0.0139,1868.1,1965.1,1983.2,55.2
smem_blk,16384,16,16,1,1,128,1,1.1545,0.0167,1735.4,1860.1,1873.4,52.2
smem_blk,16384,16,16,1,1,256,1,1.0931,0.0132,1887.9,1964.5,1975.2,55.2
smem_pad,16384,16,16,1,1,32,1,1.0670,0.0182,1897.5,2012.6,2033.8,56.5
smem_swiz,16384,16,16,1,1,32,1,1.0265,0.0181,1964.2,2092.0,2116.3,58.8
smem_blk_swiz,16384,16,16,1,1,32,1,1.0674,0.0183,1851.0,2011.9,2034.4,56.5
smem_blk_swiz,16384,16,16,1,1,64,1,1.0252,0.0203,1923.5,2094.7,2121.6,58.8
smem_blk_swiz,16384,16,16,1,1,128,1,1.0670,0.0455,1592.6,2012.7,2026.6,56.5
smem_blk_swiz,16384,16,16,1,1,256,1,1.0253,0.0197,1948.2,2094.5,2115.2,58.8
smem_pad_blk,16384,16,16,1,1,32,1,1.0709,0.0171,1851.2,2005.3,2029.6,56.3
smem_pad_blk_vec,16384,16,16,1,1,32,1,0.9489,0.0131,2133.9,2263.2,2292.9,63.6
smem_pad_blk_vec_2x,16384,16,16,1,1,32,1,0.9709,0.0109,2136.5,2211.8,2244.7,62.1
naive,16384,16,8,1,2,32,1,2.2380,0.0566,802.1,959.6,981.8,26.9
blocked,16384,16,8,1,2,32,1,2.4052,0.0710,745.5,892.8,939.2,25.1
blocked,16384,16,8,1,2,64,1,2.2361,0.0293,909.0,960.4,984.6,27.0
blocked,16384,16,8,1,2,128,1,2.3917,0.0621,749.3,897.9,940.6,25.2
blocked,16384,16,8,1,2,256,1,2.2396,0.0290,922.7,958.9,979.6,26.9
smem,16384,16,8,1,2,32,1,1.0725,0.0185,1880.2,2002.3,2027.6,56.2
smem_blk,16384,16,8,1,2,32,1,1.0284,0.0164,1964.9,2088.1,2145.3,58.6
smem_blk,16384,16,8,1,2,64,1,1.0710,0.0164,1883.2,2005.1,2028.1,56.3
smem_blk,16384,16,8,1,2,128,1,1.0237,0.0143,1967.6,2097.8,2153.9,58.9
smem_blk,16384,16,8,1,2,256,1,1.0720,0.0194,1846.5,2003.2,2025.4,56.3
smem_pad,16384,16,8,1,2,32,1,1.0223,0.0159,1965.4,2100.7,2161.1,59.0
smem_swiz,16384,16,8,1,2,32,1,1.0835,0.0180,1847.3,1981.9,2005.2,55.7
smem_blk_swiz,16384,16,8,1,2,32,1,1.0424,0.0163,1928.4,2060.1,2136.9,57.9
smem_blk_swiz,16384,16,8,1,2,64,1,1.0844,0.0189,1775.2,1980.3,2013.5,55.6
smem_blk_swiz,16384,16,8,1,2,128,1,1.0406,0.0185,1859.7,2063.7,2114.3,58.0
smem_blk_swiz,16384,16,8,1,2,256,1,1.0813,0.0183,1861.9,1986.1,2007.3,55.8
smem_pad_blk,16384,16,8,1,2,32,1,1.0236,0.0162,1994.8,2098.0,2144.1,58.9
smem_pad_blk_vec,16384,16,8,1,2,32,1,0.9623,0.0107,2121.8,2231.6,2253.5,62.7
smem_pad_blk_vec_2x,16384,16,8,1,2,32,1,0.9173,0.0125,2115.2,2341.2,2419.9,65.8
naive,16384,16,16,1,2,32,1,2.0894,0.0165,989.0,1027.8,1034.9,28.9
blocked,16384,16,16,1,2,32,1,2.0200,0.0236,1000.2,1063.1,1069.5,29.9
blocked,16384,16,16,1,2,64,1,2.0863,0.0196,980.1,1029.3,1034.5,28.9
blocked,16384,16,16,1,2,128,1,2.0180,0.0255,998.7,1064.2,1074.1,29.9
blocked,16384,16,16,1,2,256,1,2.0865,0.0225,974.8,1029.2,1035.5,28.9
smem,16384,16,16,1,2,32,1,0.9656,0.0229,2043.2,2224.0,2270.8,62.5
smem_blk,16384,16,16,1,2,32,1,0.9729,0.0221,2034.4,2207.3,2267.4,62.0
smem_blk,16384,16,16,1,2,64,1,0.9684,0.0252,1984.1,2217.5,2280.3,62.3
smem_blk,16384,16,16,1,2,128,1,0.9677,0.0269,2012.5,2219.2,2251.6,62.3
smem_blk,16384,16,16,1,2,256,1,0.9681,0.0571,1626.1,2218.3,2277.0,62.3
smem_pad,16384,16,16,1,2,32,1,0.9624,0.0299,2017.6,2231.3,2302.7,62.7
smem_swiz,16384,16,16,1,2,32,1,0.9703,0.0244,2041.7,2213.2,2292.1,62.2
smem_blk_swiz,16384,16,16,1,2,32,1,0.9818,0.0296,1981.1,2187.3,2256.1,61.4
smem_blk_swiz,16384,16,16,1,2,64,1,0.9744,0.0274,1937.2,2203.9,2287.2,61.9
smem_blk_swiz,16384,16,16,1,2,128,1,0.9863,0.0327,1877.8,2177.3,2258.1,61.1
smem_blk_swiz,16384,16,16,1,2,256,1,0.9751,0.0292,1922.9,2202.3,2290.1,61.9
smem_pad_blk,16384,16,16,1,2,32,1,0.9580,0.0265,1959.9,2241.5,2301.5,63.0
smem_pad_blk_vec,16384,16,16,1,2,32,1,0.8388,0.0148,2315.6,2560.1,2626.9,71.9
smem_pad_blk_vec_2x,16384,16,16,1,2,32,1,0.8329,0.0166,2340.2,2578.3,2676.7,72.4
naive,16384,16,8,2,1,32,1,2.1155,0.0309,944.5,1015.1,1041.2,28.5
blocked,16384,16,8,2,1,32,1,2.1848,0.0366,891.8,982.9,1008.5,27.6
blocked,16384,16,8,2,1,64,1,2.1129,0.0321,954.9,1016.4,1039.4,28.5
blocked,16384,16,8,2,1,128,1,2.1848,0.0374,873.5,982.9,1003.6,27.6
blocked,16384,16,8,2,1,256,1,2.1141,0.0310,947.3,1015.8,1034.3,28.5
smem,16384,16,8,2,1,32,1,1.4096,0.0207,1377.2,1523.5,1549.8,42.8
smem_blk,16384,16,8,2,1,32,1,1.3701,0.0326,1345.6,1567.4,1597.9,44.0
smem_blk,16384,16,8,2,1,64,1,1.4046,0.0273,1346.9,1528.9,1564.3,42.9
smem_blk,16384,16,8,2,1,128,1,1.3585,0.0246,1407.8,1580.8,1598.2,44.4
smem_blk,16384,16,8,2,1,256,1,1.4105,0.0248,1367.5,1522.5,1555.6,42.8
smem_pad,16384,16,8,2,1,32,1,1.3525,0.0284,1362.4,1587.8,1614.1,44.6
smem_swiz,16384,16,8,2,1,32,1,1.4125,0.0254,1356.7,1520.3,1566.8,42.7
smem_blk_swiz,16384,16,8,2,1,32,1,1.3689,0.0299,1364.0,1568.8,1612.8,44.1
smem_blk_swiz,16384,16,8,2,1,64,1,1.3710,0.0317,1393.1,1566.4,1600.8,44.0
smem_blk_swiz,16384,16,8,2,1,128,1,1.3695,0.0301,1362.4,1568.1,1605.4,44.0
smem_blk_swiz,16384,16,8,2,1,256,1,1.4142,0.0250,1335.4,1518.5,1548.5,42.6
smem_pad_blk,16384,16,8,2,1,32,1,1.3480,0.0270,1403.6,1593.1,1624.0,44.7
smem_pad_blk_vec,16384,16,8,2,1,32,1,1.3968,0.0222,1402.3,1537.4,1576.5,43.2
smem_pad_blk_vec_2x,16384,16,8,2,1,32,1,1.2607,0.0188,1509.2,1703.4,1720.3,47.8
naive,16384,16,16,2,2,32,1,1.8777,0.0264,1077.2,1143.6,1166.3,32.1
blocked,16384,16,16,2,2,32,1,1.8701,0.0192,1098.2,1148.3,1162.2,32.3
blocked,16384,16,16,2,2,64,1,1.8761,0.0415,961.2,1144.6,1166.8,32.1
blocked,16384,16,16,2,2,128,1,1.8127,0.0280,1091.7,1184.7,1200.6,33.3
blocked,16384,16,16,2,2,256,1,1.8831,0.0244,1082.5,1140.4,1159.6,32.0
smem,16384,16,16,2,2,32,1,0.8414,0.0407,1994.8,2552.3,2590.3,71.7
smem_blk,16384,16,16,2,2,32,1,0.8577,0.0368,2040.9,2503.8,2533.8,70.3
smem_blk,16384,16,16,2,2,64,1,0.8398,0.0378,2034.0,2557.2,2596.1,71.8
smem_blk,16384,16,16,2,2,128,1,0.8569,0.0374,2030.4,2506.2,2539.9,70.4
smem_blk,16384,16,16,2,2,256,1,0.8405,0.0365,2053.0,2554.9,2587.8,71.8
smem_pad,16384,16,16,2,2,32,1,0.8358,0.0308,2233.6,2569.5,2684.5,72.2
smem_swiz,16384,16,16,2,2,32,1,0.8342,0.0261,2352.2,2574.2,2643.2,72.3
smem_blk_swiz,16384,16,16,2,2,32,1,0.8553,0.0229,2293.9,2510.7,2584.7,70.5
smem_blk_swiz,16384,16,16,2,2,64,1,0.8299,0.0356,2287.7,2587.8,2733.1,72.7
smem_blk_swiz,16384,16,16,2,2,128,1,0.8406,0.0315,2218.5,2554.6,2668.3,71.7
smem_blk_swiz,16384,16,16,2,2,256,1,0.8273,0.0332,2243.1,2595.6,2726.7,72.9
smem_pad_blk,16384,16,16,2,2,32,1,0.8403,0.0277,2348.3,2555.7,2688.8,71.8
smem_pad_blk_vec,16384,16,16,2,2,32,1,0.7157,0.0189,2724.5,3000.7,3120.6,84.3
smem_pad_blk_vec_2x,16384,16,16,2,2,32,1,0.7010,0.0276,2723.4,3063.6,3128.2,86.0
naive,16384,16,8,1,4,32,1,2.3595,0.0255,830.8,910.1,936.2,25.6
blocked,16384,16,8,1,4,32,1,2.3982,0.0271,828.2,895.4,907.6,25.1
blocked,16384,16,8,1,4,64,1,2.3376,0.1022,656.7,918.7,948.1,25.8
blocked,16384,16,8,1,4,128,1,2.3475,0.0280,849.8,914.8,924.2,25.7
blocked,16384,16,8,1,4,256,1,2.3395,0.0943,662.3,917.9,947.3,25.8
smem,16384,16,8,1,4,32,1,0.9117,0.0700,1641.6,2355.5,2424.7,66.2
smem_blk,16384,16,8,1,4,32,1,0.9460,0.0171,2120.8,2270.0,2450.7,63.8
smem_blk,16384,16,8,1,4,64,1,0.9150,0.0147,2191.7,2346.9,2411.2,65.9
smem_blk,16384,16,8,1,4,128,1,0.9100,0.0274,2046.4,2360.0,2441.0,66.3
smem_blk,16384,16,8,1,4,256,1,0.9519,0.0133,2144.8,2255.9,2398.2,63.4
smem_pad,16384,16,8,1,4,32,1,0.9028,0.0741,1598.0,2378.6,2444.1,66.8
smem_swiz,16384,16,8,1,4,32,1,0.9299,0.0671,1595.9,2309.3,2406.6,64.9
smem_blk_swiz,16384,16,8,1,4,32,1,0.9207,0.0710,1606.4,2332.5,2443.1,65.5
smem_blk_swiz,16384,16,8,1,4,64,1,0.9262,0.0669,1600.7,2318.5,2381.3,65.1
smem_blk_swiz,16384,16,8,1,4,128,1,0.9222,0.0635,1639.0,2328.6,2415.1,65.4
smem_blk_swiz,16384,16,8,1,4,256,1,0.9354,0.0217,2099.8,2295.7,2338.7,64.5
smem_pad_blk,16384,16,8,1,4,32,1,0.9026,0.0721,1637.1,2379.2,2470.5,66.8
smem_pad_blk_vec,16384,16,8,1,4,32,1,0.8551,0.0216,2257.0,2511.5,2574.0,70.5
smem_pad_blk_vec_2x,16384,16,8,1,4,32,1,0.8104,0.0858,1586.5,2650.0,2686.8,74.4
naive,16384,16,16,1,4,32,1,2.1900,0.0419,840.1,980.6,992.2,27.5
blocked,16384,16,16,1,4,32,1,2.2661,0.0274,863.4,947.6,990.9,26.6
blocked,16384,16,16,1,4,64,1,2.1890,0.0353,878.7,981.0,990.8,27.6
blocked,16384,16,16,1,4,128,1,2.2694,0.0271,861.7,946.3,994.4,26.6
blocked,16384,16,16,1,4,256,1,2.1904,0.0382,851.2,980.4,988.4,27.5
smem,16384,16,16,1,4,32,1,0.9169,0.0257,2083.1,2342.2,2432.8,65.8
smem_blk,16384,16,16,1,4,32,1,0.9153,0.0287,2089.6,2346.1,2429.2,65.9
smem_blk,16384,16,16,1,4,64,1,0.9137,0.0720,1593.5,2350.4,2426.4,66.0
smem_blk,16384,16,16,1,4,128,1,0.9100,0.0738,1623.4,2359.8,2416.9,66.3
smem_blk,16384,16,16,1,4,256,1,0.9145,0.0711,1594.4,2348.3,2436.2,65.9
smem_pad,16384,16,16,1,4,32,1,0.9371,0.0743,1631.8,2291.7,2432.4,64.4
smem_swiz,16384,16,16,1,4,32,1,0.9119,0.0733,1628.7,2354.9,2416.6,66.1
smem_blk_swiz,16384,16,16,1,4,32,1,0.9226,0.0319,2037.9,2327.7,2383.5,65.4
smem_blk_swiz,16384,16,16,1,4,64,1,0.9186,0.0343,2071.7,2337.7,2416.7,65.7
smem_blk_swiz,16384,16,16,1,4,128,1,0.9139,0.0726,1596.8,2349.7,2395.8,66.0
smem_blk_swiz,16384,16,16,1,4,256,1,0.9153,0.0736,1598.7,2346.1,2406.3,65.9
smem_pad_blk,16384,16,16,1,4,32,1,0.9071,0.0752,1595.8,2367.5,2433.6,66.5
smem_pad_blk_vec,16384,16,16,1,4,32,1,0.8459,0.0228,2311.6,2538.6,2586.1,71.3
smem_pad_blk_vec_2x,16384,16,16,1,4,32,1,0.8629,0.0288,2217.8,2488.7,2641.3,69.9
naive,16384,64,8,1,4,32,1,6.7916,0.0728,298.6,316.2,325.0,8.9
blocked,16384,64,8,1,4,32,1,6.8047,0.0763,297.2,315.6,326.2,8.9
blocked,16384,64,8,1,4,64,1,6.7924,0.0703,296.3,316.2,326.0,8.9
blocked,16384,64,8,1,4,128,1,6.7930,0.0729,297.4,316.1,321.6,8.9
blocked,16384,64,8,1,4,256,1,6.7907,0.0595,293.7,316.2,323.3,8.9
smem,16384,64,8,1,4,32,1,0.8984,0.0238,2078.5,2390.3,2415.2,67.1
smem_blk,16384,64,8,1,4,32,1,0.8855,0.0262,2067.5,2425.1,2454.9,68.1
smem_blk,16384,64,8,1,4,64,1,0.8989,0.0335,1897.1,2389.0,2405.4,67.1
smem_blk,16384,64,8,1,4,128,1,0.8855,0.0330,1975.7,2425.0,2454.0,68.1
smem_blk,16384,64,8,1,4,256,1,0.8985,0.0252,2046.2,2390.0,2416.0,67.1
smem_pad,16384,64,8,1,4,32,1,0.8135,0.0267,2367.2,2639.9,2721.9,74.1
smem_swiz,16384,64,8,1,4,32,1,0.8498,0.0442,1967.4,2527.1,2553.4,71.0
smem_blk_swiz,16384,64,8,1,4,32,1,0.8541,0.0351,2074.8,2514.4,2610.3,70.6
smem_blk_swiz,16384,64,8,1,4,64,1,0.8522,0.0343,2029.8,2519.8,2558.0,70.8
smem_blk_swiz,16384,64,8,1,4,128,1,0.8284,0.0263,2330.7,2592.2,2666.6,72.8
smem_blk_swiz,16384,64,8,1,4,256,1,0.8573,0.0285,2308.3,2505.0,2629.8,70.4
smem_pad_blk,16384,64,8,1,4,32,1,0.8318,0.0392,1993.9,2581.8,2624.6,72.5
smem_pad_blk_vec,16384,64,8,1,4,32,1,0.6837,0.0250,2733.4,3140.8,3202.7,88.2
smem_pad_blk_vec_2x,16384,64,8,1,4,32,1,0.6699,0.0342,2751.2,3205.6,3335.5,90.0
naive,16384,64,16,1,2,32,1,6.5326,0.0660,313.2,328.7,333.4,9.2
blocked,16384,64,16,1,2,32,1,6.5438,0.1568,267.5,328.2,333.5,9.2
blocked,16384,64,16,1,2,64,1,6.5268,0.0688,310.1,329.0,333.5,9.2
blocked,16384,64,16,1,2,128,1,6.5536,0.0783,302.4,327.7,333.6,9.2
blocked,16384,64,16,1,2,256,1,6.5256,0.1541,268.4,329.1,333.6,9.2
smem,16384,64,16,1,2,32,1,1.1183,0.0349,1563.2,1920.3,1944.1,53.9
smem_blk,16384,64,16,1,2,32,1,1.1357,0.0360,1523.4,1890.8,1920.4,53.1
smem_blk,16384,64,16,1,2,64,1,1.1181,0.0318,1611.4,1920.6,1945.0,53.9
smem_blk,16384,64,16,1,2,128,1,1.1332,0.0268,1710.6,1895.0,1912.9,53.2
smem_blk,16384,64,16,1,2,256,1,1.1209,0.0285,1664.4,1915.8,1940.7,53.8
smem_pad,16384,64,16,1,2,32,1,0.9103,0.0250,2105.1,2359.2,2443.4,66.3
smem_swiz,16384,64,16,1,2,32,1,0.9521,0.0258,2060.0,2255.6,2341.5,63.3
smem_blk_swiz,16384,64,16,1,2,32,1,0.9349,0.0283,2072.9,2297.1,2317.9,64.5
smem_blk_swiz,16384,64,16,1,2,64,1,0.9256,0.0430,1771.8,2320.0,2350.6,65.2
smem_blk_swiz,16384,64,16,1,2,128,1,0.9366,0.0256,2077.3,2292.9,2324.3,64.4
smem_blk_swiz,16384,64,16,1,2,256,1,0.9264,0.0445,1811.4,2318.1,2347.0,65.1
smem_pad_blk,16384,64,16,1,2,32,1,0.8867,0.0199,2245.5,2421.9,2451.7,68.0
smem_pad_blk_vec,16384,64,16,1,2,32,1,0.7285,0.0094,2750.2,2947.9,3072.4,82.8
smem_pad_blk_vec_2x,16384,64,16,1,2,32,1,0.7084,0.0523,2168.0,3031.6,3182.6,85.1
naive,16384,64,16,1,4,32,1,8.4934,0.0530,248.9,252.8,259.1,7.1
blocked,16384,64,16,1,4,32,1,8.6330,0.1061,222.2,248.8,250.6,7.0
blocked,16384,64,16,1,4,64,1,8.4957,0.0494,250.7,252.8,259.0,7.1
blocked,16384,64,16,1,4,128,1,8.6423,0.0267,245.0,248.5,250.1,7.0
blocked,16384,64,16,1,4,256,1,8.4902,0.0566,249.8,252.9,259.4,7.1
smem,16384,64,16,1,4,32,1,1.1246,0.0312,1675.2,1909.5,1969.0,53.6
smem_blk,16384,64,16,1,4,32,1,1.1206,0.0290,1704.8,1916.3,1983.1,53.8
smem_blk,16384,64,16,1,4,64,1,1.1255,0.0339,1662.5,1908.1,1981.1,53.6
smem_blk,16384,64,16,1,4,128,1,1.1203,0.0317,1681.9,1916.9,2002.6,53.8
smem_blk,16384,64,16,1,4,256,1,1.1251,0.0302,1711.2,1908.7,1973.9,53.6
smem_pad,16384,64,16,1,4,32,1,0.8706,0.0512,1865.6,2466.7,2582.1,69.3
smem_swiz,16384,64,16,1,4,32,1,0.8986,0.0243,2188.7,2389.9,2502.3,67.1
smem_blk_swiz,16384,64,16,1,4,32,1,0.8865,0.0309,2096.5,2422.4,2540.7,68.0
smem_blk_swiz,16384,64,16,1,4,64,1,0.8968,0.0333,2093.7,2394.7,2506.9,67.3
smem_blk_swiz,16384,64,16,1,4,128,1,0.8896,0.0342,2076.2,2414.1,2543.0,67.8
smem_blk_swiz,16384,64,16,1,4,256,1,0.8986,0.0327,2128.7,2389.7,2509.4,67.1
smem_pad_blk,16384,64,16,1,4,32,1,0.8722,0.0369,2125.8,2462.2,2581.0,69.1
smem_pad_blk_vec,16384,64,16,1,4,32,1,0.7216,0.0184,2650.0,2975.8,3033.2,83.6
smem_pad_blk_vec_2x,16384,64,16,1,4,32,1,0.7000,0.0328,2803.6,3067.6,3323.0,86.2
naive,16384,64,16,2,1,32,1,5.7738,0.0834,343.2,371.9,381.0,10.4
blocked,16384,64,16,2,1,32,1,5.6770,0.0783,349.9,378.3,385.4,10.6
blocked,16384,64,16,2,1,64,1,5.7665,0.1004,328.2,372.4,379.8,10.5
blocked,16384,64,16,2,1,128,1,5.6901,0.0960,344.5,377.4,387.5,10.6
blocked,16384,64,16,2,1,256,1,5.7923,0.0845,344.5,370.7,380.7,10.4
smem,16384,64,16,2,1,32,1,1.0610,0.0172,1880.0,2023.9,2049.0,56.8
smem_blk,16384,64,16,2,1,32,1,1.1269,0.0202,1757.9,1905.7,1943.5,53.5
smem_blk,16384,64,16,2,1,64,1,1.0605,0.0179,1897.8,2024.9,2049.4,56.9
smem_blk,16384,64,16,2,1,128,1,1.1245,0.0193,1743.4,1909.7,1930.2,53.6
smem_blk,16384,64,16,2,1,256,1,1.0613,0.0219,1801.8,2023.4,2046.1,56.8
smem_pad,16384,64,16,2,1,32,1,0.9531,0.0208,2016.7,2253.2,2315.9,63.3
smem_swiz,16384,64,16,2,1,32,1,0.9239,0.0245,2075.2,2324.4,2377.6,65.3
smem_blk_swiz,16384,64,16,2,1,32,1,0.9595,0.0239,2035.7,2238.2,2280.4,62.9
smem_blk_swiz,16384,64,16,2,1,64,1,0.9230,0.0263,2042.3,2326.6,2374.1,65.3
smem_blk_swiz,16384,64,16,2,1,128,1,0.9604,0.0235,2007.6,2236.1,2288.6,62.8
smem_blk_swiz,16384,64,16,2,1,256,1,0.9227,0.0256,2052.6,2327.4,2371.0,65.4
smem_pad_blk,16384,64,16,2,1,32,1,0.9544,0.0211,2061.2,2250.2,2302.3,63.2
smem_pad_blk_vec,16384,64,16,2,1,32,1,0.7935,0.0110,2549.5,2706.2,2786.9,76.0
smem_pad_blk_vec_2x,16384,64,16,2,1,32,1,0.8646,0.0077,2369.6,2483.7,2553.0,69.8
naive,16384,64,16,2,2,32,1,5.0900,0.0577,393.1,421.9,425.9,11.8
blocked,16384,64,16,2,2,32,1,5.1697,0.0645,385.2,415.4,420.8,11.7
blocked,16384,64,16,2,2,64,1,5.0924,0.0965,358.0,421.7,429.1,11.8
blocked,16384,64,16,2,2,128,1,5.1753,0.0612,385.9,414.9,419.9,11.7
blocked,16384,64,16,2,2,256,1,5.0864,0.0558,394.4,422.2,426.2,11.9
smem,16384,64,16,2,2,32,1,1.1127,0.0380,1630.9,1930.0,1996.3,54.2
smem_blk,16384,64,16,2,2,32,1,1.1224,0.0366,1603.6,1913.3,2015.7,53.7
smem_blk,16384,64,16,2,2,64,1,1.1117,0.0357,1635.0,1931.7,1996.8,54.3
smem_blk,16384,64,16,2,2,128,1,1.1260,0.0365,1647.0,1907.1,2036.6,53.6
smem_blk,16384,64,16,2,2,256,1,1.1104,0.0342,1590.6,1934.0,2044.2,54.3
smem_pad,16384,64,16,2,2,32,1,0.8713,0.0319,2007.8,2464.7,2567.2,69.2
smem_swiz,16384,64,16,2,2,32,1,0.9045,0.0208,2191.8,2374.2,2461.8,66.7
smem_blk_swiz,16384,64,16,2,2,32,1,0.8798,0.0241,2211.2,2440.9,2531.9,68.6
smem_blk_swiz,16384,64,16,2,2,64,1,0.9009,0.0275,1995.1,2383.6,2455.3,66.9
smem_blk_swiz,16384,64,16,2,2,128,1,0.8795,0.0265,2261.9,2441.6,2569.6,68.6
smem_blk_swiz,16384,64,16,2,2,256,1,0.9047,0.0200,2144.1,2373.8,2454.5,66.7
smem_pad_blk,16384,64,16,2,2,32,1,0.8655,0.0196,2292.9,2481.2,2601.7,69.7
smem_pad_blk_vec,16384,64,16,2,2,32,1,0.6671,0.0107,2902.6,3219.1,3301.6,90.4
smem_pad_blk_vec_2x,16384,64,16,2,2,32,1,0.6478,0.0271,2770.9,3314.9,3367.8,93.1
hiptensor,16384,0,0,0,0,32,0,1.0565,0.0174,1876.4,2032.7,2053.3,57.1
hiptensor_blk,16384,0,0,0,0,32,0,0.7520,0.0137,2625.4,2855.5,2953.4,80.2
hiptensor_blk,16384,0,0,0,0,64,0,0.7550,0.0133,2600.5,2843.1,2901.1,79.8
hiptensor_blk,16384,0,0,0,0,128,0,0.7570,0.0149,2578.1,2837.3,2923.0,79.7
hiptensor_blk,16384,0,0,0,0,256,0,0.7170,0.0296,2137.2,2996.3,3098.2,84.2
