variant,N,TB,SB,MT,threads,med_time_ms,std_time_ms,p5_time_ms,p95_time_ms,min_gbs,med_gbs,max_gbs,pct_peak_bw,status
locbuf_blk_mt_c2_nd,16384,64,16,16,288,1.9780,0.5357,1.8391,3.7721,517.1,1085.7,1227.1,224.5,PASS
locbuf_blk_mt_c2_nd,16384,64,128,32,288,2.0185,0.8309,1.9729,4.7929,412.1,1063.9,1095.0,220.0,PASS
locbuf_blk_mt_c2_nd,16384,64,256,16,288,2.0624,0.5494,1.9759,3.2482,400.9,1041.2,1097.9,215.4,PASS
locbuf_blk_c2_nd,16384,64,16,8,288,2.1044,0.3839,1.9331,3.1509,498.4,1020.5,1137.4,211.1,PASS
locbuf_blk_mt_c2_nd,16384,64,32,16,288,2.1061,0.5898,1.9311,3.7203,406.8,1019.7,1129.7,210.9,PASS
locbuf_blk_mt_c2_nd,16384,64,128,16,288,2.1191,0.5453,1.9950,3.4958,442.9,1013.4,1107.5,209.6,PASS
locbuf_blk_mt_nd,16384,64,8,8,288,2.1236,0.3934,1.9984,2.5576,453.7,1011.2,1106.9,209.2,PASS
locbuf_blk_mt_c2_nd,16384,64,8,8,288,2.1355,0.5538,2.0360,3.4941,395.9,1005.6,1066.8,208.0,PASS
locbuf_blk_c2_nd,16384,64,8,8,288,2.1410,0.2928,2.0398,3.0153,586.4,1003.0,1060.5,207.5,PASS
locbuf_blk_nd,16384,64,8,8,288,2.1625,0.4509,2.0439,3.6269,477.5,993.1,1063.2,205.4,PASS
locbuf_blk_mt_c2_nd,16384,64,8,4,288,2.2240,0.6935,2.1071,3.2834,276.3,965.6,1039.4,199.7,PASS
locbuf_blk_c2_nd,16384,64,32,8,288,2.2361,0.4254,2.1098,2.7882,445.0,960.4,1032.5,198.6,PASS
locbuf_blk_mt_c2_nd,16384,64,32,32,288,2.2399,4.1257,2.0660,4.0692,49.5,958.7,1074.8,198.3,PASS
locbuf_blk_mt_c2_nd,16384,64,64,16,288,2.2780,0.7708,2.1216,4.1910,289.5,942.7,1038.9,195.0,PASS
locbuf_blk_c2_nd,16384,64,64,8,288,2.3240,0.5315,2.0967,3.8109,432.9,924.1,1057.8,191.1,PASS
locbuf_blk_c2_nd,16384,64,256,8,288,2.3429,0.4318,2.1922,3.3730,476.5,916.6,999.4,189.6,PASS
hptt_patient_blk,16384,0,256,0,288,2.4481,0.6813,2.3240,4.5498,380.4,877.2,934.8,181.4,PASS
locbuf_blk_c2_nd,16384,64,128,8,288,2.4580,0.3601,2.2718,3.3733,535.7,873.7,992.4,180.7,PASS
locbuf_blk_mt_c2_nd,16384,64,256,32,288,2.4645,2.3111,2.2650,4.6296,85.8,871.4,974.0,180.2,PASS
locbuf_blk_mt_nd,16384,64,8,4,288,2.5530,0.2241,2.4387,2.8819,538.9,841.2,887.3,174.0,PASS
locbuf_blk_mt_c2_nd,16384,64,64,32,288,2.6305,0.5772,2.4782,3.8402,356.1,816.4,960.4,168.8,PASS
hptt_blk,16384,0,128,0,288,2.6355,0.7452,2.4819,4.6137,334.5,814.8,871.2,168.5,PASS
hptt_patient_blk,16384,0,32,0,288,2.6746,0.8918,2.5694,5.3331,337.9,802.9,853.8,166.1,PASS
hptt_blk,16384,0,64,0,288,2.7080,0.5525,2.6088,4.1023,369.9,793.0,832.1,164.0,PASS
locbuf_blk_c2_nd,16384,64,512,8,288,2.8070,0.7915,2.7138,4.5902,237.0,765.0,800.4,158.2,PASS
locbuf_blk_mt_c2_nd,16384,64,512,16,288,2.8415,2.7824,2.7050,4.8870,71.2,755.8,821.2,156.3,PASS
locbuf_blk_mt_c2_nd,16384,64,512,32,288,2.8466,0.6857,2.6960,4.7015,326.9,754.4,807.0,156.0,PASS
blk_aligned_c2_nd,16384,64,128,8,288,2.8665,0.9686,2.8177,5.3308,253.4,749.2,769.4,154.9,PASS
blk_aligned_mt_c2_nd,16384,64,32,8,288,2.9590,1.0368,2.8986,5.7362,240.4,725.7,747.5,150.1,PASS
blk_aligned_mt_c2_nd,16384,64,128,4,288,2.9711,1.0464,2.8281,4.7204,244.0,722.8,768.1,149.5,PASS
blk_tiled_c2_nd,16384,64,64,8,288,2.9734,1.0118,2.8878,5.1314,216.9,722.2,748.5,149.4,PASS
blk_aligned_mt_c2_nd,16384,64,256,4,288,2.9809,0.8017,2.9390,4.8380,290.6,720.4,734.7,149.0,PASS
blk_aligned_mt_c2_nd,16384,64,64,32,288,2.9874,0.9780,2.9418,5.9292,315.2,718.9,735.2,148.7,PASS
blk_aligned_mt_c2_nd,16384,64,32,32,288,3.0004,0.9018,2.9530,5.8640,309.0,715.7,731.5,148.0,PASS
blk_aligned_c2_nd,16384,64,32,8,288,3.0088,0.7036,2.9698,5.0548,345.7,713.7,727.0,147.6,PASS
blk_aligned_c2_nd,16384,64,256,8,288,3.0155,1.0647,2.9730,5.9962,255.8,712.1,727.7,147.3,PASS
locbuf_blk_mt_c2_nd,16384,64,32,8,288,3.0416,0.7770,2.8969,5.0566,341.6,706.0,743.6,146.0,PASS
locbuf_blk_mt_nd,16384,64,16,16,288,3.0460,0.5999,2.7907,4.5330,337.7,705.0,824.0,145.8,PASS
locbuf_blk_nd,16384,64,16,8,288,3.1254,0.3737,2.9143,4.0264,394.1,687.1,776.7,142.1,PASS
locbuf_blk_mt_c2_nd,16384,64,64,8,288,3.1281,1.8320,3.0329,6.6472,162.5,686.5,716.3,142.0,PASS
blk_aligned_mt_c2_nd,16384,64,64,4,288,3.1329,0.8720,3.0199,5.9221,339.7,685.5,728.2,141.8,PASS
blk_aligned_mt_c2_nd,16384,64,128,32,288,3.1799,0.7351,3.1101,5.0677,321.3,675.3,696.3,139.7,PASS
locbuf_blk_mt_c2_nd,16384,64,256,8,288,3.2074,0.7214,3.1764,5.2882,357.7,669.5,681.5,138.5,PASS
blk_aligned_mt_c2_nd,16384,64,32,4,288,3.2345,0.6722,3.1760,4.8431,323.7,663.9,680.6,137.3,PASS
blk_tiled_c2_nd,16384,64,256,8,288,3.3120,0.8813,3.1907,6.2502,306.1,648.4,685.7,134.1,PASS
locbuf_blk_mt_c2_nd,16384,64,128,8,288,3.3280,0.8212,3.2689,5.3385,230.2,645.3,661.0,133.5,PASS
blk_aligned_c2_nd,16384,64,64,8,288,3.3375,2.3333,3.0559,5.6925,83.5,643.4,713.2,133.1,PASS
blk_tiled_c2_nd,16384,64,128,8,288,3.3596,1.0021,3.2639,6.0867,264.9,639.2,666.7,132.2,PASS
blk_aligned_mt_c2_nd,16384,64,256,32,288,3.4004,0.9290,3.3450,5.9920,252.0,631.5,649.6,130.6,PASS
blk_tiled_c2_nd,16384,64,512,8,288,3.4390,0.9396,3.3188,6.2458,229.2,624.5,650.2,129.2,PASS
blk_tiled_c2_nd,16384,64,32,8,288,3.4776,0.7235,3.2438,5.1881,290.0,617.5,673.6,127.7,PASS
blk_aligned_mt_c2_nd,16384,64,512,4,288,3.5764,0.6009,3.4261,5.0104,298.5,600.5,628.5,124.2,PASS
blk_aligned_c2_nd,16384,64,512,8,288,3.6099,1.1842,3.4765,7.0718,249.1,594.9,621.0,123.0,PASS
blk_tiled_c2_nd,16384,64,16,8,288,3.6430,0.7701,3.5327,4.3964,235.7,589.5,621.7,121.9,PASS
locbuf_blk_mt_c2_nd,16384,64,32,4,288,3.6917,0.6419,3.6249,5.0011,316.7,581.7,594.7,120.3,PASS
blk_aligned_mt_c2_nd,16384,64,512,32,288,3.7559,1.1600,3.7021,6.5329,191.8,571.8,582.3,118.3,PASS
locbuf_blk_nd,16384,64,32,8,288,3.7965,0.9138,3.6046,5.3411,196.2,565.7,605.4,117.0,PASS
blk_aligned_mt_c2_nd,16384,64,32,16,288,3.8220,0.7337,3.7419,5.7954,295.8,561.9,577.9,116.2,PASS
locbuf_blk_mt_nd,16384,64,32,32,288,3.8215,0.5709,3.6389,5.5996,364.1,561.9,602.9,116.2,PASS
hptt_blk,16384,0,16,0,288,3.8334,1.5330,3.7398,6.4099,134.4,560.2,578.2,115.9,PASS
blk_aligned_mt_c2_nd,16384,64,16,16,288,3.8645,1.3120,3.8018,6.1686,166.0,555.7,566.6,114.9,PASS
locbuf_blk_mt_nd,16384,64,32,16,288,3.9544,0.7345,3.7946,5.8135,232.9,543.1,570.8,112.3,PASS
locbuf_blk_mt_c2_nd,16384,64,512,8,288,3.9544,0.5388,3.8563,5.4981,327.6,543.1,562.0,112.3,PASS
locbuf_blk_nd,16384,64,64,8,288,3.9674,0.3335,3.8489,4.8699,359.6,541.3,566.8,112.0,PASS
blk_aligned_mt_c2_nd,16384,64,64,8,288,3.9750,0.9851,3.8822,6.2049,226.5,540.2,559.5,111.7,PASS
locbuf_blk_mt_nd,16384,64,64,32,288,4.0236,0.6146,3.9269,4.9148,224.4,533.7,551.6,110.4,PASS
blk_aligned_c2_nd,16384,64,16,8,288,4.0449,0.8458,3.9130,5.9050,226.4,530.9,551.6,109.8,PASS
blk_aligned_mt_c2_nd,16384,64,64,16,288,4.1184,0.8683,4.0299,6.0844,219.4,521.4,535.0,107.8,PASS
blk_aligned_mt_c2_nd,16384,64,16,4,288,4.2385,1.0786,4.1320,7.5560,254.7,506.7,522.9,104.8,PASS
blk_aligned_mt_c2_nd,16384,64,16,8,288,4.2502,2.4709,4.1477,7.6413,80.9,505.3,522.0,104.5,PASS
blk_tiled_c2_nd,16384,64,8,8,288,4.3375,0.8221,3.9393,5.6519,212.1,495.1,573.7,102.4,PASS
locbuf_blk_mt_c2_nd,16384,64,16,4,288,4.4496,0.8330,4.3177,6.8867,287.2,482.6,511.1,99.8,PASS
locbuf_c2_nd,16384,64,32,8,288,4.5528,0.4341,4.4766,5.8061,312.0,471.7,488.0,97.6,PASS
locbuf_c2_nd,16384,32,32,8,288,4.6885,0.5558,4.6149,5.9535,261.2,458.0,470.3,94.7,PASS
blk_aligned_mt_nd,16384,64,16,16,288,4.8299,0.8958,4.5934,7.3197,257.5,444.6,480.5,92.0,PASS
locbuf_c2_nd,16384,128,32,8,288,4.8995,0.4510,4.7930,5.1103,262.4,438.3,451.2,90.7,PASS
blk_aligned_mt_c2_nd,16384,64,128,16,288,4.9219,0.7823,4.7867,6.5262,236.8,436.3,455.5,90.2,PASS
blk_aligned_mt_nd,16384,64,16,4,288,5.1134,1.0924,5.0149,8.1062,190.5,420.0,439.0,86.9,PASS
locbuf_blk_mt_c2_nd,16384,64,64,4,288,5.1525,0.9767,5.0470,7.9005,245.8,416.8,427.3,86.2,PASS
blk_aligned_nd,16384,64,16,8,288,5.1891,1.2895,4.7891,8.6097,196.4,413.8,459.7,85.6,PASS
blk_aligned_mt_c2_nd,16384,64,128,8,288,5.2806,0.7330,5.2180,6.9666,211.8,406.7,413.4,84.1,PASS
locbuf_c2_nd,16384,16,32,8,288,5.3080,0.5552,5.2267,6.9726,259.1,404.6,412.7,83.7,PASS
locbuf_blk_mt_nd,16384,64,16,4,288,5.4281,0.7486,5.3503,7.4668,246.9,395.6,415.9,81.8,PASS
locbuf_blk_mt_nd,16384,64,32,8,288,5.5500,0.6133,5.3503,7.3011,266.6,386.9,404.5,80.0,PASS
locbuf_blk_mt_nd,16384,64,64,16,288,5.5819,0.9073,5.4240,7.7782,185.7,384.7,401.7,79.6,PASS
blk_aligned_mt_nd,16384,64,16,8,288,5.6174,0.8623,5.5049,8.1825,247.1,382.3,400.3,79.1,PASS
locbuf_blk,16384,64,16,8,288,5.6289,0.5369,5.4593,6.1085,219.0,381.5,399.1,78.9,PASS
blk_aligned_mt_nd,16384,64,32,8,288,5.6344,0.8540,5.5455,6.9161,203.7,381.1,389.3,78.8,PASS
locbuf_nd,16384,64,32,8,288,5.6465,0.1647,5.5147,5.8845,310.7,380.3,393.6,78.7,PASS
locbuf_nd,16384,32,32,8,288,5.6511,0.1892,5.5404,5.7853,294.4,380.0,391.2,78.6,PASS
blk_aligned_mt_nd,16384,64,64,4,288,5.6651,1.0959,5.5817,8.5236,209.5,379.1,387.3,78.4,PASS
blk_aligned_mt_nd,16384,64,32,4,288,5.6845,0.8461,5.5969,7.0132,173.4,377.8,386.3,78.1,PASS
blk_aligned_mt_nd,16384,64,64,32,288,5.7452,0.9596,5.6798,8.4568,243.8,373.8,379.1,77.3,PASS
blk_tiled_nd,16384,64,512,8,288,5.7490,0.8127,5.6947,8.2617,237.1,373.5,378.3,77.3,PASS
blk_tiled_nd,16384,64,256,8,288,5.7545,0.9545,5.7129,7.9024,185.2,373.2,377.8,77.2,PASS
locbuf_blk_mt_c2_nd,16384,64,16,8,288,5.7551,0.8503,5.4397,7.8615,240.4,373.1,401.2,77.2,PASS
blk_tiled_nd,16384,64,64,8,288,5.8184,0.9977,5.7237,8.8174,231.2,369.1,377.8,76.3,PASS
blk_tiled_nd,16384,64,128,8,288,5.8186,0.8395,5.7848,8.0982,191.1,369.1,372.4,76.3,PASS
blk_tiled_nd,16384,64,32,8,288,5.8630,0.6565,5.7580,8.2362,251.8,366.3,379.7,75.8,PASS
blk_aligned_nd,16384,64,64,8,288,5.8680,0.8248,5.7740,8.3241,230.3,366.0,372.4,75.7,PASS
blk_aligned_mt_nd,16384,64,32,32,288,5.8894,0.6161,5.8005,7.7209,249.4,364.6,375.0,75.4,PASS
blk_aligned_nd,16384,64,32,8,288,5.9036,0.9813,5.8031,7.6582,190.3,363.8,376.7,75.2,PASS
blk_aligned_mt_nd,16384,64,64,8,288,5.9030,0.7363,5.8432,8.0286,222.6,363.8,368.5,75.2,PASS
blk_tiled_nd,16384,64,16,8,288,5.9096,0.7937,5.5650,6.2060,158.8,363.4,401.3,75.2,PASS
blk_aligned_mt_nd,16384,64,64,16,288,5.9355,0.8431,5.8887,8.0357,211.5,361.8,366.1,74.8,PASS
locbuf_blk_mt_c2,16384,64,512,32,288,6.0065,0.5423,5.8148,7.2584,249.1,357.5,377.6,73.9,PASS
locbuf_nd,16384,16,32,8,288,6.0065,0.4496,5.8028,6.2301,227.8,357.5,371.7,73.9,PASS
locbuf_2buf_c2_nd,16384,64,32,8,288,6.0430,0.5018,5.9909,7.2734,251.9,355.4,361.6,73.5,PASS
blk_tiled_nd,16384,64,8,8,288,6.0471,0.5291,5.7215,6.8085,226.0,355.1,386.6,73.4,PASS
locbuf_2buf_c2_nd,16384,32,32,8,288,6.0624,0.4291,6.0060,7.2945,253.4,354.2,358.5,73.3,PASS
locbuf_blk_mt_nd,16384,64,64,4,288,6.0880,1.2153,5.9379,8.6973,144.8,352.7,363.4,73.0,PASS
locbuf_blk_mt_nd,16384,64,64,8,288,6.2366,0.6415,6.1951,8.1670,233.0,344.3,349.5,71.2,PASS
locbuf_2buf_c2_nd,16384,128,32,8,288,6.2665,0.3961,6.2040,6.5362,256.1,342.7,347.7,70.9,PASS
locbuf_blk_mt_c2,16384,64,16,16,288,6.3540,0.5784,6.2833,7.6991,222.9,338.0,345.0,69.9,PASS
blk_aligned_mt_nd,16384,64,32,16,288,6.4659,0.6788,6.3709,7.9562,191.0,332.1,339.3,68.7,PASS
rm_blk_mt_c2_nd,16384,64,64,8,288,6.5014,0.5402,6.4688,6.7101,208.0,330.3,333.1,68.3,PASS
rm_blk_mt_c2_nd,16384,64,128,4,288,6.5414,0.4185,6.4988,6.8703,236.3,328.3,331.3,67.9,PASS
locbuf_blk_mt_nd,16384,64,16,8,288,6.6396,1.0186,6.5789,10.2754,189.6,323.4,327.4,66.9,PASS
locbuf_blk_c2,16384,64,32,8,288,6.6653,0.4644,6.3465,7.7980,233.3,322.2,344.4,66.6,PASS
rm_blk_c2_nd,16384,64,256,8,288,6.6835,0.6914,6.6230,8.5820,194.2,321.3,326.1,66.5,PASS
rm_blk_mt_c2_nd,16384,64,128,8,288,6.7055,0.7872,6.6640,8.1433,176.6,320.3,323.5,66.2,PASS
rm_blk_mt_c2_nd,16384,64,128,16,288,6.7190,0.5975,6.6521,7.9767,193.2,319.6,324.1,66.1,PASS
locbuf_2buf_nd,16384,64,32,8,288,6.8084,0.7714,6.7451,8.8395,183.0,315.4,319.8,65.2,PASS
rm_blk_c2_nd,16384,64,128,8,288,6.8101,0.2667,6.7407,6.9027,248.2,315.3,319.5,65.2,PASS
rm_blk_c2_nd,16384,64,16,8,288,6.8496,0.5127,6.7507,8.2306,223.4,313.5,318.9,64.8,PASS
locbuf_blk_mt_c2,16384,64,8,4,288,6.8985,0.4622,6.8613,7.5429,215.7,311.3,314.6,64.4,PASS
locbuf_blk_mt,16384,64,8,8,288,6.9375,0.6119,6.8659,8.0584,212.3,309.5,314.6,64.0,PASS
rm_blk_mt_c2_nd,16384,64,16,16,288,6.9425,0.7220,6.8671,9.1880,214.0,309.3,314.2,64.0,PASS
locbuf_blk_mt_nd,16384,64,32,4,288,6.9835,0.6051,6.8810,7.3361,166.8,307.5,315.0,63.6,PASS
blk_aligned_mt_c2,16384,64,64,32,288,7.0134,0.4913,6.9587,8.3422,223.1,306.2,310.7,63.3,PASS
locbuf_2buf_nd,16384,32,32,8,288,7.0510,0.6079,6.9950,7.7616,192.1,304.6,308.3,63.0,PASS
blk_aligned_mt_c2,16384,64,128,8,288,7.0895,0.5203,7.0508,7.9044,190.4,302.9,305.0,62.6,PASS
locbuf_c2,16384,16,32,8,288,7.1821,1.0842,7.0703,8.8918,138.0,299.0,307.0,61.8,PASS
tiled_c2_nd,16384,16,32,8,288,7.1930,0.5751,7.1289,8.2919,205.8,298.6,301.7,61.7,PASS
rm_blk_mt_c2_nd,16384,64,512,16,288,7.2656,0.5438,7.2258,8.4855,206.9,295.6,298.1,61.1,PASS
locbuf_2buf_c2_nd,16384,16,32,8,288,7.3385,1.1698,7.2668,9.8871,136.9,292.6,298.8,60.5,PASS
tiled_c2_nd,16384,32,32,8,288,7.3466,0.4316,7.2909,8.1514,214.0,292.3,295.2,60.5,PASS
hptt_patient_blk,16384,0,512,0,288,7.3470,0.2749,7.2222,7.8427,239.0,292.3,298.4,60.5,PASS
tiled_c2_nd,16384,128,32,8,288,7.4329,0.9146,7.3798,8.9706,139.3,288.9,292.6,59.8,PASS
rm_blk_mt_c2_nd,16384,64,512,32,288,7.4641,0.3385,7.3900,8.1861,225.2,287.7,291.7,59.5,PASS
blk_aligned_mt_c2_nd,16384,64,8,8,288,7.4663,1.0130,7.3749,9.9418,170.6,287.6,293.4,59.5,PASS
rm_blk_c2,16384,64,64,8,288,7.4716,0.8437,7.4077,9.0670,155.5,287.4,290.9,59.4,PASS
blk_aligned_mt_nd,16384,64,8,8,288,7.4766,0.8606,7.4050,9.8799,186.3,287.2,292.1,59.4,PASS
locbuf_c2,16384,32,32,8,288,7.4861,2.0404,7.4126,9.0823,77.9,286.9,291.6,59.3,PASS
locbuf_blk_c2,16384,64,512,8,288,7.5035,2.3236,7.0672,9.5550,72.0,286.2,309.1,59.2,PASS
locbuf_blk_mt,16384,64,16,16,288,7.5099,0.4159,7.4241,7.6413,219.2,286.0,292.5,59.1,PASS
rm_blk_mt_c2_nd,16384,64,512,8,288,7.5145,0.4505,7.4670,8.7272,215.6,285.8,289.1,59.1,PASS
blk_aligned_c2_nd,16384,64,8,8,288,7.5154,0.7398,7.4289,9.9693,211.1,285.7,289.7,59.1,PASS
blk_aligned_mt_c2_nd,16384,64,256,8,288,7.5440,0.8705,7.4208,9.8899,184.8,284.7,291.5,58.9,PASS
blk_aligned_nd,16384,64,8,8,288,7.5465,1.0457,7.4481,10.8120,175.5,284.6,289.5,58.9,PASS
locbuf_2buf_nd,16384,16,32,8,288,7.5575,0.2985,7.4676,7.7903,224.0,284.2,290.1,58.8,PASS
rm_blk_mt_c2_nd,16384,64,256,4,288,7.5989,2.1251,6.5707,8.1928,78.1,282.6,327.8,58.4,PASS
locbuf_blk,16384,64,32,8,288,7.6145,0.7324,7.3882,9.8612,197.7,282.0,292.3,58.3,PASS
blk_aligned_mt_c2,16384,64,32,8,288,7.6245,0.5414,7.5287,8.4771,189.1,281.7,299.7,58.3,PASS
rm_blk_mt_nd,16384,64,16,4,288,7.6295,0.4475,7.5562,8.6479,200.0,281.5,286.0,58.2,PASS
rm_blk_mt_c2_nd,16384,64,64,4,288,7.6361,0.3403,7.5876,7.7545,206.1,281.2,284.4,58.2,PASS
tiled_c2_nd,16384,64,32,8,288,7.6814,0.5254,7.6401,8.6942,201.1,279.6,281.5,57.8,PASS
rm_blk_mt_c2_nd,16384,64,32,4,288,7.6840,0.5391,7.6488,9.5781,207.6,279.5,281.7,57.8,PASS
hptt_blk,16384,0,256,0,288,7.6960,0.7566,7.5587,9.1268,168.4,279.0,297.3,57.7,PASS
rm_blk_mt_c2_nd,16384,64,32,8,288,7.7220,6.4975,7.6610,9.3186,29.4,278.1,280.8,57.5,PASS
rm_blk_mt_nd,16384,64,16,8,288,7.7610,0.4917,7.6798,8.4431,187.1,276.7,281.6,57.2,PASS
rm_blk_mt_c2_nd,16384,64,256,8,288,7.7780,0.6112,7.7165,9.1226,181.9,276.1,279.4,57.1,PASS
rm_blk_mt_c2,16384,64,16,8,288,7.7829,0.5950,7.4866,9.4592,206.8,275.9,292.5,57.1,PASS
rm_blk_mt_c2_nd,16384,64,256,16,288,7.7856,0.4130,7.7056,8.8143,209.2,275.8,279.3,57.0,PASS
tiled_nd,16384,16,32,8,288,7.7965,0.4224,7.7228,8.2938,192.8,275.4,278.9,57.0,PASS
rm_blk_mt_c2_nd,16384,64,32,16,288,7.8036,0.6473,7.7440,9.8391,192.5,275.2,277.8,56.9,PASS
rm_blk_c2_nd,16384,64,32,8,288,7.8090,2.0999,7.7431,9.3297,75.6,275.0,277.9,56.9,PASS
rm_blk_mt_nd,16384,64,64,8,288,7.8220,0.4860,7.7730,7.8801,173.7,274.5,277.6,56.8,PASS
rm_blk_mt_c2_nd,16384,64,64,16,288,7.8245,0.9678,7.7529,8.9197,135.7,274.5,277.5,56.8,PASS
rm_blk_mt_c2_nd,16384,64,256,32,288,7.8220,0.6347,7.7569,9.7611,183.3,274.5,277.6,56.8,PASS
rm_blk_mt_nd,16384,64,32,4,288,7.8454,0.4778,7.8039,8.7595,197.3,273.7,276.6,56.6,PASS
locbuf_blk_c2,16384,64,16,8,288,7.8580,0.6371,7.6019,9.7645,197.7,273.3,284.4,56.5,PASS
locbuf_blk_c2,16384,64,256,8,288,7.8635,0.5401,7.4652,9.4684,209.4,273.1,291.8,56.5,PASS
rm_blk_mt_c2_nd,16384,64,32,32,288,7.8690,0.5346,7.8177,9.2574,197.8,272.9,275.9,56.4,PASS
rm_blk_mt_c2_nd,16384,64,16,4,288,7.8739,2.2202,7.8101,10.3006,74.0,272.7,277.7,56.4,PASS
rm_blk_mt_nd,16384,64,64,16,288,7.8934,0.5323,7.8361,9.0013,181.2,272.1,274.2,56.3,PASS
rm_blk_mt_c2_nd,16384,64,128,32,288,7.9005,0.6590,7.8008,9.0056,168.2,271.8,276.5,56.2,PASS
rm_blk_mt_c2_nd,16384,64,16,8,288,7.9074,0.7278,7.8236,9.3850,162.1,271.6,275.5,56.2,PASS
locbuf_blk_mt_c2,16384,64,64,32,288,7.9340,0.3899,7.7002,8.5183,193.2,270.7,281.4,56.0,PASS
hptt_blk,16384,0,32,0,288,7.9350,0.7721,7.7323,9.3293,158.9,270.6,285.8,56.0,PASS
hptt_patient_blk,16384,0,64,0,288,7.9499,0.3545,7.8627,8.2968,206.0,270.1,275.9,55.9,PASS
hptt_blk,16384,0,512,0,288,7.9545,0.7939,7.7330,9.9099,165.2,270.0,278.7,55.8,PASS
rm_blk_c2_nd,16384,64,64,8,288,7.9780,0.5167,7.9209,9.1853,185.5,269.2,271.7,55.7,PASS
rm_blk_mt_c2_nd,16384,64,64,32,288,7.9854,1.2490,7.9110,10.4336,119.7,268.9,272.0,55.6,PASS
locbuf_blk_mt_c2,16384,64,64,16,288,8.0045,0.5171,7.9028,9.0113,194.2,268.3,272.5,55.5,PASS
locbuf_blk_mt_c2,16384,64,256,32,288,8.0070,0.4779,7.7829,9.4296,215.8,268.2,279.7,55.5,PASS
rm_blk_mt_nd,16384,64,64,4,288,8.0110,0.5426,7.9650,8.2379,165.3,268.1,269.7,55.4,PASS
locbuf_2buf_c2,16384,32,32,8,288,8.0684,0.3713,7.9797,8.7709,199.6,266.2,270.7,55.0,PASS
locbuf_blk_c2,16384,64,8,8,288,8.0760,0.5259,7.7852,9.6596,199.8,265.9,281.8,55.0,PASS
locbuf_c2,16384,128,32,8,288,8.1226,0.4987,7.9399,9.2019,203.1,264.4,273.5,54.7,PASS
rm_blk_mt_nd,16384,64,64,32,288,8.1221,0.4004,8.0466,9.2874,201.0,264.4,268.7,54.7,PASS
locbuf_blk_mt_c2,16384,64,8,8,288,8.1260,0.5431,7.9130,9.4790,192.0,264.3,274.3,54.7,PASS
locbuf_blk_c2,16384,64,128,8,288,8.1290,0.3986,8.0003,9.3291,214.2,264.2,270.7,54.6,PASS
rm_blk_nd,16384,64,64,8,288,8.1415,0.4497,8.0909,9.1770,201.5,263.8,266.4,54.6,PASS
blk_aligned_mt_c2,16384,64,512,32,288,8.1509,0.3534,8.0284,8.9304,200.0,263.5,269.1,54.5,PASS
locbuf_blk_c2,16384,64,64,8,288,8.1626,0.5762,8.0300,9.8209,191.0,263.1,268.5,54.4,PASS
rm_blk_c2,16384,64,32,8,288,8.1813,0.5675,8.0374,9.7592,189.6,262.5,269.5,54.3,PASS
locbuf_blk_mt,16384,64,8,4,288,8.2076,0.8910,8.1018,10.1091,149.4,261.6,266.7,54.1,PASS
blk_tiled,16384,64,128,8,288,8.2129,0.8633,7.8858,10.2467,162.2,261.5,274.0,54.1,PASS
rm_blk_mt_nd,16384,64,32,16,288,8.2946,0.3406,8.2338,8.9282,206.9,258.9,262.3,53.5,PASS
blk_aligned,16384,64,32,8,288,8.3189,0.6908,8.1735,10.3644,177.3,258.1,275.0,53.4,PASS
rm_blk_mt,16384,64,16,4,288,8.3400,0.6943,8.2057,10.2852,182.9,257.5,280.6,53.3,PASS
locbuf_blk_nd,16384,64,128,8,288,8.4050,0.2306,8.2289,8.7480,210.3,255.5,262.9,52.8,PASS
locbuf_blk_mt,16384,64,32,32,288,8.4071,1.5020,8.1127,9.2286,93.8,255.4,268.1,52.8,PASS
hptt_patient_blk,16384,0,16,0,288,8.4126,1.0978,8.3281,10.3109,115.8,255.3,259.0,52.8,PASS
rm_blk_nd,16384,64,16,8,288,8.4139,0.5334,8.3630,9.1232,170.4,255.2,257.4,52.8,PASS
locbuf_2buf,16384,16,32,8,288,8.4776,0.7527,8.2709,10.3788,172.6,253.3,262.5,52.4,PASS
locbuf_blk_mt_c2,16384,64,32,16,288,8.4859,0.7183,8.3386,9.5764,154.1,253.1,259.5,52.3,PASS
rm_blk_mt_nd,16384,64,16,16,288,8.4965,0.3516,8.4358,9.2302,192.2,252.7,255.5,52.3,PASS
rm_blk_mt_c2_nd,16384,64,512,4,288,8.5031,0.3027,8.4468,8.6659,192.6,252.6,255.1,52.2,PASS
tiled_nd,16384,32,32,8,288,8.5055,0.5855,8.3759,9.1429,173.2,252.5,257.4,52.2,PASS
locbuf_blk_mt_c2,16384,64,128,32,288,8.5390,0.6194,8.3335,10.3168,185.5,251.5,270.7,52.0,PASS
rm_blk_mt_c2,16384,64,16,4,288,8.5388,0.5512,8.3798,10.1955,193.0,251.5,259.7,52.0,PASS
locbuf_2buf_c2,16384,64,32,8,288,8.5859,0.5241,8.4585,9.5705,171.9,250.1,255.3,51.7,PASS
locbuf_blk_mt_c2,16384,64,32,32,288,8.5889,0.4787,8.3787,9.9792,198.8,250.0,259.6,51.7,PASS
hptt_patient_blk,16384,0,128,0,288,8.6169,4.8969,8.4988,9.2933,39.4,249.2,253.8,51.5,PASS
rm_blk_c2_nd,16384,64,512,8,288,8.6244,0.3419,8.5670,9.0141,193.9,249.0,251.3,51.5,PASS
locbuf_blk_mt_nd,16384,64,128,32,288,8.6286,0.9424,8.3857,11.1180,163.5,248.9,261.9,51.5,PASS
rm_blk_mt_nd,16384,64,32,8,288,8.6305,0.5768,8.5789,8.7705,153.2,248.8,251.7,51.5,PASS
locbuf_blk_mt_c2,16384,64,128,8,288,8.6476,0.3477,8.5037,9.7269,210.7,248.3,254.3,51.4,PASS
locbuf_blk_mt_c2,16384,64,512,16,288,8.6684,0.4799,8.2785,9.8128,199.4,247.7,268.4,51.2,PASS
blk_aligned_c2,16384,64,256,8,288,8.6986,0.4732,8.6691,10.2919,195.2,246.9,247.9,51.1,PASS
rm_blk_mt_nd,16384,64,32,32,288,8.7035,0.5936,8.5939,9.8885,180.0,246.7,250.5,51.0,PASS
blk_aligned_mt_c2_nd,16384,64,8,4,288,8.7080,0.9340,8.4919,10.8957,161.9,246.6,254.0,51.0,PASS
blk_aligned_mt_c2,16384,64,16,4,288,8.7210,0.5265,8.6326,10.0510,184.9,246.2,250.8,50.9,PASS
locbuf_blk,16384,64,64,8,288,8.7479,0.3951,8.4099,9.4507,190.0,245.5,262.1,50.8,PASS
rm_blk_mt,16384,64,64,4,288,8.7476,1.0118,8.5428,11.5489,150.1,245.5,253.1,50.8,PASS
blk_aligned_mt_c2_nd,16384,64,256,16,288,8.7695,0.7900,8.6277,10.8945,178.8,244.9,251.4,50.6,PASS
rm_blk_nd,16384,64,32,8,288,8.7880,0.1844,8.6674,8.9862,213.6,244.4,248.5,50.5,PASS
locbuf_blk_mt,16384,64,64,32,288,8.7891,0.7139,8.7008,9.1403,146.9,244.3,247.7,50.5,PASS
locbuf_blk,16384,64,128,8,288,8.8174,0.5878,8.6059,10.3435,173.1,243.5,252.9,50.4,PASS
locbuf_blk_mt_c2,16384,64,128,16,288,8.8220,0.4088,8.6507,9.2423,183.7,243.4,250.6,50.3,PASS
blk_aligned_mt_c2,16384,64,32,4,288,8.8340,0.3803,8.7919,9.8444,192.3,243.1,244.6,50.3,PASS
tiled_nd,16384,64,32,8,288,8.8434,0.1445,8.7729,8.9159,215.5,242.8,245.5,50.2,PASS
locbuf_blk,16384,64,8,8,288,8.8520,0.6004,8.6177,9.6540,176.7,242.6,252.9,50.2,PASS
locbuf,16384,32,32,8,288,8.8925,0.4286,8.7372,9.9579,187.4,241.5,247.4,49.9,PASS
locbuf_blk_mt_c2,16384,64,256,16,288,8.9021,0.5381,8.7515,9.9316,180.3,241.2,248.1,49.9,PASS
locbuf_blk_mt,16384,64,32,16,288,8.9085,2.5263,8.5758,9.8130,63.1,241.1,258.7,49.9,PASS
locbuf_blk_mt_c2,16384,64,32,4,288,8.9741,0.7283,8.9071,11.3256,183.9,239.3,241.8,49.5,PASS
blk_naive_nd,16384,64,32,8,288,9.0115,1.2619,7.9021,12.4742,165.5,238.3,278.1,49.3,PASS
locbuf_blk_mt_c2,16384,64,32,8,288,9.0700,0.6365,9.0239,10.6581,171.4,236.8,238.4,49.0,PASS
locbuf,16384,128,32,8,288,9.0770,0.5090,8.8629,10.1304,178.6,236.6,244.3,48.9,PASS
blk_aligned_mt_c2,16384,64,256,16,288,9.0826,0.5015,9.0129,10.2000,179.6,236.4,239.1,48.9,PASS
hptt_patient,16384,0,32,0,288,9.1854,4.7165,9.0806,10.1969,39.1,233.8,246.1,48.4,PASS
locbuf,16384,64,32,8,288,9.1981,0.5300,9.0490,9.4159,169.9,233.5,239.2,48.3,PASS
blk_aligned_mt_c2,16384,64,128,16,288,9.2007,0.4816,9.1205,10.4667,187.5,233.4,236.5,48.3,PASS
blk_aligned_mt_nd,16384,64,8,4,288,9.2003,2.8909,9.0470,15.2073,81.5,233.4,238.1,48.3,PASS
blk_aligned_mt_c2,16384,64,256,4,288,9.2319,0.4496,9.1681,10.2227,185.9,232.6,235.1,48.1,PASS
rm_blk_mt,16384,64,16,16,288,9.2311,0.7076,9.0376,11.0203,163.7,232.6,240.1,48.1,PASS
blk_naive_c2_nd,16384,64,32,8,288,9.2325,0.9729,8.3165,10.9764,148.4,232.6,280.0,48.1,PASS
blk_aligned_mt_c2,16384,64,64,8,288,9.2645,0.3556,9.1978,10.0585,190.1,231.8,233.8,47.9,PASS
locbuf_2buf,16384,32,32,8,288,9.2765,0.3668,9.0510,9.5244,185.7,231.5,239.8,47.9,PASS
locbuf_c2,16384,64,32,8,288,9.3014,0.5864,9.2153,11.0208,179.4,230.9,234.3,47.8,PASS
blk_aligned_mt_c2,16384,64,128,32,288,9.3064,2.2666,9.2780,11.1459,68.1,230.8,231.7,47.7,PASS
blk_aligned_mt_c2,16384,64,256,32,288,9.3125,0.5624,9.2758,11.1468,180.4,230.6,231.8,47.7,PASS
blk_aligned_mt,16384,64,32,32,288,9.3361,0.5711,9.2144,10.0072,152.7,230.0,235.0,47.6,PASS
blk_aligned_mt_c2,16384,64,64,16,288,9.3621,0.3349,9.2930,10.2306,193.2,229.4,231.5,47.4,PASS
blk_aligned_mt_c2,16384,64,256,8,288,9.3756,0.5977,9.3210,10.8930,169.3,229.1,231.2,47.4,PASS
blk_aligned_mt_c2,16384,64,32,16,288,9.3951,0.6358,9.3237,11.2305,173.5,228.6,231.2,47.3,PASS
blk_aligned_mt_c2,16384,64,32,32,288,9.4521,0.4184,9.4089,9.8271,167.6,227.2,228.8,47.0,PASS
locbuf_blk_mt,16384,64,32,4,288,9.4604,0.3345,9.4179,10.3410,188.6,227.0,229.0,46.9,PASS
blk_naive_nd,16384,64,512,8,288,9.4841,1.6831,9.2940,13.0050,95.2,226.4,232.8,46.8,PASS
locbuf_blk_mt_c2,16384,64,64,8,288,9.4911,0.4366,9.4481,10.6455,183.3,226.3,227.7,46.8,PASS
locbuf,16384,16,32,8,288,9.5100,0.7756,8.9781,10.7665,139.5,225.8,243.4,46.7,PASS
rm_blk_mt_c2,16384,64,512,8,288,9.5155,0.2773,9.2840,10.1747,200.3,225.7,232.6,46.7,PASS
blk_tiled_c2,16384,64,32,8,288,9.5226,2.1239,9.4058,9.8060,70.2,225.5,229.1,46.6,PASS
locbuf_blk_mt_c2,16384,64,512,8,288,9.5346,0.4368,9.4827,10.2761,171.6,225.2,227.4,46.6,PASS
locbuf_blk_mt_c2_nd,16384,64,128,4,288,9.5381,6.3424,9.4079,12.4752,29.4,225.1,230.3,46.6,PASS
blk_tiled,16384,64,32,8,288,9.5620,1.0652,9.0909,11.5968,144.9,224.6,238.0,46.4,PASS
locbuf_blk_mt,16384,64,64,8,288,9.5836,0.8182,9.4821,11.9815,159.8,224.1,227.8,46.3,PASS
tiled_c2,16384,64,32,8,288,9.6201,0.8030,9.5389,11.5225,153.7,223.2,225.3,46.2,PASS
rm_blk_mt_c2,16384,64,64,8,288,9.6210,0.4835,9.5279,11.0413,178.5,223.2,225.8,46.2,PASS
locbuf_2buf,16384,64,32,8,288,9.6405,0.2184,9.5300,9.8143,183.8,222.8,228.2,46.1,PASS
tiled_c2,16384,16,32,8,288,9.6670,0.6924,9.6008,11.0094,159.0,222.1,224.3,45.9,PASS
blk_aligned_mt,16384,64,32,8,288,9.6705,0.5479,9.1769,10.3342,174.3,222.1,235.3,45.9,PASS
blk_tiled_c2,16384,64,64,8,288,9.6725,0.7979,9.6102,12.0923,155.3,222.0,224.2,45.9,PASS
rm_blk_c2,16384,64,16,8,288,9.6895,0.8842,9.6101,11.9793,137.1,221.6,227.1,45.8,PASS
blk_aligned_c2,16384,64,32,8,288,9.7245,0.8184,9.5878,11.9352,159.5,220.8,226.3,45.7,PASS
locbuf_2buf_c2,16384,128,32,8,288,9.7599,0.6288,9.6537,11.5064,171.7,220.0,223.0,45.5,PASS
blk_naive_c2_nd,16384,64,512,8,288,9.8275,1.0798,9.2422,12.1530,144.6,218.5,236.1,45.2,PASS
locbuf_2buf_c2,16384,16,32,8,288,9.8770,0.7243,9.7593,11.7052,157.2,217.4,222.2,45.0,PASS
tiled_c2,16384,128,32,8,288,9.8995,3.4571,9.7839,11.6312,48.3,216.9,220.5,44.9,PASS
rm_blk_mt_c2,16384,64,64,16,288,9.9101,0.8056,9.7748,11.5967,159.3,216.7,221.5,44.8,PASS
rm_blk_mt_c2,16384,64,32,32,288,9.9421,0.7419,9.8308,11.5291,146.2,216.0,219.6,44.7,PASS
locbuf_blk_mt_c2,16384,64,64,4,288,10.0094,0.8533,9.8957,11.1822,134.4,214.5,231.1,44.4,PASS
rm_blk_c2,16384,64,128,8,288,10.0125,0.4688,9.9026,11.0931,162.8,214.5,217.4,44.4,PASS
blk_naive_nd,16384,64,128,8,288,10.0120,1.1119,9.1837,12.7228,150.1,214.5,236.6,44.4,PASS
blk_aligned_mt,16384,64,64,8,288,10.0555,0.7524,9.8624,11.2442,142.5,213.6,222.2,44.2,PASS
blk_aligned_c2,16384,64,128,8,288,10.0656,0.8674,10.0410,12.8838,158.3,213.4,214.3,44.1,PASS
locbuf_blk_mt_c2,16384,64,256,8,288,10.0645,0.6627,10.0240,11.5348,155.9,213.4,214.9,44.1,PASS
locbuf_blk_mt,16384,64,16,4,288,10.0685,1.2559,10.0150,11.7152,98.4,213.3,214.9,44.1,PASS
blk_aligned_mt_c2,16384,64,64,4,288,10.1774,1.6523,10.1279,11.0915,80.9,211.0,212.5,43.6,PASS
blk_aligned_mt,16384,64,64,4,288,10.1939,0.4138,10.1251,10.7420,171.9,210.7,213.6,43.6,PASS
rm_blk_mt_c2,16384,64,128,16,288,10.2175,0.5132,10.0100,11.4368,167.2,210.2,215.5,43.5,PASS
locbuf_blk_mt,16384,64,64,16,288,10.2365,0.7864,10.1521,12.6405,153.9,209.8,211.8,43.4,PASS
blk_aligned_mt,16384,64,32,16,288,10.2561,0.5007,9.5646,10.4760,170.2,209.4,232.9,43.3,PASS
blk_naive_nd,16384,64,256,8,288,10.2791,2.5715,9.1067,12.3706,62.8,208.9,243.1,43.2,PASS
blk_aligned_mt,16384,64,64,16,288,10.3769,0.3829,10.1766,11.4178,182.1,206.9,211.6,42.8,PASS
blk_aligned_mt,16384,64,16,8,288,10.3959,0.5615,10.1964,12.0608,167.8,206.6,211.5,42.7,PASS
tiled,16384,64,32,8,288,10.4005,0.4296,10.3151,10.6461,168.0,206.5,208.8,42.7,PASS
rm_blk_mt_c2,16384,64,64,32,288,10.4029,0.5590,10.3245,12.2081,166.8,206.4,208.5,42.7,PASS
locbuf_blk_mt,16384,64,64,4,288,10.4655,0.3899,10.3979,10.7093,165.8,205.2,207.3,42.4,PASS
locbuf_blk_mt,16384,64,128,32,288,10.5010,0.2355,10.3733,10.6975,176.6,204.5,207.5,42.3,PASS
tiled_c2,16384,32,32,8,288,10.5300,0.6336,10.4431,12.2349,158.8,203.9,207.3,42.2,PASS
blk_aligned_c2,16384,64,64,8,288,10.6920,0.7013,10.5038,12.7785,149.5,200.9,205.7,41.5,PASS
blk_tiled_c2,16384,64,256,8,288,10.7061,0.3756,10.6158,11.3826,170.0,200.6,202.8,41.5,PASS
rm_blk_mt_c2,16384,64,16,16,288,10.7244,0.7951,10.6429,13.0747,151.6,200.2,203.3,41.4,PASS
rm_blk_mt_nd,16384,64,256,4,288,10.7596,0.4184,10.5020,11.7539,168.5,199.6,210.6,41.3,PASS
locbuf_2buf,16384,128,32,8,288,10.7720,0.3719,10.6295,11.3441,160.5,199.4,204.2,41.2,PASS
blk_naive_nd,16384,64,64,8,288,10.7945,1.1042,9.3037,13.2391,144.3,198.9,238.2,41.1,PASS
blk_tiled_c2,16384,64,16,8,288,10.8420,0.5655,10.5289,12.2782,153.1,198.1,206.5,41.0,PASS
locbuf_blk_mt,16384,64,256,32,288,10.8706,0.7759,10.2756,12.5435,136.0,197.6,214.6,40.9,PASS
locbuf_blk_mt,16384,64,256,8,288,10.8835,0.8948,10.7536,13.5890,145.2,197.3,200.3,40.8,PASS
blk_naive_c2_nd,16384,64,256,8,288,10.9260,1.0902,9.3849,12.8540,149.9,196.5,247.5,40.7,PASS
rm_blk_mt_c2,16384,64,128,32,288,10.9760,0.5247,10.8595,12.5911,162.8,195.7,198.4,40.5,PASS
blk_naive_c2_nd,16384,64,64,8,288,10.9855,1.4288,9.1374,14.3934,140.1,195.5,239.6,40.4,PASS
hptt,16384,0,32,0,288,10.9916,0.3017,10.9129,11.7425,167.7,195.4,197.4,40.4,PASS
rm_blk_mt,16384,64,16,8,288,11.0745,0.1700,11.0151,11.2724,173.8,193.9,195.7,40.1,PASS
blk_tiled,16384,64,16,8,288,11.1225,0.5602,10.7851,11.8985,142.6,193.1,200.6,39.9,PASS
blk_aligned_mt_c2,16384,64,128,4,288,11.2121,0.3767,11.1247,11.6121,157.6,191.5,194.9,39.6,PASS
blk_aligned_mt,16384,64,64,32,288,11.2284,0.6062,10.8643,11.8541,142.7,191.3,199.0,39.6,PASS
blk_aligned_mt,16384,64,128,4,288,11.2636,0.5507,11.2258,12.6258,141.7,190.7,191.7,39.4,PASS
blk_naive_c2_nd,16384,64,128,8,288,11.2690,1.3219,9.6318,14.2173,141.0,190.6,238.5,39.4,PASS
blk_aligned_c2,16384,64,16,8,288,11.2860,0.7281,11.1976,13.4207,145.8,190.3,192.5,39.4,PASS
rm_blk_mt_c2,16384,64,512,32,288,11.2865,0.1263,11.2099,11.4274,176.3,190.3,192.0,39.4,PASS
rm_blk_mt_c2,16384,64,32,8,288,11.3065,0.5605,11.2400,12.6608,147.6,189.9,191.3,39.3,PASS
blk_tiled_c2,16384,64,128,8,288,11.3641,0.3455,11.2997,12.3743,165.1,189.0,190.6,39.1,PASS
locbuf_blk,16384,64,512,8,288,11.5471,0.6067,11.4691,11.7470,124.0,186.0,187.6,38.5,PASS
locbuf_blk_mt_c2,16384,64,16,4,288,11.5505,0.4255,11.4938,12.3065,152.5,185.9,187.4,38.5,PASS
rm_blk_mt_c2,16384,64,64,4,288,11.5969,0.6446,11.3850,13.5822,148.9,185.2,189.7,38.3,PASS
blk_aligned_mt_nd,16384,64,128,4,288,11.6246,0.4967,11.4465,12.2828,135.2,184.7,188.6,38.2,PASS
rm_blk,16384,64,64,8,288,11.6384,0.7437,11.4926,14.0633,144.2,184.5,188.9,38.2,PASS
blk_tiled,16384,64,256,8,288,11.6795,0.2307,11.5299,11.9494,159.0,183.9,187.9,38.0,PASS
tiled,16384,16,32,8,288,11.7165,2.3852,11.5847,12.8909,60.7,183.3,187.9,37.9,PASS
blk_aligned_mt_c2,16384,64,512,4,288,11.7315,0.4923,11.6901,12.7569,138.3,183.1,184.0,37.9,PASS
blk_tiled,16384,64,512,8,288,11.7410,0.3674,11.6308,11.9360,142.5,182.9,185.5,37.8,PASS
rm_blk,16384,64,32,8,288,11.7511,0.2587,11.6619,11.8537,157.8,182.7,185.2,37.8,PASS
blk_tiled_c2,16384,64,8,8,288,11.8085,0.3959,11.6590,12.0310,144.5,181.9,184.6,37.6,PASS
blk_aligned_mt_c2,16384,64,16,8,288,11.8165,0.6732,11.7818,13.8358,140.5,181.7,182.5,37.6,PASS
blk_aligned_mt,16384,64,32,4,288,11.8316,0.5778,11.7079,13.5834,148.6,181.5,185.5,37.5,PASS
rm_blk_mt_nd,16384,64,256,8,288,11.9840,0.7886,11.7946,14.4558,132.5,179.2,183.2,37.1,PASS
blk_aligned,16384,64,64,8,288,12.0159,0.4583,11.8717,13.1354,147.0,178.7,181.7,37.0,PASS
locbuf_blk_mt,16384,64,32,8,288,12.0270,0.7641,11.8688,13.8460,137.7,178.6,181.6,36.9,PASS
blk_aligned_nd,16384,64,128,8,288,12.0540,0.3654,11.9400,12.3123,137.9,178.2,180.5,36.8,PASS
rm_blk_mt,16384,64,64,16,288,12.0735,0.5260,11.9418,12.9869,133.8,177.9,180.9,36.8,PASS
blk_tiled,16384,64,64,8,288,12.0821,1.9672,11.9627,14.7084,71.8,177.7,180.3,36.8,PASS
rm_blk_mt_c2,16384,64,256,32,288,12.0909,0.6230,11.8368,13.6539,140.1,177.6,182.0,36.7,PASS
blk_aligned_mt,16384,64,16,4,288,12.1145,0.5289,11.9411,13.2602,138.3,177.3,180.8,36.7,PASS
rm_blk_mt,16384,64,64,32,288,12.1135,0.8372,11.9617,13.8732,120.2,177.3,180.9,36.7,PASS
rm_blk_c2_nd,16384,64,8,8,288,12.1665,0.4354,11.8889,13.1146,141.9,176.5,182.6,36.5,PASS
rm_blk,16384,64,16,8,288,12.2144,0.8153,12.1168,14.4618,130.7,175.8,177.9,36.4,PASS
blk_tiled,16384,64,8,8,288,12.2275,0.3893,12.0799,12.6990,142.7,175.6,179.1,36.3,PASS
blk_aligned_mt_c2,16384,64,16,16,288,12.2540,0.6207,12.2158,13.7753,131.1,175.2,175.9,36.2,PASS
rm_blk_mt_c2_nd,16384,64,8,4,288,12.2669,0.8573,11.9910,13.3283,111.1,175.1,182.3,36.2,PASS
rm_blk_mt_c2,16384,64,128,4,288,12.3044,0.4033,12.2185,12.7101,136.6,174.5,176.5,36.1,PASS
rm_blk_mt_c2,16384,64,32,4,288,12.3720,0.5207,12.2469,13.8171,142.3,173.6,176.0,35.9,PASS
rm_blk_mt_c2,16384,64,32,16,288,12.3705,0.5449,12.1516,13.7016,141.4,173.6,179.2,35.9,PASS
rm_blk_mt_c2_nd,16384,64,8,8,288,12.4059,2.0008,12.2830,14.0990,68.5,173.1,176.5,35.8,PASS
rm_blk_mt,16384,64,32,32,288,12.4195,0.8028,12.2233,14.6378,134.6,172.9,182.1,35.8,PASS
locbuf_blk_mt_c2,16384,64,16,8,288,12.4705,0.6231,12.2803,14.4124,140.0,172.2,176.9,35.6,PASS
blk_aligned_c2,16384,64,512,8,288,12.4760,0.5609,12.3886,13.9909,140.8,172.1,175.0,35.6,PASS
blk_tiled_c2,16384,64,512,8,288,12.4885,0.9365,12.3751,14.5712,113.9,172.0,174.4,35.6,PASS
locbuf_blk_mt,16384,64,128,8,288,12.5160,1.2338,12.3839,16.1469,123.4,171.6,173.8,35.5,PASS
blk_aligned_mt,16384,64,16,16,288,12.5375,0.6987,12.1920,14.4650,134.2,171.3,183.8,35.4,PASS
rm_blk_c2,16384,64,8,8,288,12.6281,0.7706,11.8569,14.5661,133.6,170.1,189.4,35.2,PASS
rm_blk_mt_c2,16384,64,512,16,288,12.6815,0.0894,12.6419,12.7421,158.6,169.3,170.2,35.0,PASS
blk_aligned,16384,64,128,8,288,12.7025,0.1582,12.6659,12.8166,154.4,169.1,169.8,35.0,PASS
locbuf_blk_nd,16384,64,256,8,288,12.7144,0.2067,12.4672,13.0520,157.2,168.9,174.6,34.9,PASS
rm_blk_mt_c2,16384,64,256,16,288,12.7616,0.4057,12.1850,13.4786,153.5,168.3,177.3,34.8,PASS
rm_blk_mt,16384,64,64,8,288,12.8167,0.3303,12.6646,13.2017,141.5,167.6,170.1,34.7,PASS
rm_blk_mt_c2,16384,64,256,4,288,12.8155,0.4628,12.6634,13.2471,128.9,167.6,170.6,34.7,PASS
rm_blk_c2,16384,64,256,8,288,12.9325,0.4515,12.7660,13.7630,134.2,166.1,169.6,34.3,PASS
rm_blk_mt_c2,16384,64,8,4,288,12.9704,0.4285,12.8538,13.9496,139.7,165.6,168.5,34.2,PASS
rm_blk_mt_c2,16384,64,128,8,288,12.9925,0.5063,12.8049,13.6294,134.1,165.3,168.9,34.2,PASS
blk_aligned_mt_c2_nd,16384,64,512,8,288,12.9950,2.0144,12.2317,14.2596,67.7,165.3,175.9,34.2,PASS
blk_aligned_mt,16384,64,128,16,288,12.9991,0.3705,12.9079,13.2074,139.2,165.2,166.8,34.2,PASS
blk_aligned_mt,16384,64,128,8,288,13.1015,0.2090,13.0237,13.2465,143.1,163.9,165.3,33.9,PASS
blk_aligned_mt_c2,16384,64,512,16,288,13.1351,1.0215,13.0398,16.0992,115.5,163.5,165.5,33.8,PASS
locbuf_blk_mt_nd,16384,64,128,8,288,13.1540,2.8238,13.0648,13.3571,51.7,163.3,165.4,33.8,PASS
locbuf_nd,16384,128,32,8,288,13.1935,0.3571,12.9675,13.7156,138.1,162.8,166.9,33.7,PASS
locbuf_blk_mt,16384,64,16,8,288,13.1996,0.3486,12.8925,13.7810,146.2,162.7,168.9,33.6,PASS
locbuf_blk_mt_nd,16384,64,256,32,288,13.2926,0.7213,12.8837,14.3595,110.7,161.6,168.7,33.4,PASS
locbuf_blk_mt_nd,16384,64,256,16,288,13.3666,0.6714,13.0563,14.0575,113.5,160.7,167.9,33.2,PASS
rm_blk_mt,16384,64,32,8,288,13.3690,0.4575,13.2839,14.8532,135.5,160.6,162.5,33.2,PASS
blk_aligned_mt_nd,16384,64,128,32,288,13.4741,0.2290,13.2661,13.8622,145.9,159.4,163.2,33.0,PASS
rm_blk_nd,16384,64,8,8,288,13.4915,0.5892,13.1926,14.6958,134.1,159.2,164.1,32.9,PASS
rm_blk_mt,16384,64,8,4,288,13.4990,0.6404,13.3994,14.9787,119.3,159.1,160.9,32.9,PASS
locbuf_blk_mt_c2,16384,64,128,4,288,13.5241,0.1136,13.3879,13.7367,153.3,158.8,161.3,32.8,PASS
blk_aligned_mt,16384,64,256,32,288,13.6009,0.9405,13.4959,16.3035,120.3,157.9,159.7,32.7,PASS
rm_blk_mt_nd,16384,64,256,16,288,13.6404,0.8024,13.3004,15.7579,125.2,157.4,162.4,32.6,PASS
rm_blk_mt_nd,16384,64,8,8,288,13.7260,0.5862,13.6139,14.8616,127.2,156.5,158.9,32.4,PASS
locbuf_blk,16384,64,256,8,288,13.7305,0.7967,13.0968,15.3830,128.8,156.4,165.4,32.3,PASS
blk_aligned_mt_c2_nd,16384,64,512,16,288,13.7596,0.8735,13.5336,15.8075,118.9,156.1,159.3,32.3,PASS
tiled,16384,32,32,8,288,13.7811,0.5670,13.5456,15.3891,128.5,155.8,159.8,32.2,PASS
blk_aligned_mt_c2,16384,64,512,8,288,13.8669,0.7078,13.7258,15.2897,117.4,154.9,156.8,32.0,PASS
locbuf_blk_mt_nd,16384,64,128,16,288,13.9040,0.1527,13.7678,14.1923,145.5,154.5,158.1,31.9,PASS
rm_blk_mt,16384,64,128,16,288,13.9043,1.6022,13.8134,14.1157,71.6,154.4,155.7,31.9,PASS
rm_blk_mt,16384,64,128,8,288,14.0185,0.2599,13.9191,14.1396,130.3,153.2,154.5,31.7,PASS
blk_aligned,16384,64,16,8,288,14.0749,0.9307,13.9150,16.4590,115.0,152.6,154.7,31.6,PASS
rm_blk_mt,16384,64,32,16,288,14.1294,0.3459,14.0043,14.3107,124.0,152.0,155.2,31.4,PASS
locbuf_blk_mt,16384,64,512,8,288,14.1976,0.1731,14.0858,14.5571,140.2,151.3,153.5,31.3,PASS
tiled,16384,128,32,8,288,14.2090,0.5149,14.0658,14.5798,125.9,151.1,153.5,31.3,PASS
rm_blk_mt_c2,16384,64,8,8,288,14.2086,0.4906,14.1073,15.4996,129.7,151.1,152.7,31.3,PASS
rm_blk_mt,16384,64,128,32,288,14.3485,0.1685,14.1671,14.7350,144.9,149.7,152.2,31.0,PASS
rm_blk_mt,16384,64,8,8,288,14.3565,0.6211,14.2519,15.6715,119.4,149.6,150.9,30.9,PASS
locbuf_blk_mt,16384,64,512,32,288,14.3710,0.5068,14.1059,14.9908,117.5,149.4,152.8,30.9,PASS
rm_blk_mt_nd,16384,64,128,4,288,14.3706,0.7497,14.2369,16.9078,124.4,149.4,151.4,30.9,PASS
rm_blk_mt_c2,16384,64,512,4,288,14.3811,1.8760,13.2021,15.9209,67.8,149.3,169.2,30.9,PASS
rm_blk_mt_nd,16384,64,8,4,288,14.4305,0.6138,14.2737,15.1688,118.9,148.8,151.1,30.8,PASS
locbuf_2buf_nd,16384,128,32,8,288,14.4490,0.2139,14.2678,14.7385,137.6,148.6,151.8,30.7,PASS
rm_blk_mt,16384,64,32,4,288,14.5175,0.2849,14.3247,14.6842,125.1,147.9,152.0,30.6,PASS
rm_blk_mt_nd,16384,64,128,8,288,14.6370,0.3382,14.5436,15.0180,128.0,146.7,150.1,30.3,PASS
rm_blk_mt,16384,64,128,4,288,14.6919,0.7651,14.5558,16.8141,119.8,146.2,148.6,30.2,PASS
rm_blk_mt_nd,16384,64,128,16,288,14.8280,0.3299,14.6939,15.6341,126.9,144.8,146.8,30.0,PASS
rm_blk_mt_nd,16384,64,128,32,288,15.1701,0.4972,15.0194,16.6257,123.6,141.6,144.2,29.3,PASS
blk_aligned_mt_c2,16384,64,8,4,288,15.4821,0.4365,15.4020,16.5542,123.5,138.7,139.6,28.7,PASS
rm_blk_nd,16384,64,128,8,288,15.5200,0.8679,15.3658,16.8228,94.2,138.4,140.4,28.6,PASS
blk_aligned_nd,16384,64,256,8,288,15.5720,0.6195,15.1757,16.6494,106.9,137.9,143.1,28.5,PASS
rm_blk_mt_c2,16384,64,256,8,288,15.7100,0.4789,15.4912,16.7147,122.4,136.7,142.3,28.3,PASS
tiled_nd,16384,128,32,8,288,15.8186,0.8706,15.2475,17.5390,108.9,135.8,141.7,28.1,PASS
blk_aligned_mt,16384,64,512,32,288,15.9763,0.6631,15.9119,18.0058,109.7,134.4,135.2,27.8,PASS
blk_aligned_mt_nd,16384,64,128,16,288,16.0366,0.2827,15.5599,16.3999,128.5,133.9,138.6,27.7,PASS
rm_blk_c2,16384,64,512,8,288,16.1430,0.6219,15.8180,17.2846,110.7,133.0,137.1,27.5,PASS
rm_blk,16384,64,8,8,288,16.2135,0.6018,15.9095,17.8310,110.8,132.4,137.8,27.4,PASS
blk_aligned_mt,16384,64,8,4,288,16.2516,0.7009,16.1761,18.0688,106.3,132.1,134.0,27.3,PASS
locbuf_blk_mt,16384,64,512,16,288,16.3701,0.4399,15.7944,16.9176,111.7,131.2,136.8,27.1,PASS
locbuf_blk_mt,16384,64,128,16,288,16.4020,0.9418,16.0199,18.7161,99.3,130.9,134.5,27.1,PASS
blk_aligned_mt_nd,16384,64,256,4,288,16.4975,0.3264,16.2802,16.7607,110.4,130.2,132.9,26.9,PASS
blk_aligned_mt_nd,16384,64,128,8,288,16.5030,0.2819,16.4189,16.6469,114.1,130.1,131.2,26.9,PASS
locbuf_blk_mt,16384,64,256,16,288,16.6939,0.5286,16.3829,17.3278,102.1,128.6,132.0,26.6,PASS
blk_aligned_mt,16384,64,128,32,288,16.7310,1.3649,16.4839,20.1778,96.3,128.4,130.7,26.5,PASS
blk_aligned_mt_c2,16384,64,8,8,288,16.7196,0.5758,16.6638,18.4505,113.1,128.4,129.1,26.6,PASS
blk_aligned_c2,16384,64,8,8,288,16.8350,1.5153,16.6936,18.6124,69.3,127.6,129.0,26.4,PASS
rm_blk_mt_nd,16384,64,256,32,288,16.9979,10.4174,16.6855,17.9450,17.8,126.3,132.3,26.1,PASS
locbuf_blk_nd,16384,64,512,8,288,17.5390,0.3966,17.4374,17.9078,102.1,122.4,124.1,25.3,PASS
blk_naive_c2_nd,16384,64,16,8,288,17.5786,0.5855,17.1462,18.6618,105.4,122.2,126.5,25.3,PASS
blk_naive_nd,16384,64,16,8,288,17.6895,1.1097,17.2722,18.7697,80.3,121.4,125.3,25.1,PASS
locbuf_blk_mt_nd,16384,64,512,32,288,17.7934,0.2110,17.3837,18.1030,118.1,120.7,125.1,25.0,PASS
rm_blk,16384,64,128,8,288,17.9839,0.9985,17.4975,20.4171,99.0,119.4,123.1,24.7,PASS
rm_blk_mt_nd,16384,64,512,8,288,18.4771,0.6689,17.4168,18.9232,108.5,116.2,124.1,24.0,PASS
locbuf_blk_mt_nd,16384,64,256,8,288,18.5345,0.2252,18.3176,18.8984,107.6,115.9,117.7,24.0,PASS
blk_aligned_mt,16384,64,256,4,288,18.5615,1.3253,18.1536,21.9023,93.9,115.7,118.8,23.9,PASS
blk_aligned_mt,16384,64,512,4,288,18.8920,0.2494,18.7558,19.3831,107.0,113.7,114.9,23.5,PASS
rm_blk_nd,16384,64,256,8,288,18.8864,1.6570,18.4375,19.2772,61.3,113.7,118.2,23.5,PASS
rm_blk_mt,16384,64,256,32,288,19.1441,1.4118,18.6729,22.7976,88.5,112.2,115.4,23.2,PASS
locbuf_blk_mt_c2_nd,16384,64,256,4,288,19.5875,3.5788,18.5479,22.6746,49.2,109.6,116.0,22.7,PASS
locbuf_blk_mt,16384,64,128,4,288,19.8181,1.2227,19.7102,20.5817,67.5,108.4,109.3,22.4,PASS
rm_blk_mt_nd,16384,64,512,4,288,19.8646,0.9181,17.8052,20.3573,100.7,108.1,121.9,22.4,PASS
blk_aligned,16384,64,8,8,288,19.9244,0.6757,19.6851,21.2144,88.9,107.8,110.0,22.3,PASS
blk_aligned_mt,16384,64,8,8,288,20.2640,0.7421,19.9798,21.7322,87.7,106.0,108.0,21.9,PASS
locbuf_blk_mt_c2,16384,64,256,4,288,20.5096,5.9644,19.7348,23.4279,27.1,104.7,109.5,21.7,PASS
rm_blk_mt_nd,16384,64,512,16,288,21.1550,0.2500,20.8550,21.6059,97.1,101.5,103.5,21.0,PASS
blk_aligned,16384,64,512,8,288,22.1226,0.2070,21.9821,22.4989,93.2,97.1,98.0,20.1,PASS
blk_aligned,16384,64,256,8,288,22.1955,1.2611,21.8898,25.2385,79.7,96.8,98.5,20.0,PASS
locbuf_blk_mt_nd,16384,64,128,4,288,22.3540,0.4639,22.2219,23.4010,85.4,96.1,96.9,19.9,PASS
rm_blk_mt,16384,64,512,16,288,22.6209,1.4588,22.5076,23.9657,64.1,94.9,95.7,19.6,PASS
rm_blk_mt,16384,64,512,4,288,22.9431,0.5813,22.1196,23.6785,86.2,93.6,97.5,19.4,PASS
rm_blk_mt,16384,64,512,8,288,23.3099,0.3423,23.0345,23.8314,84.7,92.1,93.9,19.1,PASS
blk_aligned_mt_nd,16384,64,256,32,288,23.4300,0.2898,23.2229,23.8748,85.3,91.7,93.3,19.0,PASS
rm_blk_mt,16384,64,256,16,288,24.4715,1.0793,23.7216,27.3838,73.9,87.8,91.8,18.1,PASS
blk_aligned_mt,16384,64,256,16,288,25.0956,1.8177,23.3609,28.0382,74.5,85.6,92.2,17.7,PASS
blk_aligned_nd,16384,64,512,8,288,25.1546,0.1789,25.0619,25.3631,80.7,85.4,85.8,17.7,PASS
rm_blk_mt,16384,64,256,4,288,25.1714,2.0273,24.1458,30.3934,69.7,85.3,91.1,17.6,PASS
rm_blk_mt_nd,16384,64,512,32,288,25.3180,10.2262,24.0857,26.9356,16.8,84.8,90.0,17.5,PASS
rm_blk,16384,64,256,8,288,25.8445,0.6267,25.7439,27.5027,76.3,83.1,83.5,17.2,PASS
blk_aligned_mt_nd,16384,64,512,4,288,26.1785,1.7767,25.6623,27.0203,49.3,82.0,84.0,17.0,PASS
locbuf_blk_mt_nd,16384,64,512,16,288,26.2616,1.4669,23.8604,28.4014,71.5,81.8,97.4,16.9,PASS
rm_blk_mt,16384,64,256,8,288,26.5639,3.1319,25.1668,36.6604,53.0,80.8,86.8,16.7,PASS
rm_blk,16384,64,512,8,288,26.9750,2.1889,26.5256,28.5403,44.3,79.6,81.6,16.5,PASS
blk_aligned_mt,16384,64,256,8,288,27.0795,1.8140,26.1288,30.8627,61.3,79.3,82.7,16.4,PASS
locbuf_blk_mt_nd,16384,64,512,8,288,27.1595,0.1604,26.9907,27.4420,76.9,79.1,79.8,16.4,PASS
rm_blk_mt,16384,64,512,32,288,29.5260,0.4486,29.3321,29.9713,66.5,72.7,73.4,15.0,PASS
rm_blk_nd,16384,64,512,8,288,30.8770,0.6258,30.1672,31.7888,61.7,69.5,71.8,14.4,PASS
blk_naive_c2,16384,64,64,8,288,35.3945,0.7944,34.9790,37.4367,53.6,60.7,61.6,12.5,PASS
blk_aligned_mt_nd,16384,64,256,8,288,39.2790,0.2517,38.9675,39.7066,53.1,54.7,55.3,11.3,PASS
blk_aligned_mt_nd,16384,64,512,32,288,40.6185,1.0562,40.3197,41.3912,45.6,52.9,53.7,10.9,PASS
blk_naive,16384,64,512,8,288,40.6401,0.4823,40.2138,41.1336,49.5,52.8,53.5,10.9,PASS
locbuf_blk_mt_c2,16384,64,512,4,288,41.5545,5.1318,39.5291,43.5143,23.5,51.7,54.4,10.7,PASS
locbuf_blk_mt_c2_nd,16384,64,512,4,288,41.4995,1.5416,40.1824,43.0382,40.3,51.7,53.8,10.7,PASS
blk_aligned_mt_nd,16384,64,256,16,288,44.2636,0.2986,44.0127,44.8895,46.8,48.5,48.9,10.0,PASS
naive,16384,64,32,8,288,45.0541,0.6966,44.7332,46.6555,43.5,47.7,48.2,9.9,PASS
blk_naive_c2,16384,64,128,8,288,45.4044,0.7321,44.6737,46.8232,44.5,47.3,48.4,9.8,PASS
blk_naive,16384,64,64,8,288,48.9320,0.8657,47.9476,50.1274,40.7,43.9,45.3,9.1,PASS
blk_naive_c2,16384,64,256,8,288,50.0629,1.4057,49.2431,50.7632,33.9,42.9,43.8,8.9,PASS
blk_naive_nd,16384,64,8,8,288,50.5264,0.6798,50.3033,51.7337,39.3,42.5,42.9,8.8,PASS
blk_naive_c2,16384,64,512,8,288,50.8560,0.7526,49.8934,52.1885,40.5,42.2,43.6,8.7,PASS
naive_c2,16384,64,32,8,288,52.6191,0.5591,52.2780,53.5544,38.8,40.8,41.3,8.4,PASS
blk_naive_c2_nd,16384,64,8,8,288,52.7755,0.4926,52.5359,53.7970,38.6,40.7,41.0,8.4,PASS
blk_naive,16384,64,128,8,288,58.4650,0.6728,57.8405,60.0722,35.1,36.7,37.2,7.6,PASS
blk_naive,16384,64,256,8,288,61.8501,0.6618,61.3851,63.4714,33.2,34.7,35.1,7.2,PASS
locbuf_blk_mt,16384,64,256,4,288,71.6450,3.1575,67.0605,73.1054,23.0,30.0,32.2,6.2,PASS
naive_c2_nd,16384,64,32,8,288,77.1490,0.4183,76.7441,77.8890,27.0,27.8,28.1,5.8,PASS
locbuf_blk_mt_nd,16384,64,256,4,288,77.6800,1.0323,77.2814,80.3309,25.6,27.6,27.8,5.7,PASS
blk_aligned_mt,16384,64,512,8,288,79.5784,2.9383,78.7867,81.0270,19.9,27.0,27.3,5.6,PASS
blk_naive_c2,16384,64,32,8,288,80.4706,1.6813,77.8925,83.4313,25.4,26.7,27.6,5.5,PASS
naive_nd,16384,64,32,8,288,80.8131,0.5152,80.4270,81.3432,25.4,26.6,26.8,5.5,PASS
blk_naive,16384,64,32,8,288,81.6270,5.7333,79.0953,85.7593,15.8,26.3,27.3,5.4,PASS
blk_naive,16384,64,16,8,288,83.7585,4.9897,82.6452,85.6571,16.1,25.6,26.1,5.3,PASS
blk_aligned_mt,16384,64,512,16,288,86.7341,0.8662,86.3799,88.9700,23.3,24.8,24.9,5.1,PASS
blk_aligned_mt_nd,16384,64,512,8,288,105.0400,0.4548,104.3108,105.3652,20.0,20.4,20.8,4.2,PASS
blk_naive_c2,16384,64,16,8,288,108.3405,6.8602,107.6724,115.3409,13.6,19.8,20.0,4.1,PASS
blk_aligned_mt_nd,16384,64,512,16,288,121.8824,1.6681,120.0637,125.6090,16.9,17.6,18.0,3.6,PASS
blk_naive,16384,64,8,8,288,198.1860,13.8742,184.1486,224.5833,8.6,10.8,12.1,2.2,PASS
locbuf_blk_mt,16384,64,512,4,288,297.5585,2.6768,297.0213,298.5559,6.6,7.2,7.2,1.5,PASS
locbuf_blk_mt_nd,16384,64,512,4,288,305.7145,1.7996,304.9615,306.7144,6.6,7.0,7.0,1.5,PASS
blk_naive_c2,16384,64,8,8,288,1277.6181,74.3447,1156.4317,1376.4681,1.5,1.7,2.3,0.3,PASS
